time,odom_x,odom_y,odom_theta,lidar_x,lidar_y,est_x,est_y,est_theta,diff,rate_of_change,expected_change,covariance_trace,linear_vel,angular_vel,anomaly_detected,attack_active
1757356695.0674765,0.0,0.0,-0.738,0.0,0.0,0.0,0.0,-0.38693460343841823,0.738,15.833715367223546,0.0,0.12120134949968389,0.0,0.0,0,0
1757356695.1791255,0.0,0.0,-0.738,0.0,0.0,0.0,0.0,-0.52542692288268,0.34924034225893497,0.0,0.0,0.08661993352143907,0.0,0.0,0,0
1757356695.1838253,0.0,0.0,-0.7381,0.0,0.0,0.0,0.0,-0.5957189031371153,0.2124559638989557,0.021708524403496392,0.0,0.07330073905451076,0.0,0.0,0,0
1757356695.1839185,0.0,0.0,-0.7382,0.0,0.0,0.0,0.0,-0.6385534064318669,0.14247847361936494,2.3045626373623835,0.0,0.06768587733970802,0.0,0.0,0,0
1757356695.2025886,0.0,0.0,-0.7383,0.0,0.0,0.0,0.0,-0.6680753885284999,0.09850609150583234,0.005377519648191005,0.0,0.06532836338999728,0.0,0.0,0,0
1757356695.2328274,0.0,0.0,-0.7383,0.0,0.0,0.0,0.0,-0.6893807543108301,0.06806762122729293,0.0,0.0,0.06441844344534678,0.0,0.0,0,0
1757356695.382717,0.0,0.0,-0.7384,0.0,0.0,0.0,0.0,-0.7122255883817122,0.03760570204623537,0.000667510782207295,0.0,0.06840334127529885,0.0,0.0,0,0
1757356695.3844824,0.0,0.0,-0.7385,0.0,0.0,0.0,0.0,-0.7198942162726351,0.026135154115940473,0.060393146148368534,0.0,0.06554359627045774,0.0,0.0,0,0
1757356695.3846002,0.0,0.0,-0.7386,0.0,0.0,0.0,0.0,-0.725129026190616,0.018699274671920896,1.3530012903224315,0.0,0.06415824558613714,0.0,0.0,0,0
1757356695.3873613,0.0,0.0,-0.7386,0.0,0.0,0.0,0.0,-0.7290198460470719,0.013222675342196566,0.0,0.0,0.06354328065943624,0.0,0.0,0,0
1757356695.399014,0.0,0.0,-0.7387,0.0,0.0,0.0,0.0,-0.7324379424804599,0.008626818587355145,0.008658940110240794,0.0,0.06336478155555714,0.0,0.0,0,0
1757356695.4324641,0.0,0.0,-0.7388,0.0,0.0,0.0,0.0,-0.7364155333492267,0.003293727555700121,0.0029937930049961014,0.0,0.06370011251806804,0.0,0.0,0,0
1757356695.5874312,0.0,0.0,-0.7389,0.0,0.0,0.0,0.0,-0.7469999523293434,0.011793964223931641,0.0006456868045591264,0.0,0.07008619408791408,0.0,0.0,0,0
1757356695.5879195,0.0,0.0,-0.7389,0.0,0.0,0.0,0.0,-0.7446554758898034,0.008135004205309437,0.0,0.0,0.06627171340121268,0.0,0.0,0,0
1757356695.5880141,0.0,0.0,-0.739,0.0,0.0,0.0,0.0,-0.7430639173449232,0.005659092867206561,2.4105195402296196,0.0,0.06450266093667152,0.0,0.0,0,0
1757356695.5908723,0.0,0.0,-0.7391,0.0,0.0,0.0,0.0,-0.7421395177030193,0.004202734541353004,0.036164028280734076,0.0,0.06372683282328763,0.0,0.0,0,0
1757356695.5992913,0.0,0.0,-0.7391,0.0,0.0,0.0,0.0,-0.7418254024839991,0.0037576685933287113,0.0,0.0,0.06344056770593468,0.0,0.0,0,0
1757356695.6325974,0.0,0.0,-0.7392,0.0,0.0,0.0,0.0,-0.7431524681295127,0.005467805789893476,0.003010078798926051,0.0,0.06385721112018018,0.0,0.0,0,0
1757356695.7922587,0.0,0.0,-0.7393,0.0,0.0,0.0,0.0,-0.7510852942070058,0.017399750025754335,0.0006266337386585181,0.0,0.07176859306144931,0.0,0.0,0,0
1757356695.7928488,0.0,0.0,-0.7393,0.0,0.0,0.0,0.0,-0.7476008193907767,0.011811210848757137,0.0,0.0,0.06703283762605826,0.0,0.0,0,0
1757356695.7929554,0.0,0.0,-0.7394,0.0,0.0,0.0,0.0,-0.7452741395571281,0.008207648674105283,1.1155063829786005,0.0,0.06486428533053368,0.0,0.0,0,0
1757356695.7956784,0.0,0.0,-0.7395,0.0,0.0,0.0,0.0,-0.7438089288485441,0.005968792163172809,0.03841641326254071,0.0,0.06390982977616123,0.0,0.0,0,0
1757356695.8026385,0.0,0.0,-0.7395,0.0,0.0,0.0,0.0,-0.742991469128859,0.004818106256899823,0.0,0.0,0.06352335499004397,0.0,0.0,0,0
1757356695.8326275,0.0,0.0,-0.7396,0.0,0.0,0.0,0.0,-0.7436402900777168,0.005591341700555419,0.0033415690054888407,0.0,0.06388858191124745,0.0,0.0,0,0
1757356695.9970007,0.0,0.0,-0.7397,0.0,0.0,0.0,0.0,-0.750362348533966,0.015897385094619243,0.0006086711208372087,0.0,0.07302291791242727,0.0,0.0,0,0
1757356695.9974778,0.0,0.0,-0.7397,0.0,0.0,0.0,0.0,-0.7471767995089807,0.010688834812082937,0.0,0.0,0.0675968741212855,0.0,0.0,0,0
1757356695.9975505,0.0,0.0,-0.7398,0.0,0.0,0.0,0.0,-0.7450690808823106,0.007379484347214249,2.3831272727270103,0.0,0.06512561444734827,0.0,0.0,0,0
1757356696.00143,0.0,0.0,-0.7399,0.0,0.0,0.0,0.0,-0.743796079342983,0.005405586064141654,0.026465825340734085,0.0,0.06408136726740579,0.0,0.0,0,0
1757356696.0015268,0.0,0.0,-0.7399,0.0,0.0,0.0,0.0,-0.7427265858532286,0.0038985997797978955,0.0,0.0,0.06345936702688738,0.0,0.0,0,0
1757356696.0348496,0.0,0.0,-0.74,0.0,0.0,0.0,0.0,-0.7434346182260427,0.0047561978882172395,0.0030260841960964885,0.0,0.06396512745691704,0.0,0.0,0,0
1757356696.201934,0.0,0.0,-0.7401,0.0,0.0,0.0,0.0,-0.7490729175388151,0.013478725906784783,0.0005989099315600856,0.0,0.074020700974441,0.0,0.0,0,0
1757356696.2025201,0.0,0.0,-0.7402,0.0,0.0,0.0,0.0,-0.7464037431331664,0.008900460210397032,0.2008766283524683,0.0,0.0680430782353263,0.0,0.0,0,0
1757356696.2026222,0.0,0.0,-0.7402,0.0,0.0,0.0,0.0,-0.7446233270439191,0.006205972169599727,0.0,0.0,0.0653317589409573,0.0,0.0,0,0
1757356696.205504,0.0,0.0,-0.7403,0.0,0.0,0.0,0.0,-0.743517437758915,0.00446704691098565,0.03588555783709393,0.0,0.06415429042505241,0.0,0.0,0,0
1757356696.205603,0.0,0.0,-0.7404,0.0,0.0,0.0,0.0,-0.7426609149417301,0.0031195009870613744,2.467237647058552,0.0,0.06349497295253897,0.0,0.0,0,0
1757356696.2326899,0.0,0.0,-0.7405,0.0,0.0,0.0,0.0,-0.7430466940485848,0.003522429309325781,0.0037139097711109885,0.0,0.06382382865459534,0.0,0.0,0,0
1757356696.4043949,0.0,0.0,-0.7405,0.0,0.0,0.0,0.0,-0.7478850606905709,0.011137854237403766,0.0,0.0,0.07461711353946808,0.0,0.0,0,0
1757356696.4074667,0.0,0.0,-0.7406,0.0,0.0,0.0,0.0,-0.7457567429051543,0.007423183177083903,0.03289392204532616,0.0,0.06848413976949465,0.0,0.0,0,0
1757356696.4075382,0.0,0.0,-0.7407,0.0,0.0,0.0,0.0,-0.744299243047946,0.005058155043110357,3.0615357664230203,0.0,0.06553311110224469,0.0,0.0,0,0
1757356696.4154198,0.0,0.0,-0.7407,0.0,0.0,0.0,0.0,-0.7435223367467637,0.003928381103714962,0.0,0.0,0.06444420614266747,0.0,0.0,0,0
1757356696.4157007,0.0,0.0,-0.7408,0.0,0.0,0.0,0.0,-0.742771619366029,0.002723920211725739,2.621439999999711,0.0,0.06363464480331363,0.0,0.0,0,0
1757356696.4326408,0.0,0.0,-0.7409,0.0,0.0,0.0,0.0,-0.7427566897485728,0.002564217208301023,0.0059457408956232905,0.0,0.06363978660958292,0.0,0.0,0,0
1757356696.6116073,0.0,0.0,-0.7409,0.0,0.0,0.0,0.0,-0.7469497807627818,0.009163629091388903,0.0,0.0,0.0752402745141288,0.0,0.0,0,0
1757356696.6118994,0.0,0.0,-0.741,0.0,0.0,0.0,0.0,-0.745137656868031,0.005958238144017969,0.4364520291362683,0.0,0.06855109361922829,0.0,0.0,0,0
1757356696.6119847,0.0,0.0,-0.7411,0.0,0.0,0.0,0.0,-0.7439733521982659,0.004038712047074844,3.3288126984123316,0.0,0.06556234713082472,0.0,0.0,0,0
1757356696.6147761,0.0,0.0,-0.7411,0.0,0.0,0.0,0.0,-0.7432340472047161,0.0029657256808872656,0.0,0.0,0.06426681699996517,0.0,0.0,0,0
1757356696.6148722,0.0,0.0,-0.7412,0.0,0.0,0.0,0.0,-0.7426744261967476,0.0020353603988083613,2.5731926380365264,0.0,0.06354907693204138,0.0,0.0,0,0
1757356696.6339931,0.0,0.0,-0.7413,0.0,0.0,0.0,0.0,-0.7427508030900791,0.002003486245970465,0.005334364348577527,0.0,0.06363849067910163,0.0,0.0,0,0
1757356696.8163183,0.0,0.0,-0.7414,0.0,0.0,0.0,0.0,-0.7462789704057037,0.007421161665557396,0.0005487183110015069,0.0,0.07584821111464213,0.0,0.0,0,0
1757356696.816731,0.0,0.0,-0.7415,0.0,0.0,0.0,0.0,-0.7448195723675111,0.0047897365034111905,0.27887659574495977,0.0,0.06882164120172528,0.0,0.0,0,0
1757356696.8167803,0.0,0.0,-0.7415,0.0,0.0,0.0,0.0,-0.7438598395667286,0.0033201850126488575,0.0,0.0,0.0656848161244481,0.0,0.0,0,0
1757356696.8238583,0.0,0.0,-0.7416,0.0,0.0,0.0,0.0,-0.7433622364202512,0.0024537884119502085,0.014346858217887936,0.0,0.06449477341939486,0.0,0.0,0,0
1757356696.823967,0.0,0.0,-0.7417,0.0,0.0,0.0,0.0,-0.7429036921588003,0.001663314537516447,2.542002424242144,0.0,0.06365859676772716,0.0,0.0,0,0
1757356696.8327146,0.0,0.0,-0.7417,0.0,0.0,0.0,0.0,-0.742739424308437,0.0014329792646814443,0.0,0.0,0.06343741410168716,0.0,0.0,0,0
1757356696.9823952,0.0,0.0,-0.7418,0.0,0.0,0.0,0.0,-0.7451807038400631,0.0049864149290392845,0.0006682754675915527,0.0,0.0720700197644693,0.0,0.0,0,0
1757356696.9827507,0.0,0.0,-0.7419,0.0,0.0,0.0,0.0,-0.7442121416379082,0.0032884489275991635,0.3246365325077042,0.0,0.0671464045970849,0.0,0.0,0,0
1757356696.9827974,0.0,0.0,-0.7419,0.0,0.0,0.0,0.0,-0.7435555498019767,0.0023126390551233555,0.0,0.0,0.0649040970115233,0.0,0.0,0,0
1757356696.98601,0.0,0.0,-0.742,0.0,0.0,0.0,0.0,-0.7431761841741574,0.0016294294316140379,0.03223412234859774,0.0,0.06395385101856065,0.0,0.0,0,0
1757356697.0026994,0.0,0.0,-0.7421,0.0,0.0,0.0,0.0,-0.743160287731195,0.0014672549731662432,0.006028897513295297,0.0,0.06387077454501722,0.0,0.0,0,0
1757356697.0336845,0.0,0.0,-0.7421,0.0,0.0,0.0,0.0,-0.7433831530554045,0.0017824152025015527,0.0,0.0,0.06437341177523322,0.0,0.0,0,0
1757356697.0778224,0.0,0.0,-0.7422,0.0,0.0,0.0,0.0,-0.743769771216804,0.0021998082310150657,0.0022686506455501312,0.0,0.06549125048067833,0.0,0.0,0,0
1757356697.0990915,0.0,0.0,-0.7422,0.0,0.0,0.0,0.0,-0.7436661468175343,0.0020485851878765393,0.0,0.0,0.0650835133008827,0.0,0.0,0,0
1757356697.132419,0.0,0.0,-0.7423,0.0,0.0,0.0,0.0,-0.743799733201498,0.002102136899297391,0.003009733205126034,0.0,0.06547046681384118,0.0,0.0,0,0
1757356697.166002,0.0,0.0,-0.7424,0.0,0.0,0.0,0.0,-0.7439127024226954,0.0021257942079841996,0.0029858010322118085,0.0,0.06577447592654859,0.0,0.0,0,0
1757356697.1991422,0.0,0.0,-0.7425,0.0,0.0,0.0,0.0,-0.7440007309751768,0.0021126305562396697,0.003025014785007425,0.0,0.06596802038569678,0.0,0.0,0,0
1757356697.232481,0.0,0.0,-0.7425,0.0,0.0,0.0,0.0,-0.7440511063613936,0.0021865046330323823,0.0,0.0,0.06611594226069482,0.0,0.0,0,0
1757356697.2658596,0.0,0.0,-0.7426,0.0,0.0,0.0,0.0,-0.744101921306234,0.0021193012884139772,0.0030081358655111726,0.0,0.06622363566021626,0.0,0.0,0,0
1757356697.302676,0.0,0.0,-0.7426,0.0,0.0,0.0,0.0,-0.744169761840483,0.002220754829899807,0.0,0.0,0.06653321330432316,0.0,0.0,0,0
1757356697.3323557,0.0,0.0,-0.7427,0.0,0.0,0.0,0.0,-0.7441384742732212,0.0020310162540736476,0.0033781171221233222,0.0,0.06626816908310577,0.0,0.0,0,0
1757356697.3656774,0.0,0.0,-0.7427,0.0,0.0,0.0,0.0,-0.7441515032094974,0.00205045941352211,0.0,0.0,0.06633117871462496,0.0,0.0,0,0
1757356697.4003341,0.0,0.0,-0.7428,0.0,0.0,0.0,0.0,-0.7441928261128543,0.001969698583003665,0.002894839497822152,0.0,0.06646581078643135,0.0,0.0,0,0
1757356697.4325156,0.0,0.0,-0.7429,0.0,0.0,0.0,0.0,-0.7442081908154784,0.0018489297640590374,0.0031236671010981478,0.0,0.06638913419776943,0.0,0.0,0,0
1757356697.4695802,0.0,0.0,-0.743,0.0,0.0,0.0,0.0,-0.7442944917165033,0.0018337703700387342,0.0026987420938504396,0.0,0.06667964250575398,0.0,0.0,0,0
1757356697.4993255,0.0,0.0,-0.743,0.0,0.0,0.0,0.0,-0.7442593600712482,0.0017797254595784961,0.0,0.0,0.0663712421126236,0.0,0.0,0,0
1757356697.5324717,0.0,0.0,-0.7431,0.0,0.0,0.0,0.0,-0.7442925271827517,0.00168555007911797,0.0030241859660251045,0.0,0.06639929012221357,0.0,0.0,0,0
1757356697.5671077,0.0,0.0,-0.7432,0.0,0.0,0.0,0.0,-0.7443497983633468,0.0016266196040884973,0.002896118764025229,0.0,0.06651839536591157,0.0,0.0,0,0
1757356697.5991814,0.0,0.0,-0.7432,0.0,0.0,0.0,0.0,-0.7443532353391378,0.0016302797777685285,0.0,0.0,0.06642657973500744,0.0,0.0,0,0
1757356697.6349037,0.0,0.0,-0.7433,0.0,0.0,0.0,0.0,-0.7444113475368578,0.001573327660493118,0.0028073384424882287,0.0,0.06661380290283027,0.0,0.0,0,0
1757356697.6657567,0.0,0.0,-0.7434,0.0,0.0,0.0,0.0,-0.7444238047949121,0.0014470597931893758,0.003253264663449993,0.0,0.06640857615995077,0.0,0.0,0,0
1757356697.69925,0.0,0.0,-0.7434,0.0,0.0,0.0,0.0,-0.7444498376401129,0.0014842730828679152,0.0,0.0,0.06645157019422804,0.0,0.0,0,0
1757356697.7336679,0.0,0.0,-0.7435,0.0,0.0,0.0,0.0,-0.7444966849423118,0.0014101404709393472,0.0029110534279120186,0.0,0.06654748352507586,0.0,0.0,0,0
1757356697.7725508,0.0,0.0,-0.7436,0.0,0.0,0.0,0.0,-0.7445875567062189,0.0014013193357415021,0.0025803955827614126,0.0,0.06692033086682912,0.0,0.0,0,0
1757356697.7992826,0.0,0.0,-0.7437,0.0,0.0,0.0,0.0,-0.7445663859634567,0.0012237782672005482,0.0037563173920826956,0.0,0.06632977995434794,0.0,0.0,0,0
1757356697.835195,0.0,0.0,-0.7437,0.0,0.0,0.0,0.0,-0.7446241896239731,0.0013077097789292447,0.0,0.0,0.06656587950269659,0.0,0.0,0,0
1757356697.8669126,0.0,0.0,-0.7438,0.0,0.0,0.0,0.0,-0.7446503470241704,0.001201986524807852,0.003165751377462101,0.0,0.06643734912585633,0.0,0.0,0,0
1757356697.9027648,0.0,0.0,-0.7439,0.0,0.0,0.0,0.0,-0.744723985390617,0.001166467994080822,0.0027979933824311145,0.0,0.06663492111062232,0.0,0.0,0,0
1757356697.9338253,0.0,0.0,-0.744,0.0,0.0,0.0,0.0,-0.7447604170167582,0.0010748628685121053,0.003228473783059468,0.0,0.06644224995789447,0.0,0.0,0,0
1757356697.9658988,0.0,0.0,-0.744,0.0,0.0,0.0,0.0,-0.7447880688347045,0.0011133720488061272,0.0,0.0,0.0663828686520258,0.0,0.0,0,0
1757356698.0147674,0.0,0.0,-0.7441,0.0,0.0,0.0,0.0,-0.7449504029086749,0.00121231659110288,0.002051174914295828,0.0,0.06754539520825659,0.0,0.0,0,0
1757356698.0326493,0.0,0.0,-0.7442,0.0,0.0,0.0,0.0,-0.7448631223026837,0.0009350868739106399,0.005627521064776925,0.0,0.06611912079673497,0.0,0.0,0,0
1757356698.0659692,0.0,0.0,-0.7442,0.0,0.0,0.0,0.0,-0.7449088987166955,0.0010004215986729736,0.0,0.0,0.0662450669981134,0.0,0.0,0,0
1757356698.0996847,0.0,0.0,-0.7443,0.0,0.0,0.0,0.0,-0.7449668953931509,0.0009419193506974288,0.0029730390280550746,0.0,0.06636382593341834,0.0,0.0,0,0
1757356698.1327982,0.0,0.0,-0.7444,0.0,0.0,0.0,0.0,-0.7450255200707226,0.0008836299991734631,0.0030484740564148778,0.0,0.0663907112917191,0.0,0.0,0,0
1757356698.1659966,0.0,0.0,-0.7444,0.0,0.0,0.0,0.0,-0.7450632098615979,0.0009371207841333273,0.0,0.0,0.06642774429257191,0.0,0.0,0,0
1757356698.2028537,0.0,0.0,-0.7445,0.0,0.0,0.0,0.0,-0.7451361802990231,0.0009008987353108511,0.002718067292241818,0.0,0.06671010030519661,0.0,0.0,0,0
1757356698.2346747,0.0,0.0,-0.7446,0.0,0.0,0.0,0.0,-0.7451788140130419,0.0008186363701943034,0.0031629105113525763,0.0,0.06654067051917542,0.0,0.0,0,0
1757356698.265976,0.0,0.0,-0.7447,0.0,0.0,0.0,0.0,-0.7452314148067457,0.0007507819164931373,0.0032047433487672017,0.0,0.06640236339155756,0.0,0.0,0,0
1757356698.2992208,0.0,0.0,-0.7447,0.0,0.0,0.0,0.0,-0.7452758012448825,0.0008137064349773571,0.0,0.0,0.06644238894608591,0.0,0.0,0,0
1757356698.3324127,0.0,0.0,-0.7448,0.0,0.0,0.0,0.0,-0.7453311409090363,0.000750727982077537,0.0030209405002841654,0.0,0.06646839664628668,0.0,0.0,0,0
1757356698.3658147,0.0,0.0,-0.7449,0.0,0.0,0.0,0.0,-0.745395967783347,0.0007011819242042083,0.003002236124432407,0.0,0.06650079886132262,0.0,0.0,0,0
1757356698.3991997,0.0,0.0,-0.745,0.0,0.0,0.0,0.0,-0.745466693132145,0.0006599114280425589,0.0030012049744547833,0.0,0.06652388716470281,0.0,0.0,0,0
1757356698.4323936,0.0,0.0,-0.7451,0.0,0.0,0.0,0.0,-0.7455407907339638,0.0006232984746361581,0.0030187010594192897,0.0,0.06652649948278402,0.0,0.0,0,0
1757356698.4658751,0.0,0.0,-0.7452,0.0,0.0,0.0,0.0,-0.7456198375719538,0.0005937553286893271,0.002996659188659773,0.0,0.06654531998362616,0.0,0.0,0,0
1757356698.5027938,0.0,0.0,-0.7452,0.0,0.0,0.0,0.0,-0.7456893255226691,0.0006934049667471909,0.0,0.0,0.06680128697929832,0.0,0.0,0,0
1757356698.5328891,0.0,0.0,-0.7453,0.0,0.0,0.0,0.0,-0.7457289496110335,0.0006064414802806617,0.003330954026000475,0.0,0.06649437716064795,0.0,0.0,0,0
1757356698.5658545,0.0,0.0,-0.7454,0.0,0.0,0.0,0.0,-0.7457970019377533,0.0005612162995665138,0.0030446015592104775,0.016422510147094727,0.06648680383495426,0.5,0.0,0,0
1757356698.6012402,0.0,0.0,-0.7455,0.0,0.0,0.008127960519378844,0.0,-0.7458826510707204,0.0183592853204298,0.002830336525162928,0.017665743827819824,0.0666538076918757,0.5,0.0,0,0
1757356698.6334314,0.0,0.0,-0.7456,0.0,0.0,0.019819180689654353,0.0,-0.745953807946097,0.044712237005375015,0.003112887041709617,0.016062259674072266,0.06654344249355706,0.5,0.0,0,0
1757356698.6660945,0.0,0.0,-0.7453,0.0,0.0,0.034693669725643646,0.0,-0.745915528964773,0.07824599602144415,0.009211299898247675,0.01628434658050537,0.06650125523022656,0.5,0.0,0,0
1757356698.6991522,0.003507723819422946,-0.003230097510641018,-0.7452,0.0,0.0,0.05226986204364796,-0.000600511749010607,-0.7458558157422561,0.11400502452581283,0.14456225278445126,0.01649618148803711,0.06650286187212023,0.5,0.0,0,0
1757356698.7323675,0.004983850662928371,-0.004591822270862785,-0.7461,0.0,0.0,0.0709056302443264,-0.001238924934733957,-0.7460719110504588,0.15440350834413302,0.06639497480261967,0.016573071479797363,0.06651514290830615,0.5,0.0,0,0
1757356698.7661188,0.006883475412635116,-0.0063461192819736865,-0.7461,0.0,0.0,0.09057428690264968,-0.001974971023363269,-0.746226972229245,0.19672332246983942,0.07694369892053779,0.01680290699005127,0.06655540111216668,0.5,0.0,0,0
1757356698.8036397,0.018320789955369513,-0.016923183186351616,-0.7454,0.0,0.0,0.11764814212588161,-0.004425685026253429,-0.7461452648473181,0.24612100857802,0.4167529733740474,0.01870906352996826,0.06684977071118055,0.5,0.0,0,0
1757356698.8749855,0.023919936508174353,-0.022100331279120145,-0.7453,0.0,0.0,0.19759384711559322,-0.007110452035587196,-0.7461695063218681,0.43028813541415406,0.10707143408791962,0.035614013671875,0.06983490102352063,0.5,0.0,0,0
1757356698.884589,0.030890213549900822,-0.02854836251815206,-0.746,0.0,0.0,0.14762404217641684,-0.009808071165463318,-0.7461557154881381,0.3000255248256599,1.002724430363074,0.004747629165649414,0.06675426967810336,0.5,0.0,0,0
1757356698.8990567,0.0542202344912116,-0.05004545954863573,-0.7465,0.0,0.0,0.1338194496393228,-0.015454691182044476,-0.7463094267178978,0.24528037960463075,2.2016182661285817,0.007205605506896973,0.06547326265039306,0.5,0.0,0,0
1757356698.9327836,0.07031002899619665,-0.06492069703243045,-0.7468,0.0,0.0,0.17545669820371734,-0.021930006252683175,-0.7465802851901355,0.32286062377128527,0.6511612360614584,0.01682722568511963,0.06581396384176467,0.5,0.0,0,0
1757356698.966127,0.0819612873219059,-0.07569586071839829,-0.7468,0.0,0.0,0.20910085255157596,-0.028091188489637056,-0.7467729564692828,0.3867137299565474,0.4779730435082216,0.0166013240814209,0.06603799162606712,0.5,0.0,0,0
1757356699.0016656,0.09015916342360578,-0.08346346288733279,-0.747,0.0,0.0,0.24333110210054643,-0.033520004614663854,-0.7469761870861523,0.4554640468727755,0.31997843790358155,0.01764988899230957,0.06633663685274829,0.5,0.0,0,0
1757356699.057074,0.09991593786049997,-0.0925639775586793,-0.7472,0.0,0.0,0.32716843853822597,-0.03902241250346247,-0.7472559842578003,0.6402985129977677,0.24100438701510205,0.027683496475219727,0.06804085164147981,0.5,0.0,0,0
1757356699.084219,0.11247041786281638,-0.1042838167249119,-0.7475,0.0,0.0,0.30671178843168306,-0.04431495595623804,-0.7474320239985001,0.5775437339591586,0.6362479893698016,0.013498902320861816,0.06702836820934943,0.5,0.0,0,0
1757356699.1021047,0.12691399252354404,-0.11756040319741255,-0.7478,0.0,0.0,0.2736555687209261,-0.049941410886832543,-0.7476078042605561,0.4875771306917414,1.1033487359017151,0.008891463279724121,0.0658273486605447,0.5,0.0,0,0
1757356699.132572,0.13795595086619142,-0.12779416515784064,-0.7478,0.0,0.0,0.30065972989159134,-0.05564700873555146,-0.747783441142343,0.5371343153375581,0.4951654898915697,0.015202045440673828,0.06586781063464633,0.5,0.0,0,0
1757356699.1673868,0.14867072489784763,-0.1377230112250853,-0.7476,0.0,0.0,0.3397281805723987,-0.06123573001527501,-0.7478670578523061,0.6144415154607137,0.4208357917738478,0.017357349395751953,0.06617783513410971,0.5,0.0,0,0
1757356699.1997118,0.16175466579691464,-0.14968275327293976,-0.7482,0.0,0.0,0.36323521360687405,-0.06697959879272716,-0.7480889773893593,0.6547792265465667,0.549719578273205,0.016132354736328125,0.06623504445329491,0.5,0.0,0,0
1757356699.2330952,0.17457391190715021,-0.1614743939473183,-0.7488,0.0,0.0,0.3892417333813622,-0.07286765461629333,-0.7484260918636447,0.7010833920023661,0.5236651015992431,0.016640424728393555,0.0663437954096646,0.5,0.0,0,0
1757356699.2737217,0.18385659642233446,-0.17001225331104844,-0.7484,0.0,0.0,0.4400897175367776,-0.0784256035717443,-0.7485797297107023,0.8077053725300722,0.31122815770877377,0.020271897315979004,0.06692627905189981,0.5,0.0,0,0
1757356699.3130896,0.20015574486087867,-0.18524080767683362,-0.7483,0.0,0.0,0.47438925757250483,-0.08480300273129447,-0.7486508034477641,0.8707145515490307,0.5675587166538192,0.019651293754577637,0.06723872277555627,0.5,0.0,0,0
1757356699.3336225,0.21208561522439773,-0.19632545914651042,-0.7493,0.0,0.0,0.4252247653939675,-0.09034108226127363,-0.7489180341227047,0.7463919200193035,0.7996123267308769,0.01020205020904541,0.06611838259990185,0.5,0.0,0,0
1757356699.379086,0.22742867053517554,-0.2106104007780412,-0.7503,0.0,0.0,0.5079393611702453,-0.09733133242913611,-0.7495043587277774,0.9197594072426477,0.46319934760442083,0.02265477180480957,0.06709722946589035,0.5,0.0,0,0
1757356699.4031057,0.23551043168110541,-0.21821193498928348,-0.7501,0.0,0.0,0.47168484037571773,-0.10248213220361184,-0.7497774525506273,0.8284929666925219,0.4646560677389675,0.011940836906433105,0.06626207838453758,0.5,0.0,0,0
1757356699.4329662,0.24497523273622315,-0.22705823007689044,-0.7499,0.0,0.0,0.4819786152703399,-0.10759631630259328,-0.7499396851472202,0.8423527157883338,0.4354557383816005,0.0148773193359375,0.06612531980592251,0.5,0.0,0,0
1757356699.465934,0.2571609297365491,-0.23844493238423617,-0.7498,0.0,0.0,0.5096447888352855,-0.11308109229214588,-0.7500384263417947,0.8930470985358228,0.5075930324810474,0.016428589820861816,0.0662408679477863,0.5,0.0,0,0
1757356699.4993865,0.2717148998757896,-0.2518811803540417,-0.7502,0.0,0.0,0.5364589255296424,-0.11909511830088787,-0.7502250383713834,0.9400020325547899,0.5934572461564656,0.016691923141479492,0.06635774099933855,0.5,0.0,0,0
1757356699.532523,0.2863093536175657,-0.26544403944100875,-0.7507,0.0,0.0,0.5582306553703027,-0.12543636710176773,-0.7505013741905607,0.975634265508186,0.6037258539134301,0.016505718231201172,0.0664133372598936,0.5,0.0,0,0
1757356699.5659902,0.2968749397549252,-0.2752670791760131,-0.7508,0.0,0.0,0.5797564098981985,-0.13132181577269045,-0.7507296046221595,1.0140230176120975,0.4319621498337065,0.01669919490814209,0.06647810776978312,0.5,0.0,0,0
1757356699.599028,0.3093606907024964,-0.2871841475234057,-0.7511,0.0,0.0,0.5972780993553198,-0.13726823037425512,-0.750977690164043,1.0419458652149578,0.5233955717021453,0.016491055488586426,0.06649362092652394,0.5,0.0,0,0
1757356699.6327114,0.3202377803902832,-0.29744163994085615,-0.7516,0.0,0.0,0.6171411997391565,-0.14298830346679944,-0.75130315577142,1.0764659073564962,0.4455920542858344,0.016785740852355957,0.06654491544401851,0.5,0.0,0,0
1757356699.6660147,0.33423192181376987,-0.31065387079988016,-0.7516,0.0,0.0,0.633947391617456,-0.14906995133111053,-0.7515344878810216,1.101639457791407,0.5792624686104033,0.01661229133605957,0.06655537370792429,0.5,0.0,0,0
1757356699.7030356,0.34374773611226994,-0.31922357857545874,-0.7515,0.0,0.0,0.6697672483198218,-0.15471325187297225,-0.7516850868370839,1.1734284745683041,0.346931997674658,0.018456459045410156,0.06682097684560664,0.5,0.0,0,0
1757356699.7327085,0.35332228452818165,-0.3280856164959722,-0.7515,0.0,0.0,0.6561163983950911,-0.159586712965334,-0.7517582577251601,1.133478839616665,0.44221030318218685,0.014751315116882324,0.06647775428764184,0.5,0.0,0,0
1757356699.7661035,0.365648914881527,-0.33949311408530874,-0.7518,0.0,0.0,0.6753851164963383,-0.16498846058603123,-0.7519120217802819,1.1655878739105072,0.5038666596615571,0.01666891574859619,0.06651650698339484,0.5,0.0,0,0
1757356699.7992914,0.37853866837879274,-0.35164602398883127,-0.7519,0.0,0.0,0.6917943329141093,-0.1706679755578548,-0.7520480297184537,1.1909139150630164,0.5352989255150693,0.016547560691833496,0.06652649805865074,0.5,0.0,0,0
1757356699.8326797,0.3956914804667322,-0.3676899816080384,-0.7522,0.0,0.0,0.7096807127459089,-0.17727141639540323,-0.7522315457015523,1.2162390016285314,0.7055943807671803,0.016644597053527832,0.06654688952815593,0.5,0.0,0,0
1757356699.8658977,0.4072224935211661,-0.3784813352536283,-0.7525,0.0,0.0,0.7253589185697189,-0.1834710906553808,-0.7524482924797797,1.2409882538568493,0.476560717169906,0.01657271385192871,0.06655072438993008,0.5,0.0,0,0
1757356699.90012,0.4160236094283271,-0.3867359964065403,-0.7528,0.0,0.0,0.7456479139577328,-0.1889997378933806,-0.752693926931846,1.2782475189349312,0.3539510606046872,0.017050623893737793,0.06661949251362001,0.5,0.0,0,0
1757356699.9327316,0.42444420803147626,-0.3946260835326737,-0.7531,0.0,0.0,0.7527851232902182,-0.19388307619922227,-0.7529494799063856,1.2864597145821697,0.35564284449135763,0.016228914260864258,0.0665510346383192,0.5,0.0,0,0
1757356699.9660008,0.43528004200108894,-0.4047863514959159,-0.7535,0.0,0.0,0.7664659798271458,-0.1989046258366152,-0.7532514779438679,1.3074920099588883,0.448555826848871,0.016563773155212402,0.06655186043706088,0.5,0.0,0,0
1757356700.0028186,0.4540596480240331,-0.42238531611056535,-0.754,0.0,0.0,0.8037202952439223,-0.20557495753881916,-0.7536298442932604,1.3752215491382804,0.7011461528532873,0.018357038497924805,0.06680356028322822,0.5,0.0,0,0
1757356700.0334659,0.46192429623213493,-0.42977178098891305,-0.7543,0.0,0.0,0.7913193305963522,-0.2108163031465001,-0.7539607351274376,1.3402676045802466,0.3540454065004645,0.015243291854858398,0.06653346148134223,0.5,0.0,0,0
1757356700.0997353,0.48089551061081737,-0.4476036688026483,-0.7548,0.0,0.0,1.01265895082217,-0.21964975920471166,-0.7545105767079997,1.8363481890041509,0.3935114733536541,0.033087968826293945,0.06913053185265648,0.5,0.0,0,0
1757356700.1045332,0.4906515170911193,-0.4571569968261252,-0.7551,0.0,0.0,0.7592644795952366,-0.22323472600622385,-0.7547033712284706,1.2482548133642681,2.9446387223683077,0.0023190975189208984,0.06609244299912441,0.5,0.0,0,0
1757356700.132906,0.5008058324891363,-0.4668625779874648,-0.7554,0.0,0.0,0.7624598238337817,-0.22875440850163944,-0.7550384889827195,1.2471390861352116,0.49766798041591964,0.014115691184997559,0.06590829452381386,0.5,0.0,0,0
1757356700.1661131,0.5106525265428292,-0.47628618737280376,-0.7558,0.0,0.0,0.8021015107206316,-0.23431851011722218,-0.7554187917233605,1.3248038262085613,0.41189990026316925,0.016551733016967773,0.06610113094437706,0.5,0.0,0,0
1757356700.1993244,0.5276473347131443,-0.492133911248024,-0.7562,0.0,0.0,0.8328773154011724,-0.2407929204606877,-0.7558084246782913,1.3788202917633858,0.7016706737221273,0.016561031341552734,0.0662407459221165,0.5,0.0,0,0
1757356700.234825,0.538529671166671,-0.5024015725356018,-0.7565,0.0,0.0,0.8721317871942755,-0.24696794303183967,-0.7561873051264233,1.4559627023292434,0.4226082669647623,0.017705082893371582,0.06649344520491585,0.5,0.0,0,0
1757356700.2731466,0.5525344195330031,-0.5156258242231223,-0.757,0.0,0.0,0.9202650604604675,-0.25354050404017586,-0.756619940509645,1.551305857201278,0.5039517018478874,0.019117116928100586,0.06686680731162063,0.5,0.0,0,0
1757356700.3026483,0.5636760219253253,-0.5258125385296218,-0.7572,0.0,0.0,0.8933304144714036,-0.25900295859415506,-0.7569419687339782,1.4826335786541822,0.5128808542519993,0.01471865177154541,0.06649723037331919,0.5,0.0,0,0
1757356700.3325355,0.5739341931808289,-0.5353616925123599,-0.7574,0.0,0.0,0.8837168530039389,-0.26425454502448376,-0.7572316999445027,1.4535539967168487,0.47100955252398075,0.014878988265991211,0.06628262798167492,0.5,0.0,0,0
1757356700.366866,0.5871398586894907,-0.5476537030939622,-0.7578,0.0,0.0,0.9147743186392123,-0.27017789738243686,-0.757578944740098,1.5109796313724775,0.526709402963296,0.017130494117736816,0.06644468118768047,0.5,0.0,0,0
1757356700.3996694,0.6028889530874987,-0.5627354245805367,-0.758,0.0,0.0,0.9282546832366836,-0.2766273083165684,-0.7578769895218964,1.5285823648151788,0.6661903781378754,0.01636672019958496,0.06645177098153295,0.5,0.0,0,0
1757356700.434987,0.6147411455475511,-0.573956402521014,-0.7582,0.0,0.0,0.958991749529801,-0.2829856594820013,-0.7581609670256937,1.586488810440384,0.46320140304223323,0.01761925220489502,0.06662978672333951,0.5,0.0,0,0
1757356700.466244,0.6262408329547022,-0.5848485110915573,-0.7585,0.0,0.0,0.952801352777024,-0.28874372086021555,-0.7584281289723811,1.5641561553938457,0.5079457264107675,0.015594244003295898,0.06646901195262614,0.5,0.0,0,0
1757356700.5009046,0.6354319442216536,-0.5935759304730625,-0.7588,0.0,0.0,0.977839980141468,-0.2942619190185631,-0.7587239588602992,1.6114393420446265,0.3664998608424677,0.017296195030212402,0.06659674546458849,0.5,0.0,0,0
1757356700.5380156,0.6438260542919944,-0.6015367735416961,-0.7591,0.0,0.0,1.0134492670626174,-0.2994020531679572,-0.7590343984394873,1.6828175382254758,0.3135505320627798,0.01845419406890869,0.06684650282999038,0.5,0.0,0,0
1757356700.566455,0.6546283879420617,-0.6117868938027264,-0.7594,0.0,0.0,0.9755941368700322,-0.30391023530729305,-0.7592954332185738,1.5920768042667215,0.5260176060247528,0.014157772064208984,0.06641124725893165,0.5,0.0,0,0
1757356700.60394,0.6730966120515235,-0.6293354533470848,-0.7596,0.0,0.0,1.02533921410473,-0.3107007737605479,-0.7595888882201414,1.686779039879965,0.6821500202778814,0.01867389678955078,0.06674803658243784,0.5,0.0,0,0
1757356700.6415277,0.68501544700348,-0.6406742362970494,-0.7598,0.0,0.0,1.060150841908182,-0.31712614519950394,-0.7598555987035251,1.7540181710366152,0.43897093714047,0.01873922348022461,0.0669880492155629,0.5,0.0,0,0
1757356700.666353,0.7003542044350856,-0.6552748413224488,-0.7601,0.0,0.0,0.9899813657757853,-0.3229151509166377,-0.7600619164287578,1.5914531796869813,0.857066715951161,0.012355446815490723,0.06625538532000372,0.5,0.0,0,0
1757356700.7024229,0.7094723204628463,-0.6642321698766864,-0.7604,0.0,0.0,1.036991094088723,-0.32912675430514915,-0.7603576345651699,1.6851856658109041,0.3552528322210804,0.01799464225769043,0.06654245581672141,0.5,0.0,0,0
1757356700.7352972,0.7194437800673067,-0.6738489073613556,-0.7608,0.0,0.0,1.0450380344767352,-0.33459392757480083,-0.7606668318072213,1.6952673298777736,0.42243863615012706,0.016403555870056152,0.06652026201987762,0.5,0.0,0,0
1757356700.7666473,0.7291132908597893,-0.6831861479309359,-0.7612,0.0,0.0,1.0419599982104446,-0.33966142267705046,-0.7609951478656675,1.6817896334849771,0.429913251720631,0.01564013957977295,0.06640225085493338,0.5,0.0,0,0
1757356700.7997687,0.7473277379928652,-0.700069215733783,-0.7617,0.0,0.0,1.058702969724572,-0.3461349811055997,-0.7613848379751696,1.7052690254115692,0.7531039158646541,0.016492128372192383,0.06644072946975518,0.5,0.0,0,0
1757356700.832902,0.7581404081911826,-0.7102576120665215,-0.762,0.0,0.0,1.0735053282742208,-0.3521353222618143,-0.7617515988728468,1.7292491845043332,0.4493102025160124,0.01653599739074707,0.06647369670989714,0.5,0.0,0,0
1757356700.894743,0.7686305175230426,-0.7201451079090945,-0.7625,0.0,0.0,1.269735517792396,-0.3597154314844108,-0.7622994913498821,2.1564587838595393,0.25276522970595194,0.02853262424468994,0.06831033471910608,0.5,0.0,1,0
1757356700.9073012,0.7818749517260062,-0.7328682467603539,-0.7629,0.0,0.0,1.0812480494795578,-0.3636059079136218,-0.7625743653780501,1.7303486625332125,1.0715828968471728,0.008571386337280273,0.06649844344782019,0.5,0.0,0,0
1757356700.9329581,0.7967268842986663,-0.7470263934787654,-0.7635,0.0,0.0,1.0377083837874872,-0.3693726597853411,-0.7629934396365464,1.6303780080675696,0.802080036704032,0.012796640396118164,0.06600640595529504,0.5,0.0,0,0
1757356700.9667995,0.8074751680641387,-0.7572821470429015,-0.764,0.0,0.0,1.0805950073036308,-0.375611988269394,-0.7634890355030578,1.7122163449250236,0.4401828339650818,0.016884565353393555,0.06621595309835024,0.5,0.0,0,0
1757356701.0136683,0.8206437540854383,-0.770030480933915,-0.7646,0.0,0.0,1.2135208095150485,-0.3830299963209274,-0.7641031702113151,1.9878570315845645,0.39210563340412574,0.02338433265686035,0.06728821770349722,0.5,0.0,0,0
1757356701.0342908,0.8304090290079424,-0.7794306125841076,-0.765,0.0,0.0,1.0879559072610276,-0.3872410317157684,-0.7644929355160041,1.713683111450147,0.6598399796400027,0.010275483131408691,0.06615729608024246,0.5,0.0,0,0
1757356701.069442,0.8398798622066044,-0.7885564312960004,-0.7655,0.0,0.0,1.1315731110423959,-0.3928243424777714,-0.7650107532270743,1.7983078049156649,0.3761006498691588,0.01749742031097412,0.06640303685536807,0.5,0.0,0,0
1757356701.1003826,0.8558530141080766,-0.8037758339195634,-0.7661,0.0,0.0,1.1293135996562254,-0.3988200367733078,-0.765529502626386,1.7838922004797317,0.7153667182248254,0.015426397323608398,0.0662944015708004,0.5,0.0,0,0
1757356701.178303,0.8660416819793338,-0.8135497016191457,-0.7666,0.0,0.0,1.4707364301320343,-0.40811484870002884,-0.7663426812112633,2.538960579111501,0.19060720639970544,0.03705930709838867,0.06962737304693203,0.5,0.0,1,0
1757356701.1784234,0.8759235142157057,-0.8230375273803167,-0.7671,0.0,0.0,1.1190305788212613,-0.409703184010118,-0.7665893292162962,1.7516734169121078,3.6023480316100316,0.0019026994705200195,0.06627119592378097,0.5,0.0,0,0
1757356701.2020016,0.8895386440300016,-0.8363767284506718,-0.7676,0.0,0.0,1.0677702301486742,-0.41486147731496775,-0.7670435495777007,1.641496097754489,0.8115172856703837,0.01174783706665039,0.0657266266479862,0.5,0.0,0,0
1757356701.2328453,0.9040603913382933,-0.8505023722962204,-0.7683,0.0,0.0,1.1010109133847483,-0.42137332554586715,-0.7676230349275884,1.6999362695581892,0.6596876123981109,0.015363931655883789,0.06582055586837786,0.5,0.0,0,0
1757356701.2658186,0.9145664788726388,-0.8607375957529318,-0.7688,0.0,0.0,1.1438817281755151,-0.4275946114799522,-0.7682011611792269,1.7801849362174091,0.4458898900982881,0.016457080841064453,0.06603090189579641,0.5,0.0,0,0
1757356701.2992728,0.9252025876672353,-0.8708680328995951,-0.7696,0.0,0.0,1.1779464204118457,-0.43345433718994636,-0.7688528784368466,1.843420447444468,0.44065662704138464,0.01669132709503174,0.06621189576597145,0.5,0.0,0,0
1757356701.3337157,0.9338931106908969,-0.8792587338073696,-0.7701,0.0,0.0,1.2101529325354718,-0.4388029404339677,-0.7694751931942552,1.9044913360180715,0.35173495292325896,0.017186880111694336,0.06640522460532301,0.5,0.0,0,0
1757356701.3659241,0.9423199528254137,-0.8874024548846967,-0.7706,0.0,0.0,1.2139766007830168,-0.44348642626977763,-0.7700501930469096,1.9073342953422918,0.3649536536811234,0.016069889068603516,0.06638593746668955,0.5,0.0,0,0
1757356701.3993526,0.9635331033198506,-0.9080007419180147,-0.7713,0.0,0.0,1.2316326300573035,-0.45037069570484517,-0.7706759647779609,1.93200250276884,0.8872173210001548,0.016668200492858887,0.06645536411526173,0.5,0.0,0,0
1757356701.4326806,0.9755334443353817,-0.9196708447574907,-0.7718,0.0,0.0,1.2452047350960944,-0.4568897681828122,-0.7712700208763325,1.9530142943291404,0.5035229230346516,0.016629457473754883,0.06649754014480214,0.5,0.0,0,0
1757356701.4751596,0.9871722152749133,-0.930999637043713,-0.7722,0.0,0.0,1.3063895342958203,-0.4636616063110223,-0.7718613705337798,2.073545944854521,0.414494393564381,0.01959848403930664,0.06694512734884286,0.5,0.0,1,0
1757356701.5026321,0.9959804024575228,-0.9397659700182169,-0.7727,0.0,0.0,1.2727670511862388,-0.46877080669544346,-0.7723579808317879,1.9980883914563639,0.4070064079295747,0.015278816223144531,0.06662829758167921,0.5,0.0,0,0
1757356701.532678,1.005784872715518,-0.9494097260280713,-0.7731,0.0,0.0,1.2501056787267066,-0.47372365222348445,-0.7728233365450967,1.9461488850148538,0.45966844681859087,0.014965415000915527,0.06638182251692527,0.5,0.0,0,0
1757356701.566212,1.0184013500080595,-0.9618377107895861,-0.7738,0.0,0.0,1.269849113735836,-0.47947625682479245,-0.7733888405615691,1.9795005554148288,0.5302586671714358,0.016712069511413574,0.06645753203124923,0.5,0.0,0,0
1757356701.5992663,1.0360782278729936,-0.9787661921096508,-0.7744,0.0,0.0,1.2827740957461544,-0.48621402325311613,-0.773964573809709,1.9964391485960231,0.7417251199230516,0.01650393009185791,0.06648133625415543,0.5,0.0,0,0
1757356701.6372614,1.0470228199435356,-0.9893802440532978,-0.7748,0.0,0.0,1.2956906317302035,-0.49246752520952314,-0.7744946570845608,2.016689364561139,0.4590136009922978,0.016613125801086426,0.06651295983051729,0.5,0.0,1,0
1757356701.723586,1.0576397942486528,-0.9996818724657056,-0.7753,0.0,0.0,1.3713578611202752,-0.4990489802624639,-0.775085761243462,2.166876105032321,0.36229754183061114,0.020427703857421875,0.0670769706613292,0.5,0.0,1,0
1757356701.7444568,1.0722859322368476,-1.0140654247297753,-0.7758,0.0,0.0,1.5173442361933938,-0.5069878023063199,-0.7757566145446018,2.473452079064665,0.3890446104096554,0.02639031410217285,0.06841541451385809,0.5,0.0,1,0
1757356701.7531884,1.0825565913175885,-1.0241109920350082,-0.7762,0.0,0.0,1.3403317935019614,-0.5108822639921377,-0.7760731328479789,2.089323591471052,0.6748842511890215,0.010647892951965332,0.06684154808822557,0.5,0.0,1,0
1757356701.7671647,1.0925208860293374,-1.0338634582392585,-0.7766,0.0,0.0,1.2180497261289818,-0.5149389544329817,-0.7763950060085295,1.8436139471159627,0.7263494372206338,0.009601712226867676,0.06581110192522047,0.5,0.0,0,0
1757356701.8096077,1.1056503816656973,-1.0469597058783804,-0.777,0.0,0.0,1.3110550141671051,-0.5217337395817696,-0.7769084696383041,2.0181209192052294,0.48699560829923083,0.019044041633605957,0.0663566037178841,0.5,0.0,1,0
1757356701.8752742,1.1204798859883844,-1.0616542320003843,-0.7775,0.0,0.0,1.4585391288785616,-0.5297461649348505,-0.7775103081444017,2.3131948366344397,0.43143469278884355,0.024201631546020508,0.06750935464822412,0.5,0.0,1,0
1757356701.8922653,1.1309439585706036,-1.0720353860217169,-0.7779,0.0,0.0,1.3190202368112636,-0.5341404547254276,-0.7778148399819198,2.0223903724331747,0.6851654119504273,0.01076042652130127,0.06634351218260673,0.5,0.0,1,0
1757356701.8994913,1.1393424785890853,-1.0800802251944357,-0.7783,0.0,0.0,1.2579352419502072,-0.538633278438807,-0.7781685011196687,1.9010245161200328,0.48639401032188484,0.011962294578552246,0.06580519696356964,0.5,0.0,0,0
1757356701.9325397,1.151404219545621,-1.0918919681904709,-0.7788,0.0,0.0,1.3041382782192565,-0.544535548483283,-0.7786463225827401,1.9840128333970728,0.5124415433516385,0.01647937297821045,0.0660237683130714,0.5,0.0,0,0
1757356701.9767876,1.1572535015044991,-1.0976227286527083,-0.779,0.0,0.0,1.3976721042204612,-0.5500172155040846,-0.7791088227922868,2.165415496691284,0.20408553985645245,0.020068049430847168,0.06666649451104023,0.5,0.0,1,0
1757356702.0029194,1.1805209321313506,-1.1206292395186848,-0.7797,0.0,0.0,1.3406466637093768,-0.5564155316649114,-0.7795184610453554,2.042569564104075,1.2307908977795126,0.013295769691467285,0.06618269153381766,0.5,0.0,1,0
1757356702.0377905,1.1920071772961607,-1.1319884706783432,-0.7801,0.0,0.0,1.3834919501675633,-0.5633972906393852,-0.7800020139963504,2.120918428486252,0.46207350572844047,0.017485737800598145,0.06642589010825184,0.5,0.0,1,0
1757356702.076449,1.203148026533188,-1.1430147314698815,-0.7805,0.0,0.0,1.4058502131432615,-0.5697839499361009,-0.7804553554368023,2.1598554086373083,0.45819079542122376,0.017110586166381836,0.0665424776905219,0.5,0.0,1,0
1757356702.1050692,1.208832301766632,-1.1486866781920329,-0.781,0.0,0.0,1.410251432849093,-0.5747404841609283,-0.7809115713252756,2.1656946969254736,0.24396528823357616,0.016489267349243164,0.06653516548095094,0.5,0.0,1,0
1757356702.1381407,1.2199038149882233,-1.1596735748639158,-0.7815,0.0,0.0,1.3945352309814312,-0.5796577988032984,-0.781359495274951,2.1299591534136484,0.5104290263218604,0.015286922454833984,0.06636699689514138,0.5,0.0,1,0
1757356702.1691628,1.2279165906583378,-1.1676322494124112,-0.7818,0.0,0.0,1.4112849830608187,-0.5844921050020744,-0.7817895543559238,2.1590153368720495,0.3398949914965378,0.016619205474853516,0.06643738411109253,0.5,0.0,1,0
1757356702.2027364,1.2457378591667376,-1.1853182603958052,-0.7822,0.0,0.0,1.4259079356057756,-0.5908184255893891,-0.7822111872083354,2.1801111922422574,0.7548041762286163,0.016633987426757812,0.0664879570963756,0.5,0.0,1,0
1757356702.238716,1.2612042931055596,-1.2007175765162974,-0.7827,0.0,0.0,1.4393775434167562,-0.5976838284968444,-0.7826565629701193,2.199863513563,0.654242835115871,0.016684293746948242,0.06652933255146233,0.5,0.0,1,0
1757356702.2695296,1.2723973438355896,-1.2118721226401377,-0.7831,0.0,0.0,1.4471029284967307,-0.6040562243516195,-0.7830857054008188,2.210071948307357,0.4789999324833916,0.016500234603881836,0.06653179227381334,0.5,0.0,1,0
1757356702.3035321,1.2865902013095492,-1.2261592646397734,-0.7836,0.0,0.0,1.4585095247167572,-0.6107709626206937,-0.7835391085427773,2.226380082499026,0.6036167669075901,0.016686677932739258,0.06655929406268296,0.5,0.0,1,0
1757356702.33595,1.2969385158054698,-1.2365391257098646,-0.7838,0.0,0.0,1.465842821524629,-0.6169134383871143,-0.7839166246033163,2.236221560082141,0.44246506691723075,0.016564488410949707,0.06656070078050301,0.5,0.0,1,0
1757356702.3713825,1.306975571869611,-1.2466142302980139,-0.7841,0.0,0.0,1.4821183891037286,-0.6227620787339191,-0.7842797113882899,2.2636111501741354,0.4163260790960415,0.01708352565765381,0.06663360192525415,0.5,0.0,1,0
1757356702.40433,1.3191241589651612,-1.2585093730472836,-0.7844,0.0,0.0,1.4932036905887056,-0.6286368861586978,-0.7846210796406178,2.280077045649695,0.5001434406266091,0.017000198364257812,0.06667005365700765,0.5,0.0,1,0
1757356702.4470475,1.3330355457353165,-1.2723208868527283,-0.7848,0.0,0.0,1.4849074305427605,-0.6346971676089859,-0.7849597639048338,2.258426537746302,0.6129722114751333,0.015993595123291016,0.0665532878744762,0.5,0.0,1,0
1757356702.4695764,1.3431060096666376,-1.2823232512757592,-0.7851,0.0,0.0,1.4893242250464378,-0.6404525191921648,-0.7852925240259214,2.2628424615006617,0.4335982718808373,0.01637101173400879,0.06652831850111675,0.5,0.0,1,0
1757356702.5027995,1.3528664432782267,-1.2920790362275871,-0.7853,0.0,0.0,1.5003191007666532,-0.6459533086884593,-0.7855903626883043,2.280049172767435,0.41344508702339494,0.016690850257873535,0.06655614378533765,0.5,0.0,1,0
1757356702.5364735,1.3654351009667096,-1.3046074809855885,-0.7856,0.0,0.0,1.507502767500463,-0.6517126725886121,-0.785883873067468,2.2889963092493617,0.5360559852408243,0.016555070877075195,0.06655605948451727,0.5,0.0,1,0
1757356702.5696707,1.3745327912434755,-1.3136808095750045,-0.786,0.0,0.0,1.5212181541651943,-0.6571019071593452,-0.786212759503495,2.3116721513720146,0.37932857194485886,0.016944527626037598,0.06660993782114112,0.5,0.0,1,0
1757356702.6028864,1.3858168875982462,-1.3253153279709788,-0.7862,0.0,0.0,1.5217012126121983,-0.6625318233884081,-0.7864920961965529,2.3084174541339513,0.49508902297219715,0.01636981964111328,0.06656573732957792,0.5,0.0,1,0
1757356702.6359992,1.398659498222206,-1.3383818131859067,-0.7866,0.0,0.0,1.5284321015401474,-0.6684138901833905,-0.7868074708734892,2.3165762517358806,0.5533527926075624,0.01655864715576172,0.06656240346517607,0.5,0.0,1,0
1757356702.6799817,1.4079514364043606,-1.3478470441423103,-0.7868,0.0,0.0,1.5905220218713074,-0.6745084137730483,-0.7871386774471308,2.4327409044717454,0.3375913193979068,0.01964712142944336,0.06699806668247317,0.5,0.0,1,0
1757356702.705433,1.4202025542431873,-1.3596653509391432,-0.7869,0.0,0.0,1.5444843217317226,-0.679561111775794,-0.7873198967135032,2.339209594779238,0.5701789026033695,0.014927506446838379,0.06661336313633372,0.5,0.0,1,0
1757356702.7372303,1.4337454368729121,-1.3730791743291122,-0.7873,0.0,0.0,1.5368421350850716,-0.6854244711582171,-0.7875776770588868,2.3200667106177457,0.6010317702049248,0.015860795974731445,0.0664936287019537,0.5,0.0,1,0
1757356702.7695496,1.4435507865336743,-1.3827920606419313,-0.7876,0.0,0.0,1.5376915752473592,-0.6909541375948774,-0.7878481563211357,2.318229060822541,0.43098776778442904,0.01601541042327881,0.06643682007069326,0.5,0.0,1,0
1757356702.8037963,1.4583439032450252,-1.3977187030657867,-0.7879,0.0,0.0,1.5582101915819673,-0.6973949516873965,-0.7881397337016239,2.351712887275405,0.6212882714122837,0.01691436767578125,0.06652292328468536,0.5,0.0,1,0
1757356702.838321,1.4738225715790894,-1.4132409789812652,-0.7884,0.0,0.0,1.5820940280055795,-0.7044343596607731,-0.7884971895186871,2.39136151957755,0.6317690357884683,0.017353415489196777,0.06664229391957922,0.5,0.0,1,0
1757356702.8707085,1.4847445725434962,-1.4242037728732877,-0.7889,0.0,0.0,1.5670953219724084,-0.7105476365227354,-0.7888673501286422,2.3597084362171152,0.49593997121025163,0.0156097412109375,0.06648026595129353,0.5,0.0,1,0
1757356702.9028409,1.4922955473532862,-1.4319429611659544,-0.7892,0.0,0.0,1.578345476719999,-0.7160461692246866,-0.7892333100301926,2.378024038756974,0.32577296382622306,0.01660168170928955,0.06650959934736689,0.5,0.0,1,0
1757356702.9371545,1.501280239214006,-1.4410334613563793,-0.7895,0.0,0.0,1.5850791056662774,-0.7211634690523963,-0.7895776292793417,2.3876008640952935,0.3880106813159604,0.01647484302520752,0.06651239828471667,0.5,0.0,1,0
1757356702.9730904,1.5128398629120507,-1.452742743840882,-0.7902,0.0,0.0,1.5946608494174606,-0.7265832675520969,-0.7900278229729499,2.4017634195327386,0.49523414471068417,0.01662731170654297,0.06653565759403805,0.5,0.0,1,0
1757356703.0067751,1.5273012088413396,-1.4671659449796852,-0.7907,0.0,0.0,1.63604492262169,-0.7330430089343232,-0.7905232320415261,2.4744419189641684,0.5551374753024654,0.018401384353637695,0.06679981899562458,0.5,0.0,1,0
1757356703.0369651,1.541436766377881,-1.4813988421087876,-0.7912,0.0,0.0,1.605087848920343,-0.7390852316093619,-0.7909694082613034,2.4124998091930685,0.6595125936728782,0.015212655067443848,0.06652753559839397,0.5,0.0,1,0
1757356703.0693827,1.5516700762973183,-1.4917110841334618,-0.7917,0.0,0.0,1.6067145312088398,-0.745014211637125,-0.7914489883958042,2.412400465803784,0.44922749409184903,0.016179561614990234,0.06648261661798269,0.5,0.0,1,0
1757356703.1043613,1.5633554189773855,-1.5038540730530319,-0.7921,0.0,0.0,1.6277032980753188,-0.7512027736441509,-0.7919230669627458,2.4475040768907483,0.492456816488693,0.017115235328674316,0.06658214813370178,0.5,0.0,1,0
1757356703.1456387,1.5770782684288929,-1.517916977449099,-0.7928,0.0,0.0,1.7104690368698472,-0.7584949325126634,-0.7925275719729667,2.5985029158844553,0.4726063060698797,0.020801067352294922,0.06717966507109713,0.5,0.0,1,0
1757356703.1690369,1.5870061604304648,-1.5281068933043829,-0.7933,0.0,0.0,1.5969233791117095,-0.7630721051993761,-0.7929520350324677,2.3859522136587747,0.6015163377924629,0.011832952499389648,0.06630229297583301,0.5,0.0,1,0
1757356703.2026706,1.5964616354063532,-1.5373336806899072,-0.7938,0.0,0.0,1.6208320916038597,-0.7687044144683735,-0.7934836139733604,2.4259761425509643,0.3959023582972628,0.016697049140930176,0.06639937829176781,0.5,0.0,1,0
1757356703.23594,1.6057308199241882,-1.5466665530259862,-0.7944,0.0,0.0,1.633748318103631,-0.7739325279777025,-0.7940342934369351,2.4466831576949772,0.3994796164453676,0.016480684280395508,0.06643789746407233,0.5,0.0,1,0
1757356703.269226,1.6147214649455224,-1.5557255579662554,-0.7949,0.0,0.0,1.649037792751474,-0.7789568135111297,-0.7945783742035993,2.471802587319956,0.38098588966078933,0.016762971878051758,0.06650352256420139,0.5,0.0,1,0
1757356703.3072736,1.6348416082099342,-1.5763938334516001,-0.7956,0.0,0.0,1.6847404984435688,-0.7862128551214014,-0.7951927962983629,2.5315697705789817,0.8026216292458505,0.017974138259887695,0.06671672938259579,0.5,0.0,1,0
1757356703.3540714,1.6504471486976817,-1.5923834015593776,-0.7964,0.0,0.0,1.7722717328877429,-0.7945125920207617,-0.7959295720393961,2.690499289626431,0.5212415910401194,0.02144598960876465,0.06737097663106167,0.5,0.0,1,0
1757356703.3698618,1.6617395199033582,-1.6039697249596987,-0.7969,0.0,0.0,1.6220507741066779,-0.7995079657267967,-0.7963988434627964,2.4144485191511937,0.7822662602126955,0.010346055030822754,0.06621624814001473,0.5,0.0,1,0
1757356703.406562,1.667707234061879,-1.6100513774592287,-0.7974,0.0,0.0,1.6483923052230445,-0.8051318457201577,-0.7969936304456438,2.458610249079585,0.2577717387075606,0.0,0.06632000592250237,0.0,0.0,1,0
1757356703.4362273,1.6792121419637898,-1.6218426377894068,-0.7981,0.0,0.0,1.660875478561904,-0.8108676893313779,-0.7976236391146576,2.4785389726982987,0.49664161731096923,0.0,0.06639971096003189,0.0,0.0,1,0
1757356703.4708688,1.6875373128567288,-1.6303846925676728,-0.7985,0.0,0.0,1.6765112622202993,-0.8162221304936431,-0.7982050854019087,2.505048467317246,0.3438600526259607,0.0,0.0665583197746045,0.0,0.0,1,0
1757356703.5080621,1.7022778145264428,-1.645499942065679,-0.799,0.0,0.0,1.6549521747470752,-0.8220630869720623,-0.7987364308385705,2.4656558248340086,0.6670578510845364,0.0,0.0664555532155924,0.0,0.0,1,0
1757356703.5790768,1.7128893592495698,-1.6564162139344905,-0.7995,0.0,0.0,1.6988180806946,-0.8285548657985382,-0.7993308116774034,2.541690888457878,0.390996709542866,0.0,0.06689717950078426,0.0,0.0,1,0
1757356703.587463,1.7265451213357177,-1.6704743545190037,-0.7994,0.0,0.0,1.7328674023844675,-0.8354378051710081,-0.7997382409031543,2.6015335445657652,0.4810695464526144,0.0,0.06733306880853815,0.0,0.0,1,0
1757356703.6100242,1.7352864875698477,-1.6794123927670477,-0.7994,0.0,0.0,1.6004983333641258,-0.8394614909031239,-0.7998532837773822,2.3732696478352495,0.5540466362691345,0.0,0.06631687521156418,0.0,0.0,1,0
1757356703.6362004,1.74732379207871,-1.6917958350811568,-0.8031,0.0,0.0,1.58045886464943,-0.8451413853351409,-0.8010828396341464,2.3412434784970553,0.5805625610021385,0.0,0.0662075551758278,0.0,0.0,1,0
1757356703.6691196,1.7560158017710714,-1.7007864016192051,-0.8046,0.0,0.0,1.5866265893208462,-0.8507023286207298,-0.8024368012875879,2.351561799392733,0.37825025124237094,0.0,0.06632877215516682,0.0,0.0,1,0
1757356703.702628,1.7555865626128568,-1.7004470085662695,-0.8025,0.0,0.0,1.5832256312586153,-0.8541183907116068,-0.8028009770130868,2.3470439067888074,0.06539656599487047,0.0,0.06640582367906828,0.0,0.0,1,0
1757356703.735976,1.7612783612547778,-1.7063379817803224,-0.801,0.0,0.0,1.5778907762575447,-0.8573500257711674,-0.8026198339050273,2.3394118795320376,0.24925102274472602,0.0,0.06647446465156506,0.0,0.0,1,0
1757356703.7705815,1.7654026381372752,-1.7106003971746206,-0.8013,0.0,0.0,1.575195630989872,-0.8602155266182611,-0.802571931354537,2.336078810620948,0.17364082476472142,0.0,0.06657562437106838,0.0,0.0,1,0
1757356703.8029022,1.7621140812922618,-1.7072396185256447,-0.8015,0.0,0.0,1.5552285884759902,-0.8611697101273583,-0.8025695522545561,2.3058566144784995,0.14461554695343132,0.0,0.06652864240947261,0.0,0.0,1,0
1757356703.8359787,1.7628508793388165,-1.7080000286019374,-0.8018,0.0,0.0,1.5388731219199059,-0.8618663294291232,-0.802648202359112,2.2816538000365467,0.033633206448894996,0.0,0.06650981645890419,0.0,0.0,1,0
1757356703.873223,1.7637681404432,-1.7089469871649752,-0.8018,0.0,0.0,1.5266760024073034,-0.8624595065824849,-0.8027005267533571,2.2641004817113437,0.03973529389282956,0.0,0.0665292082540625,0.0,0.0,1,0
1757356703.9135914,1.7627649151485463,-1.7079208828796593,-0.8016,0.0,0.0,1.5342288613969606,-0.8628702799738197,-0.8026970349940913,2.276607371281585,0.03986503012402918,0.0,0.06676359818083615,0.0,0.0,1,0
1757356703.9358463,1.7626922672977647,-1.707845981107438,-0.801,0.0,0.0,1.4923946781252941,-0.862441348036411,-0.8024570663525916,2.214902648882871,0.020251283897598636,0.0,0.06648097346357912,0.0,0.0,1,0
1757356703.9693842,1.7626224619865352,-1.7077740651694087,-0.8011,0.0,0.0,1.4815920792313677,-0.8623801972283838,-0.8023296575535869,2.2000466786492656,0.0042737619990950715,0.0,0.0665054621880714,0.0,0.0,1,0
1757356704.0027585,1.7626704412925958,-1.7078229349142902,-0.8015,0.0,0.0,1.4707744324056427,-0.8622897890290276,-0.802346677952315,2.1853329424001497,0.012200631358720888,0.0,0.06653182635971289,0.0,0.0,1,0
1757356704.035949,1.762658991131427,-1.7078111099630107,-0.8015,0.0,0.0,1.4580841192014196,-0.8621436611819311,-0.8023498846216871,2.1681161547589087,0.0004974870226717376,0.0,0.06653763910946438,0.0,0.0,1,0
1757356704.0691307,1.7626507015844834,-1.7078025469020683,-0.8016,0.0,0.0,1.4462559762192544,-0.8619922150814636,-0.8023749020799288,2.1523245589542084,0.003031120352710896,0.0,0.06655120581889948,0.0,0.0,1,0
1757356704.1022718,1.762891290502685,-1.7080495258336015,-0.8016,0.0,0.0,1.433796510187067,-0.8618675811732904,-0.8023851556299343,2.1358966839961853,0.010402778467833395,0.0,0.06655476579610692,0.0,0.0,1,0
1757356704.1367526,1.7629839810422387,-1.708145170005532,-0.8014,0.0,0.0,1.422845100566378,-0.8617598741180413,-0.8023284533477963,2.1217222575716876,0.007197796265832299,0.0,0.06657370971524412,0.0,0.0,1,0
1757356704.1767426,1.763103269983588,-1.7082682266985794,-0.8014,0.0,0.0,1.4212887102438219,-0.8617886754338878,-0.8022911765304146,2.120412541511642,0.004871744953374527,0.0,0.06671151646466228,0.0,0.0,1,0
1757356704.2111595,1.7630011591887143,-1.708163866821502,-0.8016,0.0,0.0,1.4298077050804636,-0.8619206913176509,-0.8023312539046585,2.1329534121714557,0.006526145398727009,0.0,0.06700162393591311,0.0,0.0,1,0
1757356704.236139,1.763010038099617,-1.7081730363541021,-0.8016,0.0,0.0,1.3711541246622474,-0.8610857542191985,-0.8022848995725899,2.056130972779446,0.0004777172914016915,0.0,0.06640014923274701,0.0,0.0,1,0
1757356704.2708237,1.7630214691708166,-1.7081848400333886,-0.8016,0.0,0.0,1.3662532507644343,-0.861019421096085,-0.802287446835657,2.0505710772266377,0.0004924999585246503,0.0,0.06646450766837532,0.0,0.0,1,0
1757356704.3024116,1.763009358807746,-1.708172436094021,-0.8018,0.0,0.0,1.357468302605112,-0.8608914515983281,-0.8023396847422355,2.0402234488670965,0.006077140657023188,0.0,0.06648672362360289,0.0,0.0,1,0
1757356704.3361034,1.7630094112384158,-1.708172489161651,-0.802,0.0,0.0,1.3498342722284506,-0.8607787100165086,-0.8024324019289393,2.0314129557025247,0.005988740573523683,0.0,0.06652722171494818,0.0,0.0,1,0
1757356704.3693593,1.7630094794014108,-1.7081725568381916,-0.8019,0.0,0.0,1.3395078385077663,-0.860627000820023,-0.8024629591651316,2.0194415193642623,0.0030252780073143663,0.0,0.06653114611523628,0.0,0.0,1,0
1757356704.4025154,1.7630094048633274,-1.7081724842311334,-0.802,0.0,0.0,1.3299336886480164,-0.8604855257009765,-0.802509594366397,2.008546582562727,0.0030131943495877184,0.0,0.06654310737439531,0.0,0.0,1,0
1757356704.4452486,1.763009405721639,-1.7081724840074128,-0.802,0.0,0.0,1.3633696650709548,-0.8609559080016558,-0.8025863219239371,2.050381678346457,2.0731345895083978e-08,0.0,0.06724054546501564,0.0,0.0,1,0
1757356704.4675846,1.763009407491231,-1.7081724830766578,-0.8021,0.0,0.0,1.3007550192717734,-0.8600584232508107,-0.8025752031537258,1.9758784974330057,0.003958571092291944,0.0,0.06644555829557933,0.0,0.0,0,0
1757356704.5021026,1.7630094051413576,-1.7081724844966113,-0.8022,0.0,0.0,1.299939111867273,-0.8600416235803985,-0.8026395448233417,1.975433434021413,0.0029033357571594557,0.0,0.06656656561869889,0.0,0.0,0,0
1757356704.532707,1.7630094057025845,-1.7081724839574504,-0.8022,0.0,0.0,1.278951492292108,-0.8597383179517433,-0.8026621184265289,1.952761430060061,2.553235195367851e-08,0.0,0.06637808963792888,0.0,0.0,0,0
1757356704.565858,1.7630094070778528,-1.7081724826323648,-0.8023,0.0,0.0,1.2740226371385552,-0.8596634860704786,-0.8027161477730669,1.9478885979334744,0.003021027536437991,0.0,0.06643215082991956,0.0,0.0,0,0
1757356704.599315,1.7630094050634286,-1.7081724845914636,-0.8024,0.0,0.0,1.2688337799708853,-0.8595850231288672,-0.8027811950638539,1.942786353080319,0.002995246801913451,0.0,0.06648929716287524,0.0,0.0,0,0
1757356704.6337597,1.7630094057135892,-1.7081724839630938,-0.8025,0.0,0.0,1.2659183590907457,-0.8595388458682722,-0.8028570498835288,1.9401269807183323,0.002915505136986134,0.0,0.06659125463416056,0.0,0.0,0,0
1757356704.665949,1.7630094066611304,-1.7081724830473963,-0.8025,0.0,0.0,1.2523140978666452,-0.859341464662063,-0.8028978513436571,1.926400663501679,4.101245913111668e-08,0.0,0.06650938508929734,0.0,0.0,0,0
1757356704.6992629,1.7630094050703533,-1.7081724845987998,-0.8026,0.0,0.0,1.2450669903623561,-0.8592343472121591,-0.8029573055222496,1.9194275587614837,0.0030113538630234782,0.0,0.06652946949261021,0.0,0.0,0,0
1757356704.7421467,1.7630094054847034,-1.7081724841984391,-0.8026,0.0,0.0,1.2725821712981729,-0.8596181517565136,-0.8030353683606838,1.9487174088301809,1.3457415257240287e-08,0.0,0.06723251301196008,0.0,0.0,0,0
1757356704.7658103,1.7630094066383393,-1.7081724830838845,-0.8027,0.0,0.0,1.215810846723199,-0.8588113718151659,-0.8030366228988219,1.891740924132589,0.004240354247668841,0.0,0.06632789379191015,0.0,0.0,0,0
1757356704.8030474,1.763009405112936,-1.7081724845709325,-0.8028,0.0,0.0,1.2272314840436378,-0.8589683706403467,-0.8031196754111574,1.9029284815174485,0.0026910714750104326,0.0,0.06667497801431838,0.0,0.0,0,0
1757356704.832427,1.7630094055698924,-1.7081724841295822,-0.8028,0.0,0.0,1.203887862208266,-0.8586350948107562,-0.8031445030624202,1.8813542727329866,2.1659342112822567e-08,0.0,0.06637066921354723,0.0,0.0,0,0
1757356704.8658698,1.763009406768779,-1.7081724829717673,-0.8029,0.0,0.0,1.2008940275139448,-0.8585890881856381,-0.8032043413426116,1.8789308211781284,0.002998137201356783,0.0,0.06644411602249903,0.0,0.0,0,0
1757356704.9009447,1.7630094051326184,-1.7081724845650053,-0.8029,0.0,0.0,1.2017030074638138,-0.8585965495552843,-0.803249950911345,1.8799600290256613,6.52501943095832e-08,0.0,0.06660825488068285,0.0,0.0,0,0
1757356704.9325552,1.763009405581263,-1.7081724841318366,-0.803,0.0,0.0,1.1880038800772885,-0.8583999487610892,-0.803295344543123,1.868068150059205,0.0031752899494941074,0.0,0.06647618900328027,0.0,0.0,0,0
1757356704.9659786,1.7630094064015063,-1.7081724833399812,-0.803,0.0,0.0,1.183070290173994,-0.8583268941338617,-0.803331787220186,1.8640657412234352,3.4179642154937325e-08,0.0,0.06651681931234564,0.0,0.0,0,0
1757356704.9992907,1.763009405161253,-1.7081724845497663,-0.8031,0.0,0.0,1.1769594496941365,-0.8582373692603367,-0.8033832755937527,1.8591185198202387,0.0030127814854716472,0.0,0.0665332118201983,0.0,0.0,0,0
1757356705.034299,1.7630094056246386,-1.7081724841025423,-0.8032,0.0,0.0,1.1757853771387605,-0.8582171743131338,-0.8034522221218783,1.8583896172959344,0.0028655685289142607,0.0,0.06666267100692688,0.0,0.0,0,0
1757356705.0668557,1.7630094068093425,-1.7081724829593325,-0.8033,0.0,0.0,1.1651897252072279,-0.8580650333568748,-0.8035195937128625,1.849844985148648,0.0030820527897889314,0.0,0.06657776716843232,0.0,0.0,0,0
1757356705.1026723,1.7630094051723706,-1.7081724845512434,-0.8033,0.0,0.0,1.1657754578322894,-0.8580696953975594,-0.803576168334036,1.8505763923573284,6.387197897259164e-08,0.0,0.0667515377885886,0.0,0.0,0,0
1757356705.1324773,1.7630094056295291,-1.7081724841102095,-0.8034,0.0,0.0,1.1465596009754855,-0.8577974113834516,-0.8036232755892292,1.835558489923827,0.0033677827560856253,0.0,0.06644531755523371,0.0,0.0,0,0
1757356705.1659079,1.763009406794931,-1.7081724829860696,-0.8035,0.0,0.0,1.142982523342262,-0.8577442977895522,-0.8036960512706709,1.833034760992485,0.0029961668420728626,0.0,0.06649659517548218,0.0,0.0,0,0
1757356705.1998665,1.7630094051897283,-1.7081724845461972,-0.8035,0.0,0.0,1.139898436763896,-0.857698124722694,-0.8037473217426766,1.8309104394185887,6.605890513228575e-08,0.0,0.066566995405032,0.0,0.0,0,0
1757356705.2341247,1.7630094056510601,-1.7081724841013155,-0.8036,0.0,0.0,1.136427523091867,-0.8576465244134295,-0.8038113762927658,1.8285203202783102,0.0029277360901331676,0.0,0.06663302743551437,0.0,0.0,0,0
1757356705.2663622,1.7630094064627875,-1.7081724833186338,-0.8037,0.0,0.0,1.126976682695213,-0.8575116666845772,-0.8038780294519441,1.8218155442815338,0.003108757106312817,0.0,0.06653866319012795,0.0,0.0,0,0
1757356705.29934,1.7630094052048078,-1.7081724845429915,-0.8037,0.0,0.0,1.1210462641514085,-0.8574261475653934,-0.8039259187225256,1.8177913268624017,5.334813831559894e-08,0.0,0.06652720276095855,0.0,0.0,0,0
1757356705.3327026,1.7630094056682408,-1.7081724840962826,-0.8038,0.0,0.0,1.1162714007656704,-0.8573568124435328,-0.8039881297187392,1.8146463061144413,0.0030064971185067716,0.0,0.06654447419331215,0.0,0.0,0,0
1757356705.3670228,1.7630094068205888,-1.7081724829857368,-0.8039,0.0,0.0,1.113690931676494,-0.8573180702502563,-0.8040625523267192,1.8130460696495723,0.0029193404470823775,0.0,0.06662496758493801,0.0,0.0,0,0
1757356705.4021761,1.7630094052211056,-1.7081724845382489,-0.804,0.0,0.0,1.1119902873708143,-0.8572915554155516,-0.8041453224458736,1.8120595965446549,0.002848133637351845,0.0,0.06673854375656124,0.0,0.0,0,0
1757356705.435393,1.7630094056883374,-1.7081724840880925,-0.8041,0.0,0.0,1.1043844509361855,-0.857183120302996,-0.8042262821673646,1.8071379997650552,0.003015727525749611,0.0,0.06667562754885402,0.0,0.0,0,0
1757356705.4658391,1.7630094068353381,-1.7081724829831801,-0.8041,0.0,0.0,1.0916023562531074,-0.8570032158619764,-0.8042747274590892,1.7991203269311584,5.250573495562663e-08,0.0,0.06643914086859648,0.0,0.0,0,0
1757356705.4992247,1.763009405275182,-1.7081724844967578,-0.8042,0.0,0.0,1.0887125429805313,-0.8569607501343097,-0.8043450753637609,1.7974697117518885,0.003001226450230366,0.0,0.06648794713214673,0.0,0.0,0,0
1757356705.532717,1.7630094057460253,-1.7081724840433206,-0.8043,0.0,0.0,1.0853179882783777,-0.8569113174122461,-0.8044229832769687,1.795534308686858,0.0029948404510422265,0.0,0.06652653879280084,0.0,0.0,0,0
1757356705.5658062,1.7630094065472857,-1.708172483271786,-0.8043,0.0,0.0,1.0806643490885164,-0.8568445355380055,-0.8044759343198544,1.7928803108787574,3.3714608154296854e-08,0.0,0.06652536065456285,0.0,0.0,0,0
1757356705.5992026,1.7630094052923293,-1.7081724844905324,-0.8044,0.0,0.0,1.0767241938505667,-0.8567876797538638,-0.804541867857735,1.7906938108627637,0.0030045157597717196,0.0,0.06654487569056239,0.0,0.0,0,0
1757356705.632634,1.7630094055714653,-1.7081724842218329,-0.8045,0.0,0.0,1.0728097991684293,-0.8567312558276943,-0.8046167282761083,1.788560425932507,0.002996809065534206,0.0,0.06656396359448362,0.0,0.0,0,0
1757356705.6666572,1.7630094068998365,-1.7081724829433498,-0.8046,0.0,0.0,1.0698485560660638,-0.8566880673224727,-0.8046993257744086,1.786999139440546,0.002947155997324549,0.0,0.06661562474803187,0.0,0.0,0,0
1757356705.70202,1.7630094052224847,-1.7081724845687423,-0.8047,0.0,0.0,1.0689012517087773,-0.8566726734235588,-0.8047894871264492,1.7865823866151607,0.0028341040860735034,0.0,0.06674461558902828,0.0,0.0,0,0
1757356705.73376,1.7630094055837413,-1.7081724842211539,-0.8047,0.0,0.0,1.0599169150316923,-0.8565466076359775,-0.8048433352208977,1.7817778731794318,1.5832138550725675e-08,0.0,0.06657588925692098,0.0,0.0,0,0
1757356705.7670734,1.7630094065586317,-1.708172483283308,-0.8048,0.0,0.0,1.0558461658554164,-0.8564884230042719,-0.804913419555085,1.7797294959084928,0.003008567411975518,0.0,0.06657339670790582,0.0,0.0,0,0
1757356705.7991793,1.7630094052520213,-1.7081724845499087,-0.8049,0.0,0.0,1.0497469931734322,-0.8564024567412747,-0.8049883453859533,1.776697270379597,0.003122271932626651,0.0,0.06648884303063361,0.0,0.0,0,0
1757356705.8325572,1.7630094056370478,-1.7081724841796198,-0.8049,0.0,0.0,1.0466978981981907,-0.8563585750019115,-0.8050434734124555,1.7752615570067272,1.6084742684809593e-08,0.0,0.06651444327751957,0.0,0.0,0,0
1757356705.8662596,1.7630094063331545,-1.7081724835102432,-0.805,0.0,0.0,1.0441534144166962,-0.8563216326946395,-0.8051114773593767,1.7740950241461941,0.0029721120733831583,0.0,0.06656207792202115,0.0,0.0,0,0
1757356705.8995364,1.7630094052734284,-1.7081724845385937,-0.8051,0.0,0.0,1.0403633140357222,-0.856267644434658,-0.8051866762949241,1.772347798716964,0.0030167469830809923,0.0,0.066559597874116,0.0,0.0,0,0
1757356705.9325573,1.7630094056622414,-1.7081724841648351,-0.8052,0.0,0.0,1.0362393697645464,-0.8562091884022819,-0.8052677181704292,1.7704829221823142,0.0030428566247056666,0.0,0.0665383915291784,0.0,0.0,0,0
1757356705.9658856,1.7630094063559354,-1.7081724834980785,-0.8052,0.0,0.0,1.032984587045428,-0.8561627506915788,-0.8053252784139467,1.7690583503065918,2.8959446510651975e-08,0.0,0.06654936901132807,0.0,0.0,0,0
1757356706.0033505,1.7630094052191077,-1.708172484599867,-0.8053,0.0,0.0,1.0359871634133302,-0.8562018819784787,-0.8054034060562081,1.7705218059704946,0.002677004576570664,0.0,0.06684674006659626,0.0,0.0,0,0
1757356706.033023,1.76300940566073,-1.708172484175511,-0.8054,0.0,0.0,1.024655234965495,-0.8560450079659279,-0.8054695028372847,1.7655051927253271,0.0033806765699809006,0.0,0.06649786110151777,0.0,0.0,0,0
1757356706.066376,1.7630094063408175,-1.7081724835221008,-0.8054,0.0,0.0,1.022146311778788,-0.8560090195753893,-0.8055240551984609,1.7644952982638094,2.8327282611455383e-08,0.0,0.06652513509169763,0.0,0.0,0,0
1757356706.0994997,1.763009405293536,-1.708172484537023,-0.8055,0.0,0.0,1.0190082409139387,-0.8559644678334108,-0.8055901948094182,1.7632402288242865,0.003029209458512497,0.0,0.06652473995100237,0.0,0.0,0,0
1757356706.1336548,1.7630094056782935,-1.7081724841674633,-0.8056,0.0,0.0,1.0173655491365323,-0.8559403580065312,-0.8056676847196071,1.762621289679803,0.0029373316619576767,0.0,0.06659612356659109,0.0,0.0,0,0
1757356706.169149,1.7630094063561585,-1.7081724835164571,-0.8056,0.0,0.0,1.0169606252276229,-0.85593309863096,-0.8057246203789955,1.7625153968276421,2.6563692878453082e-08,0.0,0.06673736212338102,0.0,0.0,0,0
1757356706.1992927,1.7630094053058039,-1.7081724845336559,-0.8057,0.0,0.0,1.0084041711964165,-0.8558149310450208,-0.805781861332074,1.7591763250691859,0.003324011349041778,0.0,0.06646228063534956,0.0,0.0,0,0
1757356706.2328858,1.7630094056930012,-1.7081724841619164,-0.8058,0.0,0.0,1.0067251903297143,-0.8557905453945291,-0.8058582154315457,1.7585857413391552,0.002983507251986342,0.0,0.066516958464867,0.0,0.0,0,0
1757356706.2660632,1.7630094063676294,-1.7081724835143008,-0.8059,0.0,0.0,1.0040175664132498,-0.8557522179673545,-0.8059399829604628,1.7576195541947506,0.0030259532073089006,0.0,0.06652202785492438,0.0,0.0,0,0
1757356706.3022113,1.7630094052523435,-1.7081724845930863,-0.8059,0.0,0.0,1.0050198115657523,-0.8557642673178147,-0.8060035548201535,1.7580422471117862,4.3063077415951524e-08,0.0,0.06673341299598368,0.0,0.0,0,0
1757356706.3348272,1.76300940571301,-1.7081724841509915,-0.806,0.0,0.0,1.0002169786801554,-0.855697528367183,-0.8060696925009828,1.756324045015836,0.0030719850001389303,0.0,0.06662983645400024,0.0,0.0,0,0
1757356706.3662376,1.7630094063873383,-1.7081724835039354,-0.8061,0.0,0.0,0.9948708169594448,-0.855623611612649,-0.8061427237856,1.7544870786948032,0.003190798022200611,0.0,0.06647809100320826,0.0,0.0,0,0
1757356706.400256,1.7630094053313095,-1.708172484525215,-0.8062,0.0,0.0,0.9937463884054824,-0.8556069948840116,-0.8062285834238534,1.7541421567134288,0.002945686434567623,0.0,0.06655708315148247,0.0,0.0,0,0
1757356706.4327307,1.763009405723445,-1.7081724841490598,-0.8062,0.0,0.0,0.990064249783707,-0.8555558190868601,-0.8062854988497353,1.7529482095354534,1.6887016827249278e-08,0.0,0.06648863079505597,0.0,0.0,0,0
1757356706.4688303,1.7630094063919717,-1.708172483507872,-0.8063,0.0,0.0,0.9910457710033538,-0.8555676922943994,-0.8063616574381088,1.7533111864361954,0.00278556182063151,0.0,0.06670100732131859,0.0,0.0,0,0
1757356706.500458,1.7630094053454037,-1.7081724845193504,-0.8064,0.0,0.0,0.9858313628561275,-0.8554958925717551,-0.8064355082952682,1.75165304744679,0.003175386106568195,0.0,0.06653559771378355,0.0,0.0,0,0
1757356706.5327272,1.763009405739723,-1.708172484141282,-0.8065,0.0,0.0,0.9825594692176234,-0.8554504752031702,-0.8065180903494249,1.7506665432764177,0.003107398242722608,0.0,0.06647445990905274,0.0,0.0,0,0
1757356706.5792603,1.7630094064050983,-1.708172483503414,-0.8065,0.0,0.0,0.9942912753540002,-0.8556070550523591,-0.8066037131654442,1.7545607990732865,1.9856838002655268e-08,0.0,0.06746191283915678,0.0,0.0,0,0
1757356706.6021738,1.7630094052879939,-1.7081724845817885,-0.8066,0.0,0.0,0.9762928869359453,-0.85536324321581,-0.806646970418489,1.7488691417020108,0.004387439068291306,0.0,0.06640741237304976,0.0,0.0,0,0
1757356706.633871,1.7630094057567511,-1.7081724841325323,-0.8067,0.0,0.0,0.9735788741696996,-0.855325623099785,-0.806723637452549,1.748127269356995,0.0031610035497199817,0.0,0.06634709779833581,0.0,0.0,0,0
1757356706.670145,1.7630094064183763,-1.7081724834985172,-0.8067,0.0,0.0,0.9754977837222861,-0.8553502713625805,-0.8067862034179785,1.7486952447854045,2.5376733113194337e-08,0.018055200576782227,0.06661390597420236,-0.5,0.0,0,0
1757356706.7010942,1.7630094053044567,-1.7081724845731605,-0.8068,0.0,0.0,0.9641242397255221,-0.8552863979826523,-0.8068489865754521,1.7457479267130471,0.0032409720669952847,0.015427470207214355,0.06643287818722235,-0.5,0.0,0,0
1757356706.7329016,1.7630094057776702,-1.708172484119839,-0.8069,0.0,0.0,0.9501593847430699,-0.8552489803753509,-0.8069239421217834,1.7426731315193997,0.003150177625963871,0.01587212085723877,0.06637521163283369,-0.5,0.0,0,0
1757356706.7661495,1.7630094064366317,-1.7081724834886711,-0.807,0.0,0.0,0.9343541155588609,-0.8552334399912098,-0.8070086429155261,1.7398835699862778,0.0030172678225874427,0.0165712833404541,0.06643294899267568,-0.5,0.0,0,0
1757356706.7998087,1.7630094052847538,-1.708172484599687,-0.8071,0.0,0.0,0.9168173813604976,-0.8552189679640088,-0.8070985633090726,1.73763133339812,0.0029779150429449374,0.016790270805358887,0.06650288566000648,-0.5,0.0,0,0
1757356706.8336384,1.763009405534309,-1.7081724843607238,-0.8071,0.0,0.0,0.8981995268680253,-0.8552016334341268,-0.8071624553969634,1.736217047654009,1.0242630197876024e-08,0.016866564750671387,0.06656083798465622,-0.5,0.0,0,0
1757356706.8665226,1.7630094062639703,-1.7081724836623005,-0.8076,0.0,0.0,0.8794534574646187,-0.8551693583333958,-0.8073515051747614,1.735815413714487,0.015288930362796339,0.016351699829101562,0.06652852717450877,-0.5,0.0,0,0
1757356706.9594948,1.7605443766481943,-1.7056008802606988,-0.8095,0.0,0.0,0.8261599285100154,-0.8552504591755377,-0.8082113870771725,1.7379233032135664,0.04345259584515083,0.046455979347229004,0.07166557474617066,-0.5,0.0,0,0
1757356706.962275,1.7598015998877958,-1.704819073593254,-0.8116,0.0,0.0,0.8441425518228757,-0.8542132457160387,-0.809223656598829,1.7344201578883949,0.8778725146935867,0.0013445615768432617,0.06713655226674346,-0.5,0.0,0,0
1757356706.972078,1.7580146209735092,-1.7029262525086044,-0.8148,0.0,0.0,0.847192676988358,-0.8533001531405184,-0.8108543610384156,1.7321617407867165,0.4273508829366468,0.00482630729675293,0.06540574613486624,-0.5,0.0,0,0
1757356707.0020754,1.7440621217505246,-1.6882402090238533,-0.8133,0.0,0.0,0.8199552237086218,-0.8502088826237506,-0.8116770100087186,1.7203817938893382,0.6801687670885639,0.014932036399841309,0.06552881279675545,-0.5,0.0,0,0
1757356707.0330358,1.735089554485192,-1.6787663593670097,-0.8126,0.0,0.0,0.7935527480918534,-0.8464715298355825,-0.8120782225072816,1.715261037946099,0.42287251362019646,0.015450477600097656,0.0656892363637682,-0.5,0.0,0,0
1757356707.0660927,1.728589114033645,-1.6719105208229692,-0.8122,0.0,0.0,0.7663458617835357,-0.8428004682665933,-0.8122615428710004,1.7147036931108102,0.2871134459376256,0.016467571258544922,0.06593512862938297,-0.5,0.0,0,0
1757356707.0991504,1.7155032616696502,-1.6580673094207892,-0.8127,0.0,0.0,0.7404441768030493,-0.8378604537635066,-0.8125363218515079,1.7076144042236048,0.5779709982313479,0.016485095024108887,0.06611375661561059,-0.5,0.0,0,0
1757356707.1329875,1.7064179439358533,-1.6484446206895158,-0.8132,0.0,0.0,0.7148352479955238,-0.8328892047717118,-0.8128817141606403,1.706431238699309,0.3924839927741614,0.016871333122253418,0.0662907096421553,-0.5,0.0,0,0
1757356707.1657894,1.694722550964972,-1.6360545613602553,-0.8124,0.0,0.0,0.6926870597735002,-0.8273856712174626,-0.8128914379840186,1.7017576809465738,0.5214628319373403,0.016354799270629883,0.06634389651145312,-0.5,0.0,0,0
1757356707.1998386,1.6803996180692347,-1.6210929927749134,-0.8119,0.0,0.0,0.6677681379256841,-0.8210594692508129,-0.8127525631561243,1.696227417423504,0.612898186082764,0.016901850700378418,0.06645525924009109,-0.5,0.0,0,0
1757356707.2330496,1.6660916714507132,-1.6060655625732336,-0.8121,0.0,0.0,0.6453480941450304,-0.8142013829137041,-0.8127019805844412,1.6902635293222898,0.6269128007472863,0.01654970645904541,0.06648302083618254,-0.5,0.0,0,0
1757356707.2659724,1.655730127741786,-1.5951856441242636,-0.8118,0.0,0.0,0.6243912274070395,-0.8077802396297205,-0.81257212084871,1.6892424860614659,0.4576920534203348,0.016416549682617188,0.0664840043872449,-0.5,0.0,0,0
1757356707.2998815,1.6460519732402268,-1.5848910656340167,-0.8113,0.0,0.0,0.6011365839017591,-0.8017348105640192,-0.8123306834763684,1.691468115986537,0.4177998992796029,0.016920089721679688,0.06655445325906213,-0.5,0.0,0,0
1757356707.335568,1.6364521499708968,-1.574765520172398,-0.8112,0.0,0.0,0.574145357398437,-0.7959436293432937,-0.8121265060836178,1.6977766680936064,0.3918068295894323,0.017806291580200195,0.06672562177219253,-0.5,0.0,0,0
1757356707.366007,1.624092680115167,-1.5617262362684243,-0.8116,0.0,0.0,0.565739853405156,-0.789892243389723,-0.8120741071245713,1.687097949904645,0.5923983508415651,0.015167593955993652,0.06647204802542477,-0.5,0.0,0,0
1757356707.399813,1.6117456714950986,-1.5486875175704438,-0.812,0.0,0.0,0.54212430086943,-0.783536394816122,-0.812161083163268,1.6886424376158944,0.5324372653675179,0.01686728000640869,0.06653859089075012,-0.5,0.0,0,0
1757356707.4327555,1.6016383291290175,-1.5380063878627566,-0.8115,0.0,0.0,0.5234416423593851,-0.7774981340477807,-0.8120719659826525,1.6899875348922684,0.4482553705553711,0.01641225814819336,0.0665211068481378,-0.5,0.0,0,0
1757356707.4663262,1.588621372789289,-1.524261707682204,-0.8111,0.0,0.0,0.5021373287137787,-0.7710621954914498,-0.8118886210703297,1.6903391865264188,0.5659323107441782,0.016728639602661133,0.06655337692496817,-0.5,0.0,0,0
1757356707.503514,1.577338558213662,-1.5124983116007888,-0.8116,0.0,0.0,0.46881176694732224,-0.7646561906438114,-0.8119077961259623,1.7057206526710713,0.44032258051448875,0.018517494201660156,0.06682604579676371,-0.5,0.0,0,0
1757356707.5339713,1.5641904837599032,-1.4986854550516324,-0.8116,0.0,0.0,0.4658723414790995,-0.7581683293787637,-0.8119007373937668,1.689426786956543,0.627367512910138,0.015198469161987305,0.06654037415496525,-0.5,0.0,0,0
1757356707.5662675,1.5546641934593652,-1.4886892926457491,-0.8104,0.0,0.0,0.45058805040887784,-0.7521214721685334,-0.8115472820572432,1.6906130197247682,0.4306562761282749,0.016092300415039062,0.06647695142611854,-0.5,0.0,0,0
1757356707.6026988,1.5446287803785572,-1.4780231812957687,-0.81,0.0,0.0,0.4176254044259817,-0.7461397015298776,-0.8111781313487004,1.7104367076648286,0.4028083051048721,0.01818537712097168,0.06672513290755282,-0.5,0.0,0,0
1757356707.6328208,1.5322959909474807,-1.4650209641200944,-0.8106,0.0,0.0,0.4170562556289608,-0.7401145717789985,-0.8110700620414363,1.6926311614697382,0.5985136663664279,0.01497948169708252,0.06644578859677007,-0.5,0.0,0,0
1757356707.6665235,1.5233712766007796,-1.4556018470273338,-0.8109,0.0,0.0,0.3949681225667686,-0.7343972500720652,-0.8110844210050785,1.703580058775475,0.38641976982271087,0.016794204711914062,0.06651058485123977,-0.5,0.0,0,0
1757356707.6997721,1.5088420349428107,-1.4405135056479708,-0.8108,0.0,0.0,0.3764038003003146,-0.7279589893576885,-0.8110627493592256,1.7032968415777838,0.6329032294338993,0.01654815673828125,0.06652101989278687,-0.5,0.0,0,0
1757356707.7336576,1.498083938502035,-1.4292530993503922,-0.8105,0.0,0.0,0.35553200493567594,-0.7217288590903952,-0.8109583600831582,1.711758652417354,0.4611141962072341,0.01688992977142334,0.06657544999896575,-0.5,0.0,0,0
1757356707.7730134,1.4842301682616166,-1.4147620419800981,-0.8104,0.0,0.0,0.31077617028930077,-0.7148235877732648,-0.810858682115129,1.7472804833645978,0.5113937953512507,0.01960146427154541,0.06699691108493064,-0.5,0.0,0,0
1757356707.8021135,1.4774487212526783,-1.4074401520538202,-0.8103,0.0,0.0,0.32643288405392834,-0.7094928949852702,-0.8107396875418398,1.7160207966182335,0.344147875736521,0.014500141143798828,0.06655108929165424,-0.5,0.0,0,0
1757356707.8327405,1.4684412878589845,-1.3979304913655406,-0.8099,0.0,0.0,0.3231848463633381,-0.7042787832660541,-0.8105380423696585,1.7060839905067997,0.4299754359574966,0.015238642692565918,0.06636669356653754,-0.5,0.0,0,0
1757356707.865839,1.4575794633926036,-1.3864671380812152,-0.8099,0.0,0.0,0.3025345785737352,-0.698719343879205,-0.8103932275163394,1.7158696109332519,0.47860822412648407,0.01649785041809082,0.06641646927741773,-0.5,0.0,0,0
1757356707.8991818,1.4431858299354372,-1.3714468606203787,-0.8102,0.0,0.0,0.2820482052977286,-0.6923754474481819,-0.8103742760073929,1.7209823657694545,0.6263116585716304,0.016609668731689453,0.06646675821293317,-0.5,0.0,0,0
1757356707.933045,1.4295175053394529,-1.357092925854374,-0.8103,0.0,0.0,0.26027928941891376,-0.6856362974338471,-0.8103891098790398,1.7295648555590983,0.5871774297752423,0.016878128051757812,0.06653819540767958,-0.5,0.0,0,0
1757356707.9660382,1.419619185312529,-1.3467003122361145,-0.81,0.0,0.0,0.24598641704743573,-0.6794546799211645,-0.8103100916111575,1.7339320673416005,0.43657208638004175,0.016440868377685547,0.06652600826616606,-0.5,0.0,0,0
1757356707.9992063,1.4053514158353158,-1.3316955383033273,-0.81,0.0,0.0,0.22995404777706857,-0.6727204447492925,-0.8102516609666165,1.7345549866517966,0.6263541580758503,0.01652848720550537,0.0665301709815775,-0.5,0.0,0,0
1757356708.032429,1.3940063724000693,-1.3197681288365581,-0.81,0.0,0.0,0.21411256880938045,-0.6662125876145593,-0.8102081664544726,1.7396508365810728,0.49713450904542333,0.016556143760681152,0.06653702090821861,-0.5,0.0,0,0
1757356708.0656981,1.379401060984358,-1.3044154286573844,-0.8097,0.0,0.0,0.19766338331283922,-0.6592099751835885,-0.8100878053588003,1.7411161059741769,0.6382371263271941,0.016602158546447754,0.06654814168203178,-0.5,0.0,0,0
1757356708.102133,1.372231110925629,-1.296939228286915,-0.8095,0.0,0.0,0.16489010775464458,-0.6531831116054939,-0.8099423061744728,1.7794321309911727,0.28491080064676744,0.01818215847015381,0.0667765773275941,-0.5,0.0,0,0
1757356708.1323233,1.3634353228357246,-1.2877301341730212,-0.8095,0.0,0.0,0.17602493053196588,-0.6480050723548766,-0.8098319676773942,1.7480718381156557,0.42280454884380314,0.015059828758239746,0.06649144001312451,-0.5,0.0,0,0
1757356708.165838,1.3521114907592087,-1.275875268945407,-0.8095,0.0,0.0,0.15819777065775242,-0.6423263129716267,-0.8097529872658412,1.7576122586257625,0.4909495397466506,0.01669633388519287,0.06652935147946994,-0.5,0.0,0,0
1757356708.1997683,1.3381019283432365,-1.2611046483799906,-0.8093,0.0,0.0,0.1389064415945379,-0.6359464671344804,-0.8096364121339326,1.7658418612123472,0.6019415378162276,0.016910910606384277,0.06658491632002199,-0.5,0.0,0,0
1757356708.2343307,1.3242558525824135,-1.2465451555654092,-0.8092,0.0,0.0,0.11749182429636701,-0.6291414679014273,-0.8095217054661864,1.778315888953798,0.5828401223520773,0.01723659038543701,0.066667364422899,-0.5,0.0,0,0
1757356708.265812,1.3142298486283823,-1.2360055975159014,-0.8089,0.0,0.0,0.11833692061847495,-0.6230533665624192,-0.8093492525066306,1.7607896899446966,0.46345392900228777,0.015697002410888672,0.06650802852837548,-0.5,0.0,0,0
1757356708.3121986,1.3037824750588753,-1.2254446620944104,-0.8087,0.0,0.0,0.022200582134270175,-0.61626131042605,-0.8091642698416098,1.9081231805301848,0.320730452560782,0.023160696029663086,0.06747989783491634,-0.5,0.0,0,0
1757356708.3324726,1.2940346104250302,-1.215385586278412,-0.8086,0.0,0.0,0.12254128875892564,-0.6117860300410879,-0.8090008180981118,1.7221568924246613,0.6944503606905417,0.010085463523864746,0.06624403821946184,-0.5,0.0,0,0
1757356708.3657796,1.281480042537919,-1.2024432876560256,-0.8084,0.0,0.0,0.09540111858853131,-0.6056947149958131,-0.8088236499871292,1.7462990546310482,0.5423280840001734,0.016624808311462402,0.06634705137603963,-0.5,0.0,0,0
1757356708.4021144,1.2704318664914767,-1.1903341970151533,-0.8081,0.0,0.0,0.054375510740355515,-0.599373081907915,-0.808605461286906,1.7973449856144639,0.45218553700151554,0.018128156661987305,0.06662609471664648,-0.5,0.0,0,0
1757356708.4324117,1.2607957044011218,-1.1801048907503962,-0.8078,0.0,0.0,0.06397619120721604,-0.5938740834230825,-0.8083611674188563,1.7654313649757158,0.4650861036021284,0.015111684799194336,0.06639957633687464,-0.5,0.0,0,0
1757356708.4658422,1.2483922285842037,-1.166939802482512,-0.8073,0.0,0.0,0.04435805952373717,-0.5877317833763867,-0.8080361134298703,1.7791385403853908,0.5433486326573538,0.016651034355163574,0.06646005464074131,-0.5,0.0,0,0
1757356708.5003536,1.2331379069092183,-1.151195966217402,-0.8071,0.0,0.0,0.019120702495949937,-0.5808259455038836,-0.8077398598036188,1.7990394261890341,0.6363472649441713,0.01722538471221924,0.06658077211690919,-0.5,0.0,0,0
1757356708.5332856,1.2181835742573885,-1.135570013579891,-0.8067,0.0,0.0,0.00899712564116062,-0.573649360100865,-0.8074087769985985,1.7932282309332985,0.6582918913298847,0.01643073558807373,0.06655179703168378,-0.5,0.0,0,0
1757356708.5715804,1.20735187394199,-1.124258618247499,-0.8064,0.0,0.0,-0.03813068933722036,-0.5665934484474748,-0.8070733751878512,1.8610499875335778,0.40960555976914476,0.01912093162536621,0.06691096567487004,-0.5,0.0,0,0
1757356708.6050625,1.2007089293554727,-1.1173897999118887,-0.8062,0.0,0.0,-0.03709922783442565,-0.5612041431594741,-0.8067768931566592,1.8481655760506257,0.28612919135915943,0.016701698303222656,0.06680398244236338,-0.5,0.0,0,0
1757356708.8139348,1.1920563814262892,-1.108392746143424,-0.8059,0.0,0.0,-0.9780634162949731,-0.5454001251937386,-0.8062056972491713,4.269818180448767,0.06279521616585548,0.0994194746017456,0.08480469840254734,-0.5,0.0,1,0
1757356708.8190026,1.1809132497553179,-1.0968136152323795,-0.8056,0.0,0.0,-0.40831023601052985,-0.5459697292457348,-0.8059893235066472,2.62120655761175,1.6014040906853972,0.005018353462219238,0.07353991567876125,-0.5,0.0,1,0
1757356708.819129,1.1659038505630395,-1.0811041347964485,-0.8054,0.0,0.0,-0.06436046055934014,-0.5435993202819973,-0.8058017764898269,1.8504866731822727,4.401343062655629,0.0024683475494384766,0.06815937452364186,-0.5,0.0,0,0
1757356708.819223,1.1552999280276823,-1.0700426424980367,-0.8051,0.0,0.0,0.1703668264733465,-0.540455854136186,-0.8055997125441328,1.437094384525466,437.2951242246747,1.7523765563964844e-05,0.06539066983258751,-0.5,0.0,0,0
1757356708.8193855,1.1416450331589398,-1.0558055771579054,-0.8047,0.0,0.0,0.3144868736926001,-0.5359111099925833,-0.8053480765289125,1.2375890015032815,206.37800690811994,4.780292510986328e-05,0.06409464173259563,-0.5,0.0,0,0
1757356708.8194847,1.1292691000652393,-1.0432714877031002,-0.8044,0.0,0.0,0.4041882621570842,-0.5307751298614027,-0.8050871918839435,1.1435762551536384,482.946840532469,1.823902130126953e-05,0.0634673859208322,-0.5,0.0,0,0
1757356708.8325315,1.1189925535599374,-1.0327116875230085,-0.804,0.0,0.0,0.3714182034555953,-0.5246728077799679,-0.8047609836836958,1.1542305781489706,1.1390498575647838,0.006470441818237305,0.06342730155015228,-0.5,0.0,0,0
1757356708.8659048,1.109014735627851,-1.022468940824067,-0.8038,0.0,0.0,0.20390818395880456,-0.5174366622884103,-0.8044201906587011,1.3202717042249017,0.42967058803244834,0.01664149761199951,0.06406160188830934,-0.5,0.0,0,0
1757356708.9128017,1.0969000259158337,-1.0095105434582743,-0.8035,0.0,0.0,-0.0034163496036307417,-0.5094307969441585,-0.804050982638673,1.6245424276966696,0.3788318077074379,0.023416638374328613,0.06536702939054323,-0.5,0.0,0,0
1757356708.9344356,1.0878699138375876,-1.0000521156123656,-0.8031,0.0,0.0,0.040563605740714215,-0.5044219193868378,-0.8037296679275219,1.5348207473612128,0.6067119464213852,0.01078188419342041,0.06502209179883554,-0.5,0.0,0,0
1757356708.9659204,1.0762441089418824,-0.9878789063857549,-0.8027,0.0,0.0,-0.00812649167134627,-0.49827407434247034,-0.803356896209578,1.6004229199241342,0.5364635751835796,0.015693187713623047,0.06532658306277288,-0.5,0.0,0,0
1757356709.0071812,1.062369101744879,-0.9736671111277795,-0.8023,0.0,0.0,-0.11490576486897686,-0.49099949001810406,-0.802941696376864,1.7755257180072002,0.4822871473468584,0.020595431327819824,0.0661522819144469,-0.5,0.0,0,0
1757356709.032604,1.0520271845536993,-0.9629720026356942,-0.8019,0.0,0.0,-0.06869487935101226,-0.4856021943036346,-0.8025710399940671,1.6721779966050725,0.5900187215148811,0.012612223625183105,0.06573865149660121,-0.5,0.0,0,0
1757356709.0659444,1.0387094859912076,-0.9492088326052801,-0.8016,0.0,0.0,-0.10509978776835166,-0.47902103530087436,-0.8021918302819606,1.7196514693091867,0.575687195440809,0.016635775566101074,0.0659648873645971,-0.5,0.0,0,0
1757356709.1001413,1.0243826029462064,-0.934398076729527,-0.8013,0.0,0.0,-0.13914495335933436,-0.4720303608153934,-0.8018271697850223,1.7627667580132842,0.6039469097306849,0.017061471939086914,0.06618226377821904,-0.5,0.0,0,0
1757356709.1325598,1.0130353095948015,-0.9226784504856509,-0.8009,0.0,0.0,-0.1506699144388205,-0.4655649848980133,-0.8014535003750181,1.7674259972846567,0.5056505740626657,0.016135454177856445,0.06621442789383529,-0.5,0.0,0,0
1757356709.1659944,1.0020212585265365,-0.9113106470730673,-0.8006,0.0,0.0,-0.17023997093314447,-0.4592734477748836,-0.8010927481709782,1.7886443388165596,0.4748883139387088,0.016668319702148438,0.06630945015644538,-0.5,0.0,0,0
1757356709.2016332,0.992971257025767,-0.9019893299033587,-0.8002,0.0,0.0,-0.20303556598748174,-0.45338082962105924,-0.8007076738117487,1.8398639319224814,0.3654498035095343,0.017783641815185547,0.06652645215574043,-0.5,0.0,0,0
1757356709.23222,0.9848431198700414,-0.8936196539993716,-0.7998,0.0,0.0,-0.18797281377752123,-0.44850742250853604,-0.8003323931104133,1.7968027203041506,0.3823037486641273,0.015267729759216309,0.0663351943634469,-0.5,0.0,0,0
1757356709.2660024,0.9743754912952827,-0.8828505739065101,-0.7992,0.0,0.0,-0.20720357412534773,-0.4431802615353795,-0.7998751160194734,1.8190573534829082,0.4462975531241485,0.016838669776916504,0.06642010515758644,-0.5,0.0,0,0
1757356709.3040307,0.9574868727240009,-0.8654967511428737,-0.7989,0.0,0.0,-0.2570510823175514,-0.4362417473191719,-0.799439583124767,1.8950986391347158,0.6382047208919779,0.01897287368774414,0.06677313567431488,-0.5,0.0,0,0
1757356709.352182,0.9462890312780119,-0.8539958301057528,-0.7985,0.0,0.0,-0.34130705562576036,-0.4291666953176922,-0.7989791843820012,2.0559873901070804,0.3602195268925207,0.022287607192993164,0.06750504283652459,-0.5,0.0,1,0
1757356709.3660464,0.9318684539224329,-0.839196745766709,-0.798,0.0,0.0,-0.18270003197080942,-0.4242133323159707,-0.7986220315814433,1.7049422195300772,1.2012986780812607,0.00860285758972168,0.06605659631733271,-0.5,0.0,0,0
1757356709.399323,0.9204175890906164,-0.8276991992827586,-0.7977,0.0,0.0,-0.21676232509969628,-0.41761859321223715,-0.7982083733478996,1.7554288093094965,0.4892596123059571,0.0165860652923584,0.06619422026193686,-0.5,0.0,0,0
1757356709.4326444,0.9098664002504804,-0.8169899572753738,-0.7975,0.0,0.0,-0.24251276487115742,-0.41144664059047686,-0.7978520020447692,1.7915054869422475,0.45211208536971614,0.01662766933441162,0.06629903521133529,-0.5,0.0,0,0
1757356709.46586,0.8996238056036523,-0.8066040403876796,-0.7971,0.0,0.0,-0.2615273241170174,-0.4056217397466075,-0.7974800894650934,1.8148350693529616,0.43986448671242684,0.016587376594543457,0.06636774515541716,-0.5,0.0,0,0
1757356709.4992435,0.8907241536311818,-0.7971999128120928,-0.7967,0.0,0.0,-0.27772332833391,-0.4001850892557572,-0.7970959178942694,1.8345951465132826,0.3889209296800064,0.01665353775024414,0.06642491862546052,-0.5,0.0,0,0
1757356709.5327744,0.8785699640262065,-0.7846512080249042,-0.7964,0.0,0.0,-0.29282655436887695,-0.39441127234151474,-0.7967320337470136,1.8476016562707696,0.5221962804446952,0.01672971248626709,0.06647505156886435,-0.5,0.0,0,0
1757356709.565933,0.8668963038850773,-0.7726023015296567,-0.796,0.0,0.0,-0.3026580648851729,-0.3885614856925136,-0.7963565453142807,1.8504326295166815,0.507470718269681,0.01653420925140381,0.06648308261358571,-0.5,0.0,0,0
1757356709.6023133,0.8504732815899262,-0.7559573668577656,-0.7957,0.0,0.0,-0.339749150054074,-0.381488405697164,-0.7959833795029102,1.9044975316580546,0.6439501721151777,0.018157482147216797,0.06671296072333942,-0.5,0.0,0,0
1757356709.637761,0.8390772075643361,-0.7443261995915964,-0.7954,0.0,0.0,-0.3577911511434171,-0.3749334523518362,-0.7956334642410917,1.925932713412809,0.4603397829423223,0.01768946647644043,0.06680200455687518,-0.5,0.0,0,0
1757356709.666411,0.8280159429039498,-0.7330443186501393,-0.795,0.0,0.0,-0.3160704686743304,-0.36929903293865113,-0.7953021754430233,1.819977495010957,0.5530038467872249,0.0142899751663208,0.06639098275689925,-0.5,0.0,0,0
1757356709.7017787,0.8194564120844271,-0.724320610630229,-0.7948,0.0,0.0,-0.34972521679492574,-0.363524256634065,-0.794971851648632,1.8785514767225986,0.3462965487456927,0.01764857769012451,0.06657799724751992,-0.5,0.0,0,0
1757356709.7328737,0.8113443568679476,-0.7160567915602503,-0.7945,0.0,0.0,-0.33753656964639683,-0.3587297703033767,-0.7946713683166597,1.840053448383469,0.3733443776008321,0.01551365852355957,0.06641355287448955,-0.5,0.0,0,0
1757356709.766625,0.8034727442729694,-0.7080421212527673,-0.7942,0.0,0.0,-0.35539261872712946,-0.35398806472347555,-0.7943555300569547,1.866268771467858,0.3336488786331488,0.016840696334838867,0.06648539279355549,-0.5,0.0,0,0
1757356709.8009205,0.7820555539869787,-0.6862754949182589,-0.7938,0.0,0.0,-0.37614145475778493,-0.3469101142451312,-0.7940106581141521,1.879470930787873,0.8923068085707758,0.01711249351501465,0.06657205723017547,-0.5,0.0,0,0
1757356709.836112,0.7707171992327574,-0.6747568592989456,-0.7936,0.0,0.0,-0.3996047971337162,-0.3402099448734017,-0.7937013957703254,1.913506709152633,0.46022439245151114,0.01756107807159424,0.06669276970903695,-0.5,0.0,0,0
1757356709.866342,0.7597139320318048,-0.6635823982224958,-0.7935,0.0,0.0,-0.37510018481637153,-0.33435332685307945,-0.79347937483033,1.8437118864178152,0.5199796420924655,0.01508021354675293,0.0664311708788014,-0.5,0.0,0,0
1757356709.9021537,0.7500883734403584,-0.654111051070341,-0.7934,0.0,0.0,-0.4108208760093034,-0.3283861818980872,-0.7932632368646503,1.907112364673256,0.377841075005528,0.017870426177978516,0.066640320292136,-0.5,0.0,0,0
1757356709.9333856,0.7401711897246254,-0.6441769764198015,-0.7933,0.0,0.0,-0.39641142228904674,-0.3231994934746937,-0.7931067679942825,1.8608236828120943,0.4504693177440271,0.01558077335357666,0.06646590742007402,-0.5,0.0,0,0
1757356709.9686427,0.7305428589725,-0.6345397405440611,-0.7932,0.0,0.0,-0.4249603951683034,-0.31777488953000244,-0.7929474109570946,1.9090437953416606,0.38739348172611915,0.017583131790161133,0.06662512064935974,-0.5,0.0,0,0
1757356709.999289,0.7118554529963413,-0.6151108901661863,-0.7929,0.0,0.0,-0.4072338675980837,-0.31117393565604473,-0.7927731636719424,1.8428196666524426,0.8823870651894985,0.015276193618774414,0.0664156544927114,-0.5,0.0,0,0
1757356710.0326579,0.7017849126729939,-0.6047724810682799,-0.7927,0.0,0.0,-0.42214460672782744,-0.30483845364266426,-0.7925788914051926,1.8605021668171813,0.4354321725084711,0.01657426357269287,0.0664543368963959,-0.5,0.0,0,0
1757356710.065939,0.6920136158064761,-0.594741183233177,-0.7925,0.0,0.0,-0.43514923669391414,-0.2989651200307466,-0.7923834997960402,1.8746563570433687,0.42120735723552666,0.016625046730041504,0.06648848634049487,-0.5,0.0,0,0
1757356710.099233,0.6750921609407267,-0.5776964820534759,-0.7923,0.0,0.0,-0.44721233011936146,-0.2920937177802445,-0.7921878761191207,1.876840801375264,0.7226858719955149,0.016617655754089355,0.06651114255973321,-0.5,0.0,0,0
1757356710.1326377,0.6643086652726732,-0.5667549774547207,-0.7921,0.0,0.0,-0.4577698355320108,-0.28571661391859476,-0.7919919071591686,1.8844353493817425,0.4620950881712099,0.016623854637145996,0.06652767742641827,-0.5,0.0,0,0
1757356710.1659367,0.6538416206392423,-0.5561381857141569,-0.7919,0.0,0.0,-0.46712338332539394,-0.2797195635761425,-0.7917957533897076,1.889938999569337,0.44854926350419255,0.016620516777038574,0.06653865509884113,-0.5,0.0,0,0
1757356710.203392,0.6440189074544508,-0.546354277875358,-0.7918,0.0,0.0,-0.5115936428023533,-0.27372622414764586,-0.7916081336135261,1.9754629803941175,0.37086320788916805,0.0186920166015625,0.0668359708789871,-0.5,0.0,0,0
1757356710.233322,0.6311527781751931,-0.533427127845805,-0.7917,0.0,0.0,-0.4754215090770286,-0.2682733279275014,-0.7914854861724359,1.8757014489267005,0.6113121959237624,0.014917850494384766,0.066504737615147,-0.5,0.0,0,0
1757356710.2661765,0.6218350125413973,-0.524070116116283,-0.7916,0.0,0.0,-0.4802208818676724,-0.26283833264153095,-0.7913576393311706,1.8728344953923928,0.4056938134645845,0.01627516746520996,0.06647471476691977,-0.5,0.0,0,0
1757356710.2992406,0.6083332755178704,-0.5100817033719193,-0.7914,0.0,0.0,-0.49049386625638175,-0.25677569392428246,-0.791208682630466,1.876451935278405,0.5895643283151806,0.01648890972137451,0.06648503528271155,-0.5,0.0,0,0
1757356710.3330534,0.5990405459731662,-0.5005805668833023,-0.7911,0.0,0.0,-0.5062816543620141,-0.25111342499302347,-0.7910135112656158,1.8984801368620217,0.3938883529709349,0.01687467098236084,0.06654566901120557,-0.5,0.0,0,0
1757356710.3672414,0.5900234044404535,-0.49136220402832925,-0.7909,0.0,0.0,-0.5216282680845665,-0.24580174906657218,-0.7908159684317099,1.9201299190278223,0.378005992837041,0.017058968544006348,0.06661209372960326,-0.5,0.0,0,0
1757356710.4857557,0.5706656538655746,-0.47192201003892736,-0.7907,0.0,0.0,-1.180296022698312,-0.2314903191677976,-0.7902647311083901,3.5348450217837817,0.24244628593985346,0.05657970905303955,0.07387237943232197,-0.5,0.0,1,0
1757356710.4928465,0.5591704530167619,-0.46031515732614314,-0.7905,0.0,0.0,-0.6725827157901431,-0.23048402897471434,-0.7903118922910535,2.230285428997273,3.0415236404587906,0.0026856660842895508,0.06834411502073373,-0.5,0.0,1,0
1757356710.4929428,0.5480136821408255,-0.4490558845975045,-0.7902,0.0,0.0,-0.3840643246240318,-0.22763358764029423,-0.7902480195008358,1.5568658301479243,2.297670005866146,0.0034499168395996094,0.0658520081765997,-0.5,0.0,0,0
1757356710.499335,0.541518070316423,-0.44253353663006095,-0.7899,0.0,0.0,-0.20228496832556947,-0.22471054150723255,-0.7901206779683969,1.1617458263763671,1.4584330484629429,0.003157496452331543,0.06457249423228116,-0.5,0.0,0,0
1757356710.5341296,0.5302233683130749,-0.431166742987322,-0.7895,0.0,0.0,-0.34451794837074456,-0.21802007238412055,-0.7897826791821542,1.4444623061562867,0.46163234780896695,0.0,0.06516768459853031,0.0,0.0,0,0
1757356710.5788193,0.5220423522734241,-0.4229403182723175,-0.7892,0.0,0.0,-0.5138515894958304,-0.21130759140938057,-0.7894054478050888,1.8079305368362117,0.26032676492917944,0.0,0.06626428364953169,0.0,0.0,0,0
1757356710.5991766,0.5011323383889971,-0.4018227578285692,-0.7888,0.0,0.0,-0.40889123633035174,-0.20552412530149336,-0.7891357078666519,1.544858276529067,1.4662667238701066,0.0,0.06552754214088453,0.0,0.0,0,0
1757356710.635207,0.48946404858232645,-0.3900662145150048,-0.7886,0.0,0.0,-0.4741145460431967,-0.19814932207682484,-0.7888081878083739,1.6747715151036193,0.4606716166574718,0.0,0.06600194452443027,0.0,0.0,0,0
1757356710.6662078,0.4781407850197239,-0.37866043926263065,-0.7886,0.0,0.0,-0.4691820976166783,-0.1918611178364193,-0.7885980379320159,1.6489321708990774,0.5197071928945778,0.0,0.06601988246300175,0.0,0.0,0,0
1757356710.6998162,0.4673011968602908,-0.3679045492727593,-0.7892,0.0,0.0,-0.48284701817140435,-0.18564492835295898,-0.7886111893280213,1.6659964982133952,0.4571358722348826,0.0,0.06619788171497742,0.0,0.0,0,0
1757356710.7327187,0.4581836777363583,-0.3587721977321159,-0.7897,0.0,0.0,-0.4821885927860099,-0.18008777765454376,-0.7887742939124128,1.653153338306279,0.3934744273986756,0.0,0.06628223838596232,0.0,0.0,0,0
1757356710.7660654,0.4493379138437424,-0.34991017598559765,-0.7895,0.0,0.0,-0.48096356165027543,-0.1748984561172824,-0.7888379381134866,1.6395089254176085,0.3763440964254404,0.0,0.0663718837568853,0.0,0.0,0,0
1757356710.7997437,0.4502641633618253,-0.3507230930215211,-0.7896,0.0,0.0,-0.47579610604334477,-0.17176968146477092,-0.7889173326775732,1.6301937469122882,0.03689517336765845,0.0,0.0664500640542111,0.0,0.0,0,0
1757356710.8327498,0.44447201572095973,-0.34485011152669093,-0.7894,0.0,0.0,-0.4633927093664092,-0.16879953678716594,-0.7889235967291759,1.5953729913622408,0.2506350042934153,0.0,0.06646341616541465,0.0,0.0,0,0
1757356710.8659196,0.440482803758023,-0.3408034567495103,-0.7898,0.0,0.0,-0.4520887694024279,-0.1661939036436237,-0.7890484846898657,1.5655161924064125,0.17207437393253147,0.0,0.0664857966044754,0.0,0.0,0,0
1757356710.8993778,0.4436746048127607,-0.34405356236074003,-0.7899,0.0,0.0,-0.4404699500215339,-0.1651764842133197,-0.7891719607128613,1.5447913202280121,0.13666084948846347,0.0,0.06651773984003899,0.0,0.0,0,0
1757356710.9327357,0.44261519496834617,-0.34298362890463063,-0.7901,0.0,0.0,-0.42748621088148997,-0.16440022734166382,-0.7893245609132677,1.515232478641177,0.045624314936855655,0.0,0.06653625577274339,0.0,0.0,0,0
1757356710.9661686,0.44184839211084326,-0.34220877353343654,-0.7904,0.0,0.0,-0.4144648243003122,-0.16382197550542082,-0.7895270863123609,1.4860080202329977,0.03389940447509929,0.0,0.06655318985994381,0.0,0.0,0,0
1757356710.999486,0.44343119237930056,-0.34380860386606177,-0.7906,0.0,0.0,-0.39987844894611724,-0.1638283086516815,-0.7897370353119092,1.456491746488218,0.06799099151689385,0.0,0.06655621766888349,0.0,0.0,0,0
1757356711.0326738,0.4437419704758045,-0.34412295598396037,-0.7906,0.0,0.0,-0.3847722896308233,-0.16396699280111632,-0.7898934401338262,1.4240946736023756,0.013349470025287634,0.0,0.06655033867469778,0.0,0.0,0,0
1757356711.0660427,0.44396695364625,-0.34435054959799094,-0.7907,0.0,0.0,-0.3712811090758033,-0.16414869604637683,-0.7900391364884118,1.3952749792082169,0.010074928705545277,0.0,0.06655808234071964,0.0,0.0,0,0
1757356711.1021547,0.4437274260524322,-0.3441081330708398,-0.7907,0.0,0.0,-0.3743665551087543,-0.16406129316882748,-0.7901418236253357,1.40344665043386,0.009453983481077937,0.0,0.06675634554950903,0.0,0.0,0,0
1757356711.1328003,0.44376283022094887,-0.3441439137201866,-0.7908,0.0,0.0,-0.33858366873758533,-0.1645229717121937,-0.7902612546787626,1.3239494829836747,0.0036611594917274745,0.0,0.06650651018884064,0.0,0.0,0,0
1757356711.1661444,0.443788464183667,-0.34416982153683373,-0.791,0.0,0.0,-0.327657193899529,-0.16466081711666125,-0.7904026905032884,1.300714515872151,0.006115525147888639,0.0,0.06652533036413029,0.0,0.0,0,0
1757356711.1993923,0.44375795949637287,-0.34413899615398547,-0.7911,0.0,0.0,-0.31586745584372855,-0.1648080581238525,-0.7905374180253314,1.2754839994342793,0.0032852173881481226,0.0,0.06653420082263359,0.0,0.0,0,0
1757356711.2328837,0.44375816542237967,-0.3441391985730177,-0.7912,0.0,0.0,-0.30530588134379244,-0.16494298138704055,-0.7906665531407872,1.2530733175839708,0.0029925238911269855,0.0,0.06655689176839373,0.0,0.0,0,0
1757356711.2660403,0.4437583168779907,-0.34413934275153063,-0.7912,0.0,0.0,-0.29249868357439307,-0.16511115947403182,-0.7907631725659386,1.2256601234756914,6.319720308385831e-06,0.0,0.0665495666676913,0.0,0.0,0,0
1757356711.2994723,0.44375815420711023,-0.34413919220312933,-0.7913,0.0,0.0,-0.28162337034567486,-0.16525511569244133,-0.7908642189724197,1.2025955817329161,0.0029982302921441975,0.0,0.06656309959218212,0.0,0.0,0,0
1757356711.3326764,0.44375815763565507,-0.34413919058370446,-0.7913,0.0,0.0,-0.2695301372208891,-0.1654168519935248,-0.7909398489991883,1.1768491754163601,1.1440513598498821e-07,0.0,0.06655775153711951,0.0,0.0,0,0
1757356711.365995,0.4437581629976923,-0.3441391870007452,-0.7913,0.0,0.0,-0.25843875157928864,-0.16556596571634502,-0.7909963523742546,1.1533689427458562,1.939502526004193e-07,0.0,0.06656169945200195,0.0,0.0,0,0
1757356711.4022439,0.4437581546227181,-0.344139193432626,-0.7915,0.0,0.0,-0.2615975008683352,-0.16552281815699665,-0.7910941417869076,1.1615877010154165,0.005527913022531579,0.0,0.0667688516689563,0.0,0.0,0,0
1757356711.4326901,0.44375815752485,-0.34413919057999254,-0.7916,0.0,0.0,-0.23140458354816618,-0.1659316673473145,-0.7912032145589745,1.0958691179281708,0.003292361555376897,0.0,0.06650090349574506,0.0,0.0,0,0
1757356711.4661355,0.44375816194464435,-0.3441391862249678,-0.7917,0.0,0.0,-0.2234295409386181,-0.16603963957312462,-0.791309353632283,1.0793802947798208,0.002996124042312538,0.0,0.06653127127762368,0.0,0.0,0,0
1757356711.4994204,0.44375815487469245,-0.34413919319744873,-0.7918,0.0,0.0,-0.21401135776043412,-0.16616730340580707,-0.7914173324308984,1.0597552993659403,0.0030094092978391767,0.0,0.06654207263073895,0.0,0.0,0,0
1757356711.5326066,0.4437581578073682,-0.3441391903022772,-0.7919,0.0,0.0,-0.20394462748124925,-0.1663038417096006,-0.7915264605766117,1.0387513700085023,0.0030205489046915973,0.0,0.06654117916442442,0.0,0.0,0,0
1757356711.566046,0.4437581622058487,-0.3441391859605577,-0.7919,0.0,0.0,-0.19509611158532042,-0.16642395114648284,-0.7916067532192349,1.0204464902540427,1.8541968360390142e-07,0.0,0.06655635808757433,0.0,0.0,0,0
1757356711.599669,0.4437581553387709,-0.34413919274040805,-0.792,0.0,0.0,-0.18702232591468085,-0.16653374866585774,-0.7916952929157289,1.003861050982329,0.0029796497847681407,0.0,0.06658242564958297,0.0,0.0,0,0
1757356711.6325943,0.44375815786671696,-0.34413919024594203,-0.7921,0.0,0.0,-0.17526157881145082,-0.16669353076882584,-0.7917903918928424,0.9793349506414649,0.003051357153615057,0.0,0.06654531597386067,0.0,0.0,0,0
1757356711.665901,0.4437581622442437,-0.34413918592708903,-0.7922,0.0,0.0,-0.16655651492161347,-0.1668119549238492,-0.791889342602579,0.9614748860785991,0.0030091933793432247,0.0,0.06655246125765826,0.0,0.0,0,0
1757356711.7023253,0.4437581549429244,-0.344139193132383,-0.7922,0.0,0.0,-0.1698994920660298,-0.1667673925871185,-0.7919607693180923,0.9696242360841866,2.824531457633472e-07,0.0,0.06677279899187491,0.0,0.0,0,0
1757356711.732632,0.44375815793282475,-0.34413919018338635,-0.7924,0.0,0.0,-0.14488528833380065,-0.16710668667728715,-0.7920746245744514,0.9168473166021486,0.006612857403331694,0.0,0.06649497051131073,0.0,0.0,0,0
1757356711.765824,0.443758162290024,-0.34413918588658415,-0.7924,0.0,0.0,-0.1376402432544003,-0.16720533357456777,-0.7921566372916475,0.9022705498799862,1.8475855056843982e-07,0.0,0.06651030355059567,0.0,0.0,0,0
1757356711.7993062,0.44375815510640104,-0.3441391929728633,-0.7925,0.0,0.0,-0.13085398863215622,-0.16729785649358686,-0.7922460178852067,0.8887054496824153,0.0030010332002638027,0.0,0.06653509886925585,0.0,0.0,0,0
1757356711.8325632,0.44375815836528687,-0.3441391897597391,-0.7925,0.0,0.0,-0.12284824084717644,-0.16740689856891894,-0.7923115359332309,0.8726109995766776,1.3826778398323657e-07,0.0,0.06653672324132923,0.0,0.0,0,0
1757356711.866178,0.44375816288258807,-0.34413918530622095,-0.7925,0.0,0.0,-0.11649242783014274,-0.16749371490594628,-0.7923594667597881,0.8600312280413293,1.8919246804267322e-07,0.0,0.0665677207082335,0.0,0.0,0,0
1757356711.8992147,0.4437581552011746,-0.3441391928814454,-0.7927,0.0,0.0,-0.10756318407469773,-0.16761542641150756,-0.7924532621347529,0.8421191401786738,0.006075751636671512,0.0,0.06654626815254362,0.0,0.0,0,0
1757356711.9325657,0.44375815736903534,-0.3441391907450331,-0.7928,0.0,0.0,-0.10023140837466446,-0.1677154379736095,-0.7925510059222457,0.8276056106130487,0.003012240560996189,0.0,0.06655146576269164,0.0,0.0,0,0
1757356711.9673822,0.443758162970823,-0.3441391852255316,-0.7928,0.0,0.0,-0.09781787348386731,-0.16774894073033464,-0.7926223984171044,0.8233235884248016,2.2665658889801097e-07,0.0,0.06665897652240696,0.0,0.0,0,0
1757356712.0023644,0.4437581552549329,-0.3441391928308474,-0.7929,0.0,0.0,-0.09380481539820723,-0.167804162771043,-0.7927039699146187,0.8157483476794825,0.002870353481347943,0.0,0.06674046014704538,0.0,0.0,0,0
1757356712.0325413,0.44375815854530537,-0.34413918958967354,-0.793,0.0,0.0,-0.0737256238954557,-0.16807633438175623,-0.7927921224685822,0.7753029103134617,0.0033239586670838874,0.0,0.06646345430982543,0.0,0.0,0,0
1757356712.065946,0.4437581630068969,-0.3441391851955794,-0.7931,0.0,0.0,-0.06914470678893903,-0.16813902377624895,-0.7928857881515688,0.7666534307578728,0.0029995737740279487,0.0,0.066504515667449,0.0,0.0,0,0
1757356712.0991933,0.4437581553049541,-0.34413919278425403,-0.7931,0.0,0.0,-0.06325560657945467,-0.16821936964190223,-0.7929539172095518,0.7554047930048223,3.261826278747413e-07,0.0,0.06651987688052254,0.0,0.0,0,0
1757356712.1324165,0.4437581586153211,-0.3441391895248268,-0.7932,0.0,0.0,-0.0572337027351662,-0.16830155507798547,-0.7930326680877758,0.7439418848881202,0.0030157925800814614,0.0,0.0665313376583985,0.0,0.0,0,0
1757356712.1660323,0.4437581630532406,-0.34413918515596725,-0.7933,0.0,0.0,-0.052210167743194785,-0.1683702644428906,-0.7931192469323385,0.7345190288688306,0.0029819164271728065,0.0,0.0665652410457074,0.0,0.0,0,0
1757356712.1991816,0.44375815534921703,-0.34413919274365734,-0.7933,0.0,0.0,-0.04522802964685857,-0.16846537462976865,-0.7931819063665682,0.7212668546980954,3.2777898543928586e-07,0.0,0.06655021109708315,0.0,0.0,0,0
1757356712.23239,0.44375815756910864,-0.344139190558817,-0.7934,0.0,0.0,-0.039001032402664365,-0.16855031262764592,-0.7932565697696708,0.7095834753377702,0.0030204183934282062,0.0,0.06654852179903065,0.0,0.0,0,0
1757356712.266397,0.443758163085311,-0.34413918513037406,-0.7935,0.0,0.0,-0.03502431124004887,-0.16860489135468212,-0.7933402646111498,0.7023551017098125,0.002950161784711997,0.016948223114013672,0.06660203142277855,0.5,0.0,0,0
1757356712.3021493,0.4437581550033737,-0.3441391930874708,-0.7935,0.0,0.0,-0.02700107479116992,-0.1686083695247959,-0.7934017227007832,0.6880311080103825,3.1791769009389325e-07,0.01783740520477295,0.06676225117216868,0.5,0.0,0,0
1757356712.332575,0.44375815757166,-0.34413919056078696,-0.7936,0.0,0.0,-0.0006767539992471039,-0.1688242354979296,-0.793472901292836,0.6396422568732525,0.0032954657259647918,0.015172362327575684,0.06649597020692492,0.5,0.0,0,0
1757356712.3657525,0.4437581613735766,-0.344139186820711,-0.7936,0.0,0.0,0.01894199988332458,-0.16888926949245817,-0.7935255683406809,0.6056654563587549,1.6111083394854677e-07,0.01655125617980957,0.06651071793267942,0.5,0.0,0,0
1757356712.3991542,0.44589685035855964,-0.346324003546643,-0.7941,0.0,0.0,0.04030799997085381,-0.16935761250407744,-0.7937099335967931,0.5734890532612218,0.09304232320642407,0.016648173332214355,0.0665346512903371,0.5,0.0,0,0
1757356712.432485,0.44713839896226043,-0.3475955931770794,-0.7956,0.0,0.0,0.06285633308175496,-0.16992182985748097,-0.7942829450262406,0.5400703835679763,0.06993593295226433,0.016626596450805664,0.06654803626978689,0.5,0.0,0,0
1757356712.4667118,0.4480364691551003,-0.34851714651636084,-0.7955,0.0,0.0,0.0848987795340317,-0.17045281802355766,-0.7946718221911051,0.5095098144696133,0.03779436244147731,0.01707470417022705,0.06661912455895938,0.5,0.0,0,0
1757356712.4990225,0.4602108025252485,-0.3608443788308574,-0.795,0.0,0.0,0.11126179959867606,-0.1731729268114366,-0.7948053273560852,0.4929517687301327,0.537698017183635,0.016117572784423828,0.06653371149265314,0.5,0.0,0,0
1757356712.5382242,0.4659787997694319,-0.36668615520583,-0.7945,0.0,0.0,0.13314701416627123,-0.17585612195258737,-0.7947622888267596,0.4764594062512789,0.21154723554746896,0.0194394588470459,0.06694408150269526,0.5,0.0,0,0
1757356712.5698872,0.47340448978818217,-0.3742032987220232,-0.7951,0.0,0.0,0.16029396328195028,-0.1792032300921722,-0.794897340395815,0.46054330006900146,0.3357942848296422,0.015758752822875977,0.06669234518396866,0.5,0.0,0,0
1757356712.689387,0.4928222955955506,-0.3939758976328733,-0.796,0.0,0.0,0.18149776836369363,-0.18371469674844992,-0.7954013938783654,0.47360386805902294,0.23224019318677055,0.05969583988189697,0.07464967549604454,0.5,0.0,0,0
1757356712.6940513,0.5077045571184082,-0.409141849241958,-0.7962,0.0,0.0,0.20960043570013046,-0.1915806403276144,-0.7956518650663463,0.4729395593116501,4.682192542035496,0.002269148826599121,0.06862733790930022,0.5,0.0,0,0
1757356712.6941593,0.5184812390137165,-0.4201228964575486,-0.796,0.0,0.0,0.22785490793884505,-0.19837240778770113,-0.7957523795852174,0.47777475786796175,296.0450642942215,2.5987625122070312e-05,0.06559259724851568,0.5,0.0,0,0
1757356712.6990995,0.5261813892335352,-0.4280936812335574,-0.7961,0.0,0.0,0.24352025595059196,-0.20399945057624289,-0.7958584947165376,0.48213003396462245,2.277720983490739,0.0024329423904418945,0.06437676940471945,0.5,0.0,0,0
1757356712.7324007,0.535162469977496,-0.43730088667996875,-0.7965,0.0,0.0,0.27937961012875684,-0.20899097039082457,-0.7960993099627831,0.48986864217727605,0.38722009836693627,0.016616225242614746,0.0649267382234903,0.5,0.0,0,0
1757356712.7750483,0.5467224544496951,-0.4491579146470896,-0.7964,0.0,0.0,0.32085209825740985,-0.21437308367858446,-0.7962644210440849,0.5120785631026341,0.38893035482562616,0.02128911018371582,0.06593549512412591,0.5,0.0,0,0
1757356712.7992887,0.5607876612980055,-0.4634145326877354,-0.7965,0.0,0.0,0.33583664882898695,-0.2205974947480382,-0.796377231998251,0.5297668161989982,0.8302980444259355,0.012060284614562988,0.06555066911682778,0.5,0.0,0,0
1757356712.8326204,0.5723182607696619,-0.47516913157774343,-0.7969,0.0,0.0,0.3654161563215644,-0.22673284610672764,-0.7965910094735396,0.5557857589198942,0.4964984882373499,0.016586899757385254,0.06584481002802837,0.5,0.0,0,0
1757356712.8671048,0.5857883112919531,-0.4889063639960291,-0.797,0.0,0.0,0.3951029148655766,-0.2332415428827811,-0.796777350064534,0.5869843341744247,0.5590828918977363,0.017206430435180664,0.06613682651258683,0.5,0.0,0,0
1757356712.9022357,0.597750746127382,-0.50144870351294,-0.797,0.0,0.0,0.4236599705538167,-0.239772671316127,-0.7969129549231034,0.6196629381137367,0.49481759941780973,0.01751387119293213,0.06638425364201017,0.5,0.0,0,0
1757356712.9347787,0.6080828679555823,-0.5121285617444559,-0.7973,0.0,0.0,0.44494210824369657,-0.24594465991225378,-0.7970920379232826,0.6459214750833419,0.4580213896326383,0.016224980354309082,0.06638057300650078,0.5,0.0,0,0
1757356712.9659123,0.6213778069514346,-0.5258862206817702,-0.7976,0.0,0.0,0.4638579704501315,-0.25244458621644494,-0.7973050521584132,0.6713235206036472,0.6158567629475648,0.015534639358520508,0.06628771951243018,0.5,0.0,0,0
1757356713.0039158,0.6304365032794256,-0.5347943926961328,-0.7975,0.0,0.0,0.4990829402222896,-0.2583467776346046,-0.7974443709708656,0.7171404986451564,0.3347868555297851,0.018975257873535156,0.066695765737223,0.5,0.0,0,0
1757356713.0326078,0.639556347558784,-0.5440489642538253,-0.7974,0.0,0.0,0.505981299780568,-0.2637386362962249,-0.7974939305751727,0.7269346646468599,0.4541638842873684,0.014304757118225098,0.06632973038157511,0.5,0.0,0,0
1757356713.0691814,0.648406508935493,-0.5530270419619071,-0.7976,0.0,0.0,0.5382087560087652,-0.2689688731676002,-0.7976037144177937,0.7722233532947351,0.345358573471164,0.01825404167175293,0.06662587624090291,0.5,0.0,0,0
1757356713.0991259,0.6679500903708785,-0.5731610393640063,-0.7982,0.0,0.0,0.5492666299781174,-0.27595792759434623,-0.7978422245943921,0.789132042888491,0.9392525285327772,0.014940500259399414,0.06637196132784065,0.5,0.0,0,0
1757356713.1324425,0.6793033246942224,-0.5848103411171334,-0.7985,0.0,0.0,0.573530629693898,-0.2826536316650585,-0.798109159755197,0.824364611940278,0.4896187358009903,0.016614317893981934,0.06643197246062434,0.5,0.0,0,0
1757356713.1659105,0.6939140683339616,-0.5998093204852337,-0.7986,0.0,0.0,0.5971700452858796,-0.28973509870618236,-0.7983311006019379,0.8595641448134556,0.6279407871428654,0.016672968864440918,0.06648180320532993,0.5,0.0,0,0
1757356713.1992493,0.6985796792530844,-0.6046067583926029,-0.7987,0.0,0.0,0.6177767869399938,-0.2951558953634163,-0.7985195592480048,0.8904763225393377,0.20127024653952869,0.016626358032226562,0.06650967303297041,0.5,0.0,0,0
1757356713.2352407,0.7066203480964269,-0.6128632318299846,-0.7986,0.0,0.0,0.6463473855485026,-0.30022783051200297,-0.7986317451244276,0.9352999358601835,0.32084731475821626,0.017960667610168457,0.06671395270221035,0.5,0.0,0,0
1757356713.2659147,0.7169733863590195,-0.6234898012508902,-0.7982,0.0,0.0,0.6521835313084412,-0.3052997606102865,-0.7985807205037831,0.9429605959835898,0.48542286827262965,0.015287160873413086,0.06647869035490485,0.5,0.0,0,0
1757356713.299432,0.7372933269763616,-0.6444677075590899,-0.7983,0.0,0.0,0.675021308732564,-0.3125193941684997,-0.7985774490567037,0.9779615188710196,0.8737893433979227,0.016712188720703125,0.06651928473110265,0.5,0.0,0,0
1757356713.3324986,0.7493171706489253,-0.6568611802901941,-0.7987,0.0,0.0,0.6946272774580206,-0.3194257377948597,-0.7986887152562943,1.008239119252437,0.5238447617830303,0.016486048698425293,0.06651613888331734,0.5,0.0,0,0
1757356713.3765712,0.7609787589531002,-0.6688912887424149,-0.799,0.0,0.0,0.7568504773709658,-0.3264702966393823,-0.7988811330366766,1.1138731478365411,0.38142449264627665,0.02196669578552246,0.06730111388862334,0.5,0.0,0,0
1757356713.4008932,0.773722457618383,-0.6818381248518963,-0.7994,0.0,0.0,0.7224161991766826,-0.33267601219399134,-0.7990892217708412,1.050029217331543,0.7484324427668688,0.012139320373535156,0.06641256942511752,0.5,0.0,0,0
1757356713.4325426,0.7836877344096981,-0.6920535692073475,-0.8002,0.0,0.0,0.7378881061461557,-0.3387815355578139,-0.7994892179509513,1.073787267685617,0.4534492326629541,0.01576077938079834,0.06634248538099946,0.5,0.0,0,0
1757356713.4660347,0.7965059721276271,-0.7052124055084753,-0.801,0.0,0.0,0.762204870823883,-0.345192825283308,-0.800016888571452,1.1124624207169347,0.5517455778258077,0.016663074493408203,0.06641963510950209,0.5,0.0,0,0
1757356713.504216,0.8088602198975149,-0.7182203664836228,-0.8011,0.0,0.0,0.8050893130355096,-0.35191054630730806,-0.8004436509494106,1.1846981405946844,0.4710819345920946,0.01904129981994629,0.06680392276519735,0.5,0.0,0,0
1757356713.5324728,0.8191569456950409,-0.7289392856779335,-0.801,0.0,0.0,0.792382869744207,-0.35775907842055354,-0.8006913729554799,1.159137406948529,0.5275315562474994,0.014087915420532227,0.06637305392773393,0.5,0.0,0,0
1757356713.5664246,0.8317619833622588,-0.7420621584890524,-0.8007,0.0,0.0,0.8179653493216889,-0.36417362857549945,-0.800799175633046,1.2006873249583878,0.5369202846804398,0.016947150230407715,0.06647996638487408,0.5,0.0,0,0
1757356713.599148,0.8374716482179178,-0.7476933769982919,-0.8009,0.0,0.0,0.8330061722082533,-0.36924934426012634,-0.8009292369759609,1.2250783786252488,0.2456668871181488,0.01632678508758545,0.06646843295346605,0.5,0.0,0,0
1757356713.6325161,0.8494788957650258,-0.7599896872442631,-0.8017,0.0,0.0,0.8515014745360346,-0.37479148994338607,-0.8012568605621112,1.2545896353245645,0.517409825310688,0.01662611961364746,0.06650246107007997,0.5,0.0,0,0
1757356713.6668997,0.8581672900797468,-0.7688953202636942,-0.8021,0.0,0.0,0.8737643262073298,-0.3800254172648472,-0.8016133000476593,1.2918156895556856,0.3627573949233913,0.017157793045043945,0.06659908120575035,0.5,0.0,0,0
1757356713.6992114,0.8772747059830033,-0.7886894498440132,-0.8025,0.0,0.0,0.884137751820264,-0.38693361979376684,-0.801979781849986,1.3051685168207239,0.8534182031746192,0.016120314598083496,0.06652020674462357,0.5,0.0,0,0
1757356713.761798,0.8887256927017945,-0.8005335772178058,-0.8031,0.0,0.0,1.0510813197244064,-0.39515370155825624,-0.8025335492858237,1.6268873449995904,0.2638388834303657,0.031241416931152344,0.06879849342915054,0.5,0.0,0,0
1757356713.7731335,0.9034570447789727,-0.8157876868193047,-0.8036,0.0,0.0,0.890387585606533,-0.4004799701477878,-0.802886211953457,1.3093646687900633,1.882439530989517,0.005634188652038574,0.06635907929899798,0.5,0.0,0,0
1757356713.8019016,0.9059269121930658,-0.8183742117447015,-0.8039,0.0,0.0,0.8893091004735971,-0.4052665563025818,-0.803291037340995,1.3059500026090818,0.12505837966352132,0.014348983764648438,0.06611147035318765,0.5,0.0,0,0
1757356713.8325698,0.918060695702253,-0.830971648970049,-0.8047,0.0,0.0,0.9049539460937615,-0.4107432463997837,-0.8038220412812728,1.3302437382641623,0.5729864509373277,0.01527869701385498,0.06607389950560685,0.5,0.0,0,0
1757356713.865828,0.9258436806553612,-0.8390627527013771,-0.8051,0.0,0.0,0.9345612927231549,-0.41587687382270944,-0.8043335277154147,1.3802665477094187,0.3385310821805811,0.01659214496612549,0.06622433144039161,0.5,0.0,0,0
1757356713.8992624,0.9424174714725561,-0.8563086720027725,-0.8056,0.0,0.0,0.96039675374194,-0.422352791149009,-0.8048495338389738,1.4222138046123538,0.7171643825202482,0.01667964458465576,0.06634205580009686,0.5,0.0,0,0
1757356713.93336,0.957461579757463,-0.8719951496515501,-0.8063,0.0,0.0,0.9861354680799488,-0.4294298454580503,-0.8054293920183183,1.4645063339426394,0.6396876784843749,0.016997218132019043,0.06646672968223946,0.5,0.0,0,0
1757356713.9659016,0.9683470319689357,-0.8833590536425054,-0.8067,0.0,0.0,0.9982125483839056,-0.4359516252332556,-0.8059570183826307,1.48291630550121,0.48479817257003455,0.016234993934631348,0.0664474528858978,0.5,0.0,0,0
1757356713.9991484,0.9805742345441241,-0.896501318886811,-0.8072,0.0,0.0,1.0152845470016567,-0.44258459037407977,-0.8064866207537589,1.5102931016709853,0.541325047108238,0.016586661338806152,0.06648331589655247,0.5,0.0,0,0
1757356714.0334072,0.9869172461414912,-0.9032295390680806,-0.8075,0.0,0.0,1.035935644147755,-0.4481119327771909,-0.8069608079873242,1.5458489430382492,0.27088235367013747,0.017076849937438965,0.06657540359965373,0.5,0.0,0,0
1757356714.0659482,0.9992184988227096,-0.9162952384652279,-0.808,0.0,0.0,1.0434840295302839,-0.45393666708030744,-0.8074382605669768,1.555685574544083,0.5528753410377409,0.0162353515625,0.06652089466978976,0.5,0.0,0,0
1757356714.1021366,1.0120643015287971,-0.9292230983660963,-0.8084,0.0,0.0,1.0759900689779691,-0.4602803293155973,-0.8079186804454627,1.6116460879164274,0.504758913977416,0.01805734634399414,0.0667379229979369,0.5,0.0,0,0
1757356714.1324065,1.0257558916172358,-0.943380724433167,-0.809,0.0,0.0,1.0637765180540326,-0.4665363120885021,-0.8084043871845027,1.5842335286652116,0.6531963865152961,0.015082955360412598,0.06646828418227989,0.5,0.0,0,0
1757356714.1672637,1.035667004691101,-0.9536334771867083,-0.8094,0.0,0.0,1.0904505761466385,-0.4727291654672475,-0.8088969842277457,1.6299496101060325,0.41007827829068466,0.017393827438354492,0.06660851536416251,0.5,0.0,0,0
1757356714.203404,1.0489351310460382,-0.9676433544282945,-0.8098,0.0,0.0,1.1199481499181911,-0.4793565327632804,-0.809375218910243,1.680555201172107,0.5352669948989239,0.0180281400680542,0.06679258413898198,0.5,0.0,0,0
1757356714.247232,1.0633484490203275,-0.9827324379546565,-0.8103,0.0,0.0,1.191741333862804,-0.486927927184455,-0.8099120534710695,1.8134605610457701,0.47769361272568783,0.02184748649597168,0.067480882092049,0.5,0.0,0,0
1757356714.2707193,1.0737817481496215,-0.9936631143418857,-0.8107,0.0,0.0,1.1062510526247218,-0.4922766883560402,-0.8102852442598034,1.6468669943802514,0.6503543431817052,0.011621356010437012,0.06644697315902907,0.5,0.0,0,0
1757356714.4651256,1.0817952519755434,-1.0021770424638894,-0.8112,0.0,0.0,1.7847591032683505,-0.5056634420005581,-0.8114383765213029,3.2164693643752407,0.08068560849557418,0.07252037525177002,0.0773428388188736,0.5,0.0,1,0
1757356714.4810348,1.0895608620530954,-1.0103619241805726,-0.8115,0.0,0.0,1.582583651081848,-0.5087319628025461,-0.8117431954996822,2.6806596152198634,0.22857112796804888,0.024689435958862305,0.07415472214443927,0.5,0.0,1,0
1757356714.4812195,1.097093019204694,-1.0183064217903266,-0.8119,0.0,0.0,1.2830828945603705,-0.5099532939840081,-0.8118843253398903,1.9869114452983407,0.6948014215202051,0.007883429527282715,0.06929017732067191,0.5,0.0,0,0
1757356714.4812949,1.1147535910959108,-1.0369394069752844,-0.8122,0.0,0.0,1.016190294387275,-0.5130935871092956,-0.8119762724449285,1.4876596013861663,1006.4127740569301,1.2755393981933594e-05,0.06590422665757414,0.5,0.0,0,0
1757356714.4813974,1.1297524843257096,-1.0527944490731385,-0.8125,0.0,0.0,0.8531563412550929,-0.5179207688118883,-0.8121238771785665,1.2654522701449717,307.2185002860779,3.552436828613281e-05,0.06433585963669933,0.5,0.0,0,0
1757356714.4814446,1.1406080483189207,-1.0642786169532332,-0.8129,0.0,0.0,0.7514918242620428,-0.5230407567697023,-0.8123381283957322,1.1736653680786648,780.0364191682828,1.0132789611816406e-05,0.06358343297574388,0.5,0.0,0,0
1757356714.508019,1.1520578184502575,-1.0763696118655341,-0.8132,0.0,0.0,0.8678980528767636,-0.5304317284836589,-0.8127448690686158,1.2889313058598724,0.629323607243846,0.013232231140136719,0.06393745056164969,0.5,0.0,0,0
1757356714.5335834,1.1661444372117307,-1.0912789937264569,-0.8136,0.0,0.0,0.9421854217691015,-0.5378207169140449,-0.813146254656861,1.3825765292416594,0.8040132685005349,0.012758135795593262,0.06422052903676542,0.5,0.0,0,0
1757356714.5770354,1.1756691383729352,-1.1013681533596944,-0.814,0.0,0.0,1.1185448057061478,-0.545753780210048,-0.8136671425150508,1.6457801956200613,0.3200717931507924,0.021683573722839355,0.0653504121085108,0.5,0.0,0,0
1757356714.5991952,1.1862403269187232,-1.1125811845175773,-0.8145,0.0,0.0,1.0849511815830275,-0.5512752939529512,-0.8140465521706841,1.5901556832434487,0.6980349052287882,0.01104426383972168,0.0650534360754903,0.5,0.0,0,0
1757356714.6328743,1.1946908147238922,-1.1215467429494947,-0.8148,0.0,0.0,1.1506346696270073,-0.5573208399825348,-0.814482203236265,1.6964170615327443,0.3668510028737328,0.01679706573486328,0.0654957951916361,0.5,0.0,0,0
1757356714.6730664,1.2028869553721695,-1.130249006888499,-0.8152,0.0,0.0,1.2422055243723957,-0.5632754967607198,-0.8149546964501019,1.8551858193660549,0.2981019598442798,0.020061969757080078,0.06623956230330065,0.5,0.0,0,0
1757356714.7139122,1.2163025087557562,-1.1443931456008547,-0.8156,0.0,0.0,1.306909060173684,-0.5697250823866076,-0.8154137507135976,1.9713242511143574,0.47836034520151893,0.020380616188049316,0.06683322663403916,0.5,0.0,0,0
1757356714.7343,1.2300261798720695,-1.1589280737506558,-0.816,0.0,0.0,1.2033915587968924,-0.5749020216660579,-0.8157191787821672,1.7802654517682046,0.985339446872413,0.010145783424377441,0.06586253479724118,0.5,0.0,0,0
1757356714.767296,1.2399591170293618,-1.1694551496821017,-0.8164,0.0,0.0,1.2368290878468828,-0.581129052661758,-0.8161392528314907,1.8360740654906758,0.43974056237642006,0.016463160514831543,0.06604516025581922,0.5,0.0,0,0
1757356714.7997932,1.2519247397247375,-1.18243951945468,-0.8167,0.0,0.0,1.2584416780120922,-0.5874464628216292,-0.8165233731011811,1.8714376380125048,0.5446010447794022,0.016213297843933105,0.06614414040952131,0.5,0.0,0,0
1757356714.8345754,1.2658817095684216,-1.1974484438761384,-0.8171,0.0,0.0,1.2935398533624287,-0.5944242604452091,-0.8169294522641758,1.9307197787501973,0.5907699326266076,0.017349720001220703,0.06636555178927925,0.5,0.0,0,0
1757356714.865884,1.2757292868027663,-1.2080510684830286,-0.8175,0.0,0.0,1.2930565811052923,-0.6005328934676933,-0.817311329428448,1.9271764804271565,0.46335821328652155,0.015620589256286621,0.06628710687060926,0.5,0.0,0,0
1757356714.8992817,1.2847346737948528,-1.2173396562696486,-0.8179,0.0,0.0,1.3121753457684422,-0.6062949934772206,-0.8177144559177308,1.9588638680723134,0.3886731030118651,0.016650915145874023,0.06637426628839943,0.5,0.0,0,0
1757356714.9398623,1.2937553531195136,-1.2268770187338287,-0.8181,0.0,0.0,1.353047218128884,-0.6119902513438854,-0.8180835916464525,2.03065194051956,0.3579254341687996,0.018340587615966797,0.06666665081821771,0.5,0.0,1,0
1757356714.971257,1.3053670740641596,-1.2391554938473328,-0.8184,0.0,0.0,1.3419565995588743,-0.6174313695037589,-0.8183961810009477,2.006963819072771,0.5371480338914051,0.01573324203491211,0.0665031703480457,0.5,0.0,1,0
1757356715.003863,1.320689934755612,-1.255612313308714,-0.8187,0.0,0.0,1.342262801803076,-0.6239526841170155,-0.8187072351126993,2.0036304231298834,0.7078674344193879,0.01588428020477295,0.06641712328690372,0.5,0.0,1,0
1757356715.038809,1.3355417500314228,-1.2714905590111678,-0.819,0.0,0.0,1.360263561423061,-0.6311790328029528,-0.8190268303744693,2.032219338928061,0.6498087703258704,0.016730785369873047,0.06647593023147633,0.5,0.0,1,0
1757356715.069176,1.3462923128489046,-1.282990931869625,-0.8193,0.0,0.0,1.369065983848576,-0.6378279814187838,-0.8193350582135311,2.0451446905276547,0.4816907906246,0.016344070434570312,0.0664638540026545,0.5,0.0,1,0
1757356715.1028576,1.351689631324774,-1.2887870179584873,-0.8195,0.0,0.0,1.381978785690547,-0.6431626293162933,-0.8196155253159582,2.0666385957536977,0.23796221714584495,0.016646504402160645,0.06649791949487296,0.5,0.0,1,0
1757356715.1355767,1.362218434293883,-1.300063357371287,-0.8199,0.0,0.0,1.3921122250356612,-0.6486065562725674,-0.8199287316070737,2.0821138491412348,0.4659977456417078,0.01655888557434082,0.06650943057456289,0.5,0.0,1,0
1757356715.1695948,1.369837809389248,-1.3082293622154937,-0.8202,0.0,0.0,1.403041107353352,-0.6535747638991757,-0.8202393132175219,2.099664983052714,0.33517316992094853,0.01666700839996338,0.06653244257405111,0.5,0.0,1,0
1757356715.2026207,1.3863935772353944,-1.325948054477806,-0.8204,0.0,0.0,1.4132501701412126,-0.6599885583381218,-0.82051622517542,2.114010616653205,0.7304616392413643,0.016599416732788086,0.06653886877486043,0.5,0.0,1,0
1757356715.2364404,1.3974705029239622,-1.3378310596500533,-0.8206,0.0,0.0,1.426087884213413,-0.6662862199316841,-0.8207721412548705,2.134227211496307,0.48387827034954745,0.01678764820098877,0.06656928853851868,0.5,0.0,1,0
1757356715.2752006,1.4117264939872363,-1.353132558477757,-0.8209,0.0,0.0,1.4311359025082928,-0.6730347159958846,-0.8210335711983083,2.139800416991016,0.6393562153908497,0.016356706619262695,0.06653036266491544,0.5,0.0,1,0
1757356715.3058589,1.4221435856274398,-1.3645963608777025,-0.821,0.0,0.0,1.4672456871664932,-0.6797701063937696,-0.8212711772653559,2.202359488222873,0.4255970789875064,0.018198132514953613,0.06676045382170148,0.5,0.0,1,0
1757356715.335959,1.435475488596024,-1.3790814707333525,-0.8215,0.0,0.0,1.4458932700519012,-0.6861882143349739,-0.8215442681967075,2.1605888372390614,0.6438112780405745,0.01529395580291748,0.06650862649231948,0.5,0.0,1,0
1757356715.3695564,1.4451207090083094,-1.389573782255813,-0.8218,0.0,0.0,1.4526782595278074,-0.692380483528791,-0.8218384542897519,2.1703065651930498,0.43720792908563455,0.01630246639251709,0.06648186500822767,0.5,0.0,1,0
1757356715.4229374,1.454483910058765,-1.3992295703716748,-0.822,0.0,0.0,1.5172382399926527,-0.6987380570491681,-0.8221515502127634,2.2846232578340477,0.3392306534649534,0.019826531410217285,0.06695887178716123,0.5,0.0,1,0
1757356715.459015,1.46652979648229,-1.4120508724464924,-0.8225,0.0,0.0,1.5862856009431139,-0.7054473684655129,-0.8225409416630584,2.4110245637381427,0.40823167495501855,0.021555662155151367,0.06754798685035203,0.5,0.0,1,0
1757356715.4690292,1.4752496735483756,-1.421335832123499,-0.8228,0.0,0.0,1.418310424232881,-0.7089770141272353,-0.8227307278736303,2.1050971003888197,0.7434541568957641,0.008568882942199707,0.06608260396958537,0.5,0.0,1,0
1757356715.5021589,1.4909475750478387,-1.4383797809535865,-0.8232,0.0,0.0,1.45422854046908,-0.7158798940098651,-0.8230903025047384,2.1637930660206472,0.6958427248751183,0.016652464866638184,0.06623389807633812,0.5,0.0,1,0
1757356715.5364087,1.5020919715170176,-1.4504021720280122,-0.8236,0.0,0.0,1.4828871256542704,-0.7225150646252556,-0.8234650362696792,2.211209767447542,0.4872781195624285,0.016826152801513672,0.0663652408253538,0.5,0.0,1,0
1757356715.5687494,1.5157304203506616,-1.4651301562367718,-0.8242,0.0,0.0,1.496272666406985,-0.7293539990302368,-0.8239001583608597,2.2319324144863253,0.6145349903983307,0.01633906364440918,0.06639075897422224,0.5,0.0,1,0
1757356715.605638,1.526858448800631,-1.4771577585649889,-0.8246,0.0,0.0,1.5396966640538121,-0.7362832184616395,-0.8243541818981611,2.3061318012908067,0.4490908835343701,0.018248796463012695,0.06667141838007831,0.5,0.0,1,0
1757356715.6362355,1.540670623511478,-1.4921038874997798,-0.8252,0.0,0.0,1.5186501786680813,-0.7428494604592799,-0.824810928010788,2.26618645211832,0.6694628598180054,0.015206098556518555,0.06643953608909789,0.5,0.0,1,0
1757356715.6691647,1.5506665406015925,-1.5029310969711047,-0.8256,0.0,0.0,1.5297997978392348,-0.7492515168736288,-0.8252714524825283,2.283581443337561,0.44838839729221264,0.01643812656402588,0.06645515578323032,0.5,0.0,1,0
1757356715.7021158,1.557315312224738,-1.510167613216614,-0.826,0.0,0.0,1.5419443802716555,-0.7546690808220203,-0.8257196147101428,2.303296442418228,0.2960803422383031,0.01660919189453125,0.06649003470096596,0.5,0.0,1,0
1757356715.7358694,1.567849783060317,-1.5216095571917625,-0.8267,0.0,0.0,1.5534747603193515,-0.7602172516896956,-0.8262449148875177,2.3214001536354973,0.4668965936607227,0.016672492027282715,0.0665227435519608,0.5,0.0,1,0
1757356715.769126,1.5729579944893743,-1.5271632219171734,-0.827,0.0,0.0,1.5604252025781495,-0.7647142583351922,-0.8267065689978258,2.33235773185829,0.22810869120328556,0.01655268669128418,0.06652850253833549,0.5,0.0,1,0
1757356715.8032813,1.5916175324860986,-1.5474495721578014,-0.8277,0.0,0.0,1.5775058690835415,-0.7714082194965346,-0.8272480890538927,2.358964104837915,0.8086803651044623,0.017047405242919922,0.06660081849564817,0.5,0.0,1,0
1757356715.8416414,1.6031081845396546,-1.559981943550487,-0.8283,0.0,0.0,1.5908381226342896,-0.7779652649779855,-0.8278110457668478,2.3800963940659003,0.49903721152391256,0.017046213150024414,0.06664878378665788,0.5,0.0,1,0
1757356715.8698316,1.6174055991503473,-1.5755960903903539,-0.8289,0.0,0.0,1.5874087637914154,-0.7848342005771747,-0.8283756857249659,2.371515308737305,0.6549385332861134,0.016169190406799316,0.06655840034387595,0.5,0.0,1,0
1757356715.9064405,1.6264997363894942,-1.585750595226028,-0.8295,0.0,0.0,1.6214345170009263,-0.7914537402918631,-0.8289863372210308,2.4293442693794307,0.37634932973379215,0.0181276798248291,0.06677100080881357,0.5,0.0,1,0
1757356715.940699,1.6359617945506617,-1.5962051763906255,-0.83,0.0,0.0,1.6171377728796488,-0.7972504834315604,-0.8295443386730451,2.4198884250430774,0.426452414203195,0.016542911529541016,0.0666889047003992,0.5,0.0,1,0
1757356715.9698699,1.6451355292095824,-1.6063557261584285,-0.8305,0.0,0.0,1.5920798270649834,-0.8024941678714854,-0.8300653399336092,2.3749517392043114,0.45358130246538486,0.015092015266418457,0.06643501454901812,0.5,0.0,1,0
1757356716.0027387,1.6606471309546542,-1.6229736269115216,-0.8313,0.0,0.0,1.6044425559041162,-0.80916250120878,-0.8306935157659859,2.3937427517513825,0.6911563637269663,0.016455411911010742,0.06645438013384648,0.5,0.0,1,0
1757356716.0451853,1.6741636374702906,-1.6376419253885808,-0.8319,0.0,0.0,1.6634199216800998,-0.8166720065448333,-0.8313664369095229,2.493770791607094,0.5185985377441447,0.01923966407775879,0.06685682759171371,0.5,0.0,1,0
1757356716.0692663,1.6839450170235761,-1.6482635421470182,-0.8323,0.0,0.0,1.608437585000913,-0.8222830384110976,-0.8318728611160974,2.397292022393898,0.5207367235973239,0.013869643211364746,0.06637688836781175,0.5,0.0,1,0
1757356716.1144187,1.6959025455331114,-1.661452246292517,-0.8328,0.0,0.0,1.6704734505066428,-0.8293675450368895,-0.8324721209534466,2.5018719324137364,0.4644387079384052,0.019173026084899902,0.06679161177037259,0.5,0.0,1,0
1757356716.1877224,1.7061831822099216,-1.6727223947255834,-0.8332,0.0,0.0,1.813619031690894,-0.8371733259371681,-0.8331221514453863,2.761704400396892,0.3017457323138664,0.025286197662353516,0.06801498893817952,0.5,0.0,1,0
1757356716.1926556,1.7194102717744142,-1.6872362227248716,-0.8339,0.0,0.0,1.7461914735749418,-0.8429326834966556,-0.8336337591672038,2.6325402457335567,0.6026276900946969,0.016303062438964844,0.06743100091164002,0.5,0.0,1,0
1757356716.2073932,1.7291057879891891,-1.6980432824378826,-0.8343,0.0,0.0,1.566103986496405,-0.8468612610996822,-0.8339686217224799,2.3257691807865424,0.8976684334544308,0.008090019226074219,0.06595383903356787,0.5,0.0,1,0
1757356716.23824,1.7384408910787519,-1.7083753902174779,-0.8348,0.0,0.0,1.5838668881199864,-0.8527391605560466,-0.8344785497642865,2.353261786211957,0.4578763501944642,0.015215516090393066,0.06595449734003309,0.5,0.0,1,0
1757356716.2710085,1.7504502427550868,-1.7216840376772042,-0.8354,0.0,0.0,1.6172438588164322,-0.859137633952868,-0.8350359827668816,2.405923782878786,0.5514070458487232,0.016263961791992188,0.06609555167985474,0.5,0.0,1,0
1757356716.3019507,1.7621255431783427,-1.7345138545546155,-0.8357,0.0,0.0,1.6314300368976475,-0.8654404889870219,-0.8355115438151482,2.4280635010808416,0.5524543093681453,0.015702247619628906,0.06612355652107146,0.5,0.0,1,0
1757356716.3355374,1.7749777230611994,-1.7487245018048587,-0.8363,0.0,0.0,1.6616453559996804,-0.8722706602105653,-0.836043178653297,2.4763655026208506,0.5737401594963121,0.016705989837646484,0.0662778306079987,0.5,0.0,1,0
1757356716.3728924,1.784278923224226,-1.759018704744297,-0.8367,0.0,0.0,1.6800670565002638,-0.8784606718698061,-0.8365358985714476,2.505825136241664,0.41939375091621356,0.016547203063964844,0.06636377788742544,0.5,0.0,1,0
1757356716.4020464,1.7943913558544304,-1.7705027279762062,-0.8371,0.0,0.0,1.695116200881812,-0.8845066933292429,-0.8370040866035605,2.529880810522616,0.46092460783199657,0.01660466194152832,0.06643087531499832,0.5,0.0,1,0
1757356716.4366243,1.8035906466874838,-1.7808255954489918,-0.8375,0.0,0.0,1.7125731260619967,-0.8902997954919566,-0.8374591988300737,2.5580466128023818,0.4085146996368992,0.016930699348449707,0.06652145356480407,0.5,0.0,1,0
1757356716.4688702,1.8154230810877472,-1.7941214284936884,-0.838,0.0,0.0,1.7162764586797086,-0.8962981565872887,-0.8379177396798139,2.56310808888524,0.5434555537595761,0.01638174057006836,0.0665069229070342,0.5,0.0,1,0
1757356716.6159933,1.8284940206838776,-1.808165361461006,-0.8384,0.0,0.0,1.8005505541170974,-0.9036379722733958,-0.8384417288158128,2.7055540935729137,0.4602471428986307,0.020847082138061523,0.06713291668456586,0.5,0.0,1,0
1757356716.6463258,1.838643145755395,-1.8193261218331174,-0.8388,0.0,0.0,2.401531720600544,-0.9170648109682159,-0.8395080566496338,3.9676102163584956,0.13797815117440876,0.05468487739562988,0.07398285961471592,0.5,0.0,1,0
1757356716.6589715,1.8517056125306284,-1.8336966197421742,-0.8393,0.0,0.0,2.081254124387025,-0.9199176874605475,-0.839694452209228,3.24252979192349,0.6606345543095032,0.014702916145324707,0.07045770572624432,0.5,0.0,1,0
1757356716.6628788,1.863166301423942,-1.8465507118261735,-0.8397,0.0,0.0,1.758683654322393,-0.922442104311228,-0.8398038659845651,2.6319701260940316,1.3809721203526784,0.006236910820007324,0.06725661049568477,0.5,0.0,1,0
1757356716.6689744,1.8764009084475815,-1.8612640359239525,-0.8403,0.0,0.0,1.492398025204532,-0.9258361634235913,-0.8399793234562976,2.239943843080127,5.155686096552602,0.0019201040267944336,0.06515194285038292,0.5,0.0,1,0
1757356716.673514,1.8859781123047983,-1.871920137030319,-0.8407,0.0,0.0,1.3465830928620208,-0.9301306618540065,-0.8402342036051247,2.0810857450559546,2.3954822662756845,0.0029916763305664062,0.06419459053890192,0.5,0.0,1,0
1757356716.711932,1.8978193117948545,-1.8851838579555178,-0.8411,0.0,0.0,1.5568241776403389,-0.9388517190206801,-0.840834200540458,2.3274475410990942,0.4484435546065593,0.019829511642456055,0.06510288504027964,0.5,0.0,1,0
1757356716.7353618,1.9079251100143046,-1.896485825617315,-0.8415,0.0,0.0,1.5489841765937902,-0.9447635065292426,-0.8412333983106774,2.3190612222636133,0.6476558814778254,0.011708736419677734,0.06496907379609973,0.5,0.0,1,0
1757356716.775886,1.9209272520841565,-1.9110404287801193,-0.842,0.0,0.0,1.6483925214915818,-0.9523846002238631,-0.8417637396886866,2.4576888274174644,0.5654677644608489,0.017262578010559082,0.06549452817510582,0.5,0.0,1,0
1757356716.8064885,1.9276916350414093,-1.9186408818917857,-0.8425,0.0,0.0,1.7181300943357418,-0.9586845830003374,-0.842293163844833,2.5618519757393203,0.29017709830600497,0.017552971839904785,0.06592721111221189,0.5,0.0,1,0
1757356716.8371997,1.9353583141025459,-1.9272389877218767,-0.8429,0.0,0.0,1.7231403736415618,-0.9637661689597462,-0.8427458068196567,2.569635322686197,0.37711259748765663,0.015282869338989258,0.06594762197001405,0.5,0.0,1,0
1757356716.8699799,1.945220209624878,-1.938309230066194,-0.8434,0.0,0.0,1.7538183209924076,-0.9693050487827275,-0.8432382831671613,2.617211104421514,0.44570287641906875,0.01664149761199951,0.06613969728496388,0.5,0.0,1,0
1757356716.9026482,1.9609752591050669,-1.9559551787251201,-0.8437,0.0,0.0,1.7740658749985863,-0.9760381621898271,-0.8436737429170824,2.6489987170495093,0.7167993570295446,0.01650238037109375,0.06625630630277156,0.5,0.0,1,0
1757356716.936301,1.971683878556086,-1.9679938055440855,-0.844,0.0,0.0,1.794459835230175,-0.982584509422691,-0.8440751130940225,2.6810327627402133,0.4800271882690483,0.016785502433776855,0.06637570674169593,0.5,0.0,1,0
1757356717.0353184,1.982070242054644,-1.9796783255469521,-0.8444,0.0,0.0,2.218364502240773,-0.9938209312819534,-0.8448914313811137,3.4605008269996627,0.1932106023029223,0.040470242500305176,0.07032434249984088,0.5,0.0,1,0
1757356717.0669413,1.994659029694776,-1.9942107016905142,-0.8447,0.0,0.0,1.9511542987951809,-0.9972957563817189,-0.8450219312434025,2.9433245198648272,0.900462314397195,0.010677337646484375,0.06787062339814427,0.5,0.0,1,0
1757356717.0731554,2.003991943544144,-2.004885671985195,-0.8451,0.0,0.0,1.880243125774745,-1.0025325012392683,-0.8453205841755669,2.820372421408673,0.45068212335543095,0.015737414360046387,0.06722420527276804,0.5,0.0,1,0
1757356717.0782738,2.0159973773775,-2.0186365902891024,-0.8454,0.0,0.0,1.6165212312640143,-1.0056690984416594,-0.8453969075744747,2.431410283330025,3.005977714148977,0.0030367374420166016,0.06525302403115969,0.5,0.0,1,0
1757356717.1056376,2.0271601260316356,-2.0306817358613194,-0.8457,0.0,0.0,1.6615793612068228,-1.012313261392664,-0.8457382287245179,2.49211224158778,0.5693762654938251,0.014423727989196777,0.06536355232213767,0.5,0.0,1,0
1757356717.1439846,2.0366463229364298,-2.041242842710449,-0.846,0.0,0.0,1.7369538411557712,-1.018994110718847,-0.846109303678201,2.5974893968831023,0.4222859595700531,0.01681220531463623,0.06573490550051468,0.5,0.0,1,0
1757356717.192754,2.048856820618506,-2.05483816017906,-0.8463,0.0,0.0,1.904940942393994,-1.0271512250611456,-0.8465719614033163,2.8565407082474468,0.3906788203667403,0.02339029312133789,0.06689570475998857,0.5,0.0,1,0
1757356717.2139785,2.0628807859259206,-2.070799471413406,-0.8466,0.0,0.0,1.8254114852098953,-1.0330414854464158,-0.8468072163766723,2.730434342798089,0.8097291212304604,0.01312112808227539,0.0662876119776129,0.5,0.0,1,0
1757356717.2375343,2.0736343376095956,-2.0829388591663798,-0.8469,0.0,0.0,1.7653911087012946,-1.0388307020165117,-0.8470465860885028,2.6425253794794594,0.6586595314918853,0.012313008308410645,0.06581095842493596,0.5,0.0,1,0
1757356717.2713976,2.084065204593284,-2.0947201598675127,-0.8472,0.0,0.0,1.8101952336739777,-1.045607987903527,-0.8473757691829206,2.7085357638714096,0.47446876110650504,0.016585111618041992,0.06603781480942836,0.5,0.0,1,0
1757356717.302864,2.097604974033783,-2.1101518455834305,-0.8475,0.0,0.0,1.8313930242923964,-1.0526298949117487,-0.8476854739835722,2.7410427646365783,0.6403512144776372,0.016031622886657715,0.06612771169007406,0.5,0.0,1,0
1757356717.3415124,2.107366938878833,-2.1212457362449846,-0.8477,0.0,0.0,1.8602366519559328,-1.0592801374348297,-0.8479734535891588,2.7849506350592232,0.4415332855754796,0.01673567295074463,0.06628495183979125,0.5,0.0,1,0
1757356717.3787081,2.1199279105905027,-2.1355304742371866,-0.8481,0.0,0.0,1.882508733528042,-1.0661453668158223,-0.8482928720796211,2.819491764036046,0.5657009252399011,0.016816377639770508,0.06640503277507084,0.5,0.0,1,0
1757356717.4056056,2.1289652922872837,-2.145656541148527,-0.8484,0.0,0.0,1.9135718275246203,-1.0725374729994002,-0.8486184638093122,2.8677319545189124,0.38463186612066247,0.017647743225097656,0.0666016833035532,0.5,0.0,1,0
1757356717.4380703,2.1377621509880256,-2.1556080768564274,-0.8487,0.0,0.0,1.8966267763084756,-1.0779481899052785,-0.8489005424576624,2.8416063591089977,0.4262651872398447,0.01558375358581543,0.06644909498864358,0.5,0.0,1,0
1757356717.4698818,2.1490818597401744,-2.1684217606264014,-0.8492,0.0,0.0,1.9010614543660502,-1.0838737253197426,-0.8492553520808855,2.848808771398744,0.5268711471450445,0.01623249053955078,0.06643739871126422,0.5,0.0,1,0
1757356717.502458,2.1599837317503168,-2.1812268460739705,-0.8495,0.0,0.0,1.912296276571071,-1.0900516823305915,-0.8495988655740258,2.8665623237112183,0.5081538985759138,0.016550064086914062,0.0664739199476383,0.5,0.0,1,0
1757356717.5517054,2.1660329588750935,-2.1882145105108752,-0.8497,0.0,0.0,2.0034406797736724,-1.096226083490021,-0.8499723106448388,3.0109468961634347,0.21929001814589058,0.02107822895050049,0.06714366479804722,0.5,0.0,1,0
1757356717.5690072,2.1777640515386283,-2.201782488904417,-0.8502,0.0,0.0,1.8960868072918073,-1.100640414424606,-0.8502356574485447,2.8433167886177646,0.7399250104077744,0.012125015258789062,0.06632050966405251,0.5,0.0,1,0
1757356717.6023424,2.19216011704575,-2.2176291553700875,-0.8508,0.0,0.0,1.9174751627859485,-1.1073590249130627,-0.850670046438084,2.876102159663282,0.6441712356003472,0.0166243314743042,0.06640235618150278,0.5,0.0,1,0
1757356717.643505,2.2015462963353927,-2.228186936086271,-0.8512,0.0,0.0,1.9343168276564402,-1.1135716105824627,-0.8510967894049452,2.9019120716262976,0.42314865386833733,0.01669919490814209,0.06646984102320072,0.5,0.0,1,0
1757356717.669981,2.2136253821840977,-2.24177980712199,-0.8518,0.0,0.0,1.9452998664931949,-1.1199838571163374,-0.8515733554824217,2.91915412552067,0.5483891132996459,0.016588807106018066,0.06650093508580926,0.5,0.0,1,0
1757356717.7075694,2.227960542833308,-2.2582953074485514,-0.8522,0.0,0.0,1.9998931994417966,-1.1276410775476289,-0.8520699614741876,3.0039460553904553,0.5748044912580835,0.01902627944946289,0.06686379685325332,0.5,0.0,1,0
1757356717.7428339,2.2386040248929566,-2.270448389355124,-0.8527,0.0,0.0,1.955335477619999,-1.1337596742845246,-0.8524974406282967,2.935995589287175,0.5490354065431423,0.014719128608703613,0.06649955814680727,0.5,0.0,1,0
1757356717.770103,2.2522978032189407,-2.2860989681343518,-0.8532,0.0,0.0,1.960558743686738,-1.1408806558776061,-0.852973832596405,2.944818192946527,0.6383747988408053,0.016292691230773926,0.06647807048626357,0.5,0.0,1,0
1757356717.8255298,2.2601010518444706,-2.2953968365995907,-0.8536,0.0,0.0,2.110589844161121,-1.1488751275358662,-0.8535628753277277,3.182502203032749,0.25073994574493136,0.024218320846557617,0.06761898184098625,0.5,0.0,1,0
1757356717.8374655,2.2689923759373722,-2.3057320887561126,-0.8541,0.0,0.0,1.9238215316113634,-1.1524093523409502,-0.8538720899460919,2.893260071026613,0.7497687757936128,0.009097933769226074,0.06619268164776544,0.5,0.0,1,0
1757356717.8733141,2.2773298595347677,-2.315438129989928,-0.8547,0.0,0.0,1.9520196791171693,-1.1581315931072904,-0.8543943279514207,2.934736286583167,0.3855621310326216,0.016611337661743164,0.06630861184649148,0.5,0.0,1,0
1757356717.9507067,2.290089490859513,-2.329711310256061,-0.8552,0.0,0.0,2.035751699635864,-1.1651530539457537,-0.8549723994154949,3.0612031986914703,0.4775112659371968,0.020053505897521973,0.06686864368261995,0.5,0.0,1,0
1757356717.9941652,2.303639428279162,-2.345140625962803,-0.8558,0.0,0.0,2.3572552523416745,-1.1757703987989303,-0.8558195011128577,3.6188719170026182,0.29120674446211275,0.03527259826660156,0.0697898466338821,0.5,0.0,1,0
1757356718.002271,2.3134446006960294,-2.35631355040862,-0.8563,0.0,0.0,2.064593273319027,-1.1785179548438236,-0.8561045536707793,3.107708137096371,0.8908781797906321,0.008347749710083008,0.0672424375293562,0.5,0.0,1,0
1757356718.012031,2.3240183458682684,-2.3685458089973896,-0.8568,0.0,0.0,1.8305319946555043,-1.1817890508215971,-0.8563937781611626,2.781218554586054,1.5746741224256837,0.0051364898681640625,0.06549744537471834,0.5,0.0,1,0
1757356718.039039,2.3369623983426675,-2.3834428963967533,-0.8575,0.0,0.0,1.8714217281449312,-1.188815284043532,-0.8569742782783242,2.8358114361309683,0.661355185007094,0.014929533004760742,0.06559918509852285,0.5,0.0,1,0
1757356718.0702858,2.349385888835567,-2.3977588631923132,-0.8582,0.0,0.0,1.9127395617386402,-1.1960587242723855,-0.8576045844093835,2.8922712047301604,0.6094407516448584,0.015561699867248535,0.06575699888215847,0.5,0.0,1,0
1757356718.1027236,2.360937409893125,-2.4113960409770474,-0.8587,0.0,0.0,1.9615681768679818,-1.2034124395603798,-0.8582216279141504,2.960391240265292,0.537961008698689,0.016617417335510254,0.06600624733746163,0.5,0.0,1,0
1757356718.1367931,2.370726675314249,-2.4228418237553897,-0.8591,0.0,0.0,2.0054967179103,-1.210320082547366,-0.8587912546676417,3.0233537501029177,0.4375758756596786,0.017215728759765625,0.06626257403137134,0.5,0.0,1,0
1757356718.1689084,2.3802165682371843,-2.4339506226153382,-0.8595,0.0,0.0,2.012799222621659,-1.2164660210503742,-0.8592926081151627,3.0350891724914963,0.4556618383267277,0.016038060188293457,0.0662832937026902,0.5,0.0,1,0
1757356718.2029257,2.391528445799124,-2.4467864435496267,-0.8601,0.0,0.0,2.032430434567057,-1.2228716908760295,-0.8598369060981008,3.0645693425013034,0.5124781420837463,0.016702651977539062,0.06638803765621125,0.5,0.0,1,0
1757356718.245522,2.3999945006997216,-2.456539361680912,-0.8605,0.0,0.0,2.053400810955643,-1.2287985699635453,-0.8603485346711889,3.095834806179393,0.37828892279213844,0.017078280448913574,0.06651127564117444,0.5,0.0,1,0
1757356718.2732368,2.408206315009919,-2.466005105872257,-0.861,0.0,0.0,2.0486175716995563,-1.2340391555131232,-0.8608386770476679,3.0898779346838134,0.3909303563917471,0.016040325164794922,0.06645220117023386,0.5,0.0,1,0
1757356718.305808,2.4225110044514144,-2.482696979959952,-0.8615,0.0,0.0,2.0874912029534274,-1.2409082508113822,-0.8613723742187429,3.148283138605857,0.6067042502939315,0.01812124252319336,0.06670067028866944,0.5,0.0,1,0
1757356718.3372834,2.4367522115149693,-2.499295339995826,-0.862,0.0,0.0,2.057601428861982,-1.2476276852982635,-0.8618404918147107,3.106913226690189,0.7239311411756292,0.01510930061340332,0.06644874781963525,0.5,0.0,1,0
1757356718.3690155,2.4504243634666842,-2.515247383632176,-0.8625,0.0,0.0,2.0703587000523647,-1.255177022756229,-0.8623474151180048,3.127068648075218,0.6330605333148639,0.016598224639892578,0.06648685973346158,0.5,0.0,1,0
1757356718.402619,2.4574663261579204,-2.5235876717788868,-0.8629,0.0,0.0,2.0827687522439944,-1.2615237602476237,-0.8628274104143075,3.145702178072408,0.3259572546740739,0.016755104064941406,0.06653469495512501,0.5,0.0,1,0
1757356718.4362316,2.4659248590905403,-2.53351306758422,-0.8633,0.0,0.0,2.090351774435434,-1.2673345123153483,-0.8632827805717197,3.157711420325944,0.3916187165059945,0.016657590866088867,0.06655344954124916,0.5,0.0,1,0
1757356718.4692357,2.474127448185551,-2.5431474898290714,-0.8637,0.0,0.0,2.0942560690111165,-1.2727392685354717,-0.8637195467178874,3.164439885152777,0.38306419112217843,0.016524076461791992,0.06654750334050606,0.5,0.0,1,0
1757356718.5023332,2.489813688756328,-2.561317331088715,-0.8642,0.0,0.0,2.100749441570855,-1.2795223722881446,-0.8641756001004341,3.1760511280157573,0.7243288900850037,0.016573548316955566,0.06655036463858441,0.5,0.0,1,0
1757356718.5366747,2.4994621066565332,-2.572575977771683,-0.8645,0.0,0.0,2.1073031611567643,-1.2858921377285644,-0.8645866855659987,3.186760030948025,0.44667109299571994,0.016600966453552246,0.06655605212465109,0.5,0.0,1,0
1757356718.5731287,2.5088226359466987,-2.5835045434385546,-0.8649,0.0,0.0,2.1196725320636154,-1.2920070427186896,-0.8650001885974715,3.205706421073967,0.42483709587752255,0.01694166660308838,0.06660689438854876,0.5,0.0,1,0
1757356718.6051888,2.519887908691701,-2.596766441997172,-0.8653,0.0,0.0,2.145046811916297,-1.2985086269425317,-0.8654246017707989,3.2438236715601763,0.4857614970394669,0.017782926559448242,0.06675834394361438,0.5,0.0,1,0
1757356718.6362765,2.5327435219825056,-2.6120141114914106,-0.8658,0.0,0.0,2.1139672696146543,-1.3048253661214266,-0.8658209040379331,3.201825680273027,0.6574036476349769,0.01517343521118164,0.06649406470483105,0.5,0.0,1,0
1757356718.6698523,2.542043885002512,-2.623059643673681,-0.8662,0.0,0.0,2.12762903851055,-1.311232394897262,-0.8662486289047477,3.2224932750667112,0.43013798208554893,0.016791224479675293,0.06654261277376881,0.5,0.0,1,0
1757356718.7039154,2.553426668423237,-2.6360831111345466,-0.8668,0.0,0.0,2.1438977434444215,-1.3177522501961956,-0.8667320261913632,3.2471115989150143,0.506365688067879,0.0170896053314209,0.06661676729914842,0.5,0.0,1,0
1757356718.7360141,2.5618661954221,-2.6459282767925627,-0.8672,0.0,0.0,2.1335794925053637,-1.3234069845646397,-0.8671695055703175,3.234052535253315,0.4074595236955374,0.015920042991638184,0.0665043956332963,0.5,0.0,1,0
1757356718.7693932,2.570052952032562,-2.655482786626839,-0.8675,0.0,0.0,2.1416951627024976,-1.3288859276424876,-0.8675795649638035,3.2467136684142925,0.37943526182368065,0.01658487319946289,0.06652144875526772,0.5,0.0,1,0
1757356718.8030238,2.58861755111106,-2.6774485736314815,-0.868,0.0,0.0,2.1524306208085457,-1.3364392107892495,-0.8680173121333538,3.2652046244334345,0.8614968005778578,0.01669442653656006,0.06654826908877082,0.5,0.0,1,0
1757356718.840912,2.5994407970341964,-2.6902301875581993,-0.8685,0.0,0.0,2.197317442755729,-1.3440333856397302,-0.8685095080616418,3.330187565781661,0.4497894655349874,0.01862645149230957,0.06683714598766674,0.5,0.0,1,0
1757356718.874024,2.609593409792492,-2.7022307048381746,-0.8689,0.0,0.0,2.156547202585928,-1.35017215728572,-0.8689046670376204,3.274895297367155,0.5272553934037049,0.014911293983459473,0.06650732765364865,0.5,0.5,1,0
1757356718.9066594,2.6191443657578803,-2.713645134371115,-0.8693,0.0,0.0,2.194609995575214,-1.356917532044291,-0.8693620049013482,3.329483025450848,0.4102622729599144,0.025661193009554852,0.0667381274826368,0.5,0.5,1,0
1757356718.9376576,2.631633805287964,-2.7285040013970745,-0.8698,0.0,0.0,2.169813775038647,-1.3632916379814475,-0.858838491518752,3.2975987986809723,0.6275072767122498,0.02188011493594553,0.066519439331577,0.5,0.5,1,0
1757356718.975413,2.6406717126152945,-2.7392672229195525,-0.8701,0.0,0.0,2.2227082624585965,-1.3700343875820309,-0.836151448602599,3.3731649438516076,0.374831742692174,0.026519471432630698,0.06683216283964892,0.5,0.5,1,0
1757356719.0022626,2.6485511696809034,-2.748506786801706,-0.8705,0.0,0.0,2.169694710169863,-1.3747723190461683,-0.8173787127779056,3.3017745244915457,0.4390151829654356,0.019569118938396187,0.06635852443155832,0.5,0.5,1,0
1757356719.0382671,2.659257420225373,-2.7611718245094172,-0.8707,0.0,0.0,2.221162110932642,-1.3808985372703748,-0.7843757082644314,3.3759010376701886,0.47031988702040484,0.02493508710340917,0.06656692488056476,0.5,0.5,1,0
1757356719.0693026,2.6670147300736398,-2.77033647259838,-0.8689,0.0,0.0,2.221940544133261,-1.385859420857477,-0.7560111257731169,3.3799197753416084,0.39166515268509117,0.02191939579875768,0.06641721850202174,0.5,0.5,1,0
1757356719.1028447,2.6853701791682507,-2.7916889085768255,-0.8631,0.0,0.0,2.2590098315213396,-1.393088120151798,-0.7195091063064062,3.4375691145436806,0.8628080836533811,0.02356076266716594,0.06647855091543932,0.5,0.5,1,0
1757356719.1382296,2.696127187272226,-2.8040965116463816,-0.8573,0.0,0.0,2.313052817046687,-1.3999945552669368,-0.6775790909881472,3.520625376687698,0.49673697654647075,0.024791113468895957,0.06664264334109629,0.5,0.5,1,0
1757356719.173423,2.706639770979566,-2.816069039633512,-0.8505,0.0,0.0,2.316467066532503,-1.40602001440784,-0.6452131834734076,3.5296303536251963,0.5550095857337688,0.02207061869121477,0.06648573822656628,0.5,0.5,1,0
1757356719.2051651,2.713071804908478,-2.82290147698953,-0.8407,0.0,0.0,2.38351958025284,-1.4114406906292887,-0.5956575486056643,3.6360737930916605,0.37433300803632535,0.02562983575426275,0.06673202638058924,0.5,0.5,1,0
1757356719.2385988,2.724039294597853,-2.8346534220236843,-0.8236,0.0,0.0,2.3658760375098726,-1.4162601182041419,-0.564575898447899,3.611717921047655,0.7793164656500076,0.02129461091643219,0.06646704048700618,0.5,0.5,1,0
1757356719.2692888,2.732115086126986,-2.8430349205801186,-0.8098,0.0,0.0,2.397899517688287,-1.4209899643753359,-0.5190771999531227,3.6658152000085393,0.5435670620096466,0.023484392577664197,0.06650507544750933,0.5,0.5,1,0
1757356719.3036482,2.747364890316513,-2.858140889486954,-0.7959,0.0,0.0,2.438703085271024,-1.4266322451992504,-0.4700254330782978,3.735580969046481,0.7473621429059538,0.024195157030951916,0.0665978137235971,0.5,0.5,1,0
1757356719.3358126,2.7623962211161115,-2.8725345870901724,-0.7775,0.0,0.0,2.4496676070496513,-1.4324829315789152,-0.4281779660644415,3.756965216026742,0.8581281713507757,0.022890290601054637,0.06652752880446457,0.5,0.5,1,0
1757356719.3689106,2.773457012490838,-2.8827676695744495,-0.7638,0.0,0.0,2.4716772589235214,-1.4379344724079344,-0.38254609059723665,3.797817176662084,0.6133341089334099,0.023478997781054802,0.06653359739790868,0.5,0.5,1,0
1757356719.4019635,2.7896769561337456,-2.897697706029798,-0.7456,0.0,0.0,2.490039162396837,-1.4438993231772352,-0.3367147797533459,3.8323878028847136,0.8616807753603482,0.023459104468557663,0.06652963633461535,0.5,0.5,1,0
1757356719.4385014,2.8010154764136326,-2.9076484175407344,-0.7321,0.0,0.0,2.539701327024204,-1.449440219650592,-0.27873894961062184,3.9226860797607856,0.5604723473653231,0.025540653022813695,0.06672222748393891,0.5,0.5,1,0
1757356719.473025,2.8121525908039766,-2.917143066026003,-0.7183,0.0,0.0,2.506231741821319,-1.4541282064748722,-0.25182921601527375,3.870641788446472,0.6544432398549688,0.021733949665309747,0.0664694908589796,0.5,0.5,1,0
1757356719.5062249,2.8212449218221387,-2.9247384936735648,-0.7045,0.0,0.0,2.5500094063781384,-1.4585846001536855,-0.19429234926671138,3.952480168931039,0.5042551188272518,0.02550457532048837,0.06665839095107852,0.5,0.5,1,0
1757356719.536621,2.8343916405286618,-2.9353287611776078,-0.6864,0.0,0.0,2.5173561509865534,-1.462852782650633,-0.16680598304459465,3.9009855665830786,0.7943088843291838,0.022033529464525182,0.06644044582351886,0.5,0.5,1,0
1757356719.5693748,2.8440373921738744,-2.9428365059205595,-0.6728,0.0,0.0,2.513817567382017,-1.46683481151876,-0.1283703532040455,3.901530976272634,0.5612447351274847,0.02303797315823681,0.06638661672933524,0.5,0.5,1,0
1757356719.6039538,2.8611791240519704,-2.9559207790872524,-0.6599,0.0,0.0,2.5269658178770897,-1.4715577682780763,-0.08319766010541998,3.930377465325012,0.7419400852475332,0.02394885084825425,0.06642833509943044,0.5,0.5,1,0
1757356719.6358047,2.874344204043253,-2.9655233919527455,-0.6463,0.0,0.0,2.51276454216249,-1.4760277748919381,-0.05091184487220027,3.9125129832184014,0.6609522951051551,0.022706867516335227,0.06633363084850936,0.5,0.5,1,0
1757356719.6687684,2.8915016093321744,-2.977598747766388,-0.6281,0.0,0.0,2.5154603432267275,-1.4808927911945249,-0.010121513712810143,3.9222065017341325,0.8386024270845146,0.023419486430957422,0.06633096492983734,0.5,0.5,1,0
1757356719.702507,2.9036526797589355,-2.9862585609419545,-0.6099,0.0,0.0,2.519554745470206,-1.4853364371156987,0.03280350617985728,3.935575001874056,0.7020238744182103,0.02370507347646724,0.06634933956842502,0.5,0.5,1,0
1757356719.7357793,2.9140902441508945,-2.993284340934164,-0.5962,0.0,0.0,2.5124255887741254,-1.489204381126351,0.06951856691210512,3.931469210603996,0.5645127895834544,0.023299452206398397,0.06631960411870355,0.5,0.5,1,0
1757356719.7731013,2.924303281828902,-2.999972205765903,-0.5824,0.0,0.0,2.5087463039947604,-1.49267535100172,0.10748565466631138,3.933455517606032,0.5537945472551649,0.023525527901810832,0.06631694279658995,0.5,0.5,1,0
1757356719.8059263,2.9429067525299537,-3.011454929810615,-0.5681,0.0,0.0,2.540223296746584,-1.4966884281841786,0.16578045538345304,3.9955515366928664,0.7152428639262133,0.025826240068323514,0.06652183937243117,0.5,0.5,1,0
1757356719.8360023,2.961292858707623,-3.0222876325103014,-0.5492,0.0,0.0,2.483965760554664,-1.5010324295470374,0.17307418725575396,3.9054124582349976,0.9488293396456168,0.021244034698219116,0.0662396830667575,0.5,0.5,1,0
1757356719.8699427,2.9744119235203805,-3.0297057458805488,-0.5352,0.0,0.0,2.485109057710721,-1.5050264221944747,0.21061561158101677,3.914634338113983,0.6189830910756846,0.023498891093551945,0.06625734392291799,0.5,0.5,1,0
1757356719.90331,2.984043825798588,-3.035396520115531,-0.5212,0.0,0.0,2.490552428178493,-1.5083853022078884,0.25195044624419016,3.9323241497801678,0.5268351534994755,0.02405303785777318,0.06632054563334286,0.5,0.5,1,0
1757356719.9360695,2.9988995088260166,-3.0434870648006633,-0.5029,0.0,0.0,2.472631252120113,-1.5118472003174863,0.2789019082706464,3.9091637292267345,0.7712295022408597,0.02284864951472587,0.06625803747665096,0.5,0.5,1,0
1757356719.969635,3.009752174454026,-3.0491647602410317,-0.4892,0.0,0.0,2.4709864800560855,-1.5149154408912728,0.3150196926906596,3.915091328989433,0.5502810220097293,0.023614036283683706,0.06628900233241897,0.5,0.5,1,0
1757356720.0031168,3.0276284733412635,-3.0582206172075383,-0.4753,0.0,0.0,2.4680309220715446,-1.5183444565816628,0.3493502456157256,3.9182274153400476,0.7298278181843746,0.023628871974359544,0.06631681370147317,0.5,0.5,1,0
1757356720.0357573,3.0413470096298703,-3.0647751980045137,-0.4613,0.0,0.0,2.455626398686924,-1.5216185245601754,0.3761162474737183,3.9058097340507953,0.6333736749040715,0.02307388227316809,0.06629187716356312,0.5,0.5,1,0
1757356720.0731983,3.0547513939244118,-3.0709371013855606,-0.4474,0.0,0.0,2.45193078054645,-1.5246988669446526,0.4077716844556987,3.9076024785640304,0.6111220327776807,0.023453203909766136,0.06631636306674712,0.5,0.5,1,0
1757356720.1117375,3.0723342828765756,-3.078813975689956,-0.4289,0.0,0.0,2.487171564862063,-1.5277418082473775,0.471525506285904,3.9736347145226993,0.7178234362211964,0.026311771763169012,0.06660743224237478,0.5,0.5,1,0
1757356720.136566,3.0893163106191315,-3.0859520900219732,-0.4102,0.0,0.0,2.433933944870126,-1.531186487287342,0.4694197788978715,3.8933893941564,0.8668659104266017,0.021411779155292472,0.06635621366102787,0.5,0.5,1,0
1757356720.1691847,3.101700442960399,-3.090906841787795,-0.3963,0.0,0.0,2.422854003650249,-1.5342190897957093,0.49202611115388695,3.882585586447285,0.5994817753864659,0.02272322049355745,0.06631598920643533,0.5,0.5,1,0
1757356720.2054315,3.1211338728196707,-3.0987476295181606,-0.3826,0.0,0.0,2.4274232425095468,-1.5374690522105454,0.5255165879435346,3.8965085530200017,0.7526190392539502,0.023522493328718048,0.06637120913679025,0.5,0.5,1,0
1757356720.2393515,3.1415960637654057,-3.1062334580707476,-0.3643,0.0,0.0,2.428906432516203,-1.540838642088399,0.5583325065705484,3.904131862012971,0.8549287620384823,0.023534125858907053,0.06642002787685201,0.5,0.5,1,0
1757356720.2688963,3.156502511745624,-3.1114003281712423,-0.3507,0.0,0.0,2.425189070617888,-1.5438957154324764,0.5870636805133114,3.9060897425168353,0.6302795975620292,0.023368235863168173,0.06644735101802816,0.5,0.5,1,0
1757356720.3055577,3.166258555760204,-3.114736735894034,-0.337,0.0,0.0,2.44177112437771,-1.5462586122975004,0.6354142801683,3.9423693556128985,0.48349577049389364,0.02507653192701173,0.0666408516315361,0.5,0.5,1,0
1757356720.3356416,3.1781312755924276,-3.1186266783018604,-0.3231,0.0,0.0,2.4039741440510913,-1.5487309874708248,0.6362513672527272,3.891125058993428,0.6060495586410881,0.021806105069960398,0.06646392574366497,0.5,0.5,1,0
1757356720.3690434,3.193497937960565,-3.1233754347815603,-0.3043,0.0,0.0,2.40816893680638,-1.5510644697563336,0.6691366305991727,3.902443791389222,0.7399280303688291,0.023643707665035377,0.06652687807307453,0.5,0.5,1,0
1757356720.4061966,3.212893592091409,-3.129157168264461,-0.2904,0.0,0.0,2.4384249204038184,-1.5533640452703523,0.7301265951487796,3.960646370443947,0.6647068657200809,0.026118739196989118,0.06682663670816827,0.5,0.5,1,0
1757356720.435725,3.2325046813672653,-3.134347711738696,-0.272,0.0,0.0,2.3831237486582637,-1.5562678220362054,0.7122532825539358,3.8800402528767215,0.9351824810676127,0.020708432547342673,0.0664971945854393,0.5,0.5,1,0
1757356720.4699323,3.2467677752239847,-3.137860101543852,-0.2578,0.0,0.0,2.399662957199008,-1.5585418380686589,0.7525851593586775,3.9108163394677207,0.597052013473915,0.0,0.06662217912286936,0.0,0.0,1,0
1757356720.505652,3.2606226417758215,-3.1413856426883013,-0.2436,0.0,0.0,2.381891764998885,-1.5607585445913554,0.7599119738607772,3.8888488159739163,0.6215301496594406,0.0,0.06658791126843011,0.0,0.0,1,0
1757356720.535609,3.278559170701786,-3.145400523445373,-0.2252,0.0,0.0,2.3730482097806544,-1.5629376850927585,0.7683807792053622,3.875424085674304,0.7843652545122634,0.0,0.06661754179679948,0.0,0.0,1,0
1757356720.575433,3.2915917687202967,-3.148095570927227,-0.2128,0.0,0.0,2.412876186147502,-1.5644854887431374,0.8237288474250387,3.9407708443922225,0.4562104872017854,0.0,0.06712873109808917,0.0,0.0,1,0
1757356720.6024,3.3062789251991394,-3.150913622455404,-0.2049,0.0,0.0,2.326623894040598,-1.5667995063430504,0.7494234987907469,3.8123098689513615,0.6281883184303826,0.0,0.06652815704788419,0.0,0.0,1,0
1757356720.6355324,3.3195022025108005,-3.1533316683794377,-0.2011,0.0,0.0,2.333043819774937,-1.568525636016406,0.7416974822184674,3.8137278048169097,0.4214888816008342,0.0,0.06656293855504265,0.0,0.0,1,0
1757356720.6747458,3.336541285116182,-3.1563559304626256,-0.1972,0.0,0.0,2.33842327645031,-1.5702543711300367,0.7307492280569068,3.8129454957091213,0.5314490277145243,0.0,0.06660105222723808,0.0,0.0,1,0
1757356720.7103653,3.3419366447419048,-3.157393543578727,-0.1968,0.0,0.0,2.375091478492067,-1.5713811653305174,0.7501113415247644,3.859096769707834,0.143711201709896,0.0,0.06697966435754339,0.0,0.0,1,0
1757356720.7359335,3.353754215062749,-3.15966895584124,-0.1993,0.0,0.0,2.3158595760488336,-1.5730778022416039,0.6788490195810933,3.7706109923638986,0.4414899124038051,0.0,0.06648152282252198,0.0,0.0,1,0
1757356720.7696702,3.36230631445424,-3.161334301431774,-0.2016,0.0,0.0,2.3307910207169567,-1.5743408329900663,0.6622837352651145,3.7788871042153813,0.2680814044510502,0.0,0.06654363301953545,0.0,0.0,1,0
1757356720.8022075,3.3562942558599227,-3.1596894708097514,-0.2022,0.0,0.0,2.329668340073981,-1.574943502769811,0.6365885343369713,3.766323030400766,0.19139334736548846,0.0,0.06652168931151066,0.0,0.0,1,0
1757356720.844105,3.3587316931972944,-3.160191116444531,-0.2014,0.0,0.0,2.3705123538278907,-1.5752547707784472,0.649595356287727,3.8127055485864636,0.06735625651383625,0.0,0.06693189396877468,0.0,0.0,1,0
1757356720.8834238,3.3604525873087687,-3.1605457314555014,-0.2021,0.0,0.0,2.332100517600111,-1.5758437740586058,0.6006870863830134,3.7550198925523524,0.060972768025540816,0.0,0.0666540770518308,0.0,0.0,1,0
1757356720.905577,3.358481759676287,-3.1600139691761364,-0.2032,0.0,0.0,2.3009541957098354,-1.576268086223174,0.5522209635107935,3.706535368766319,0.07816127448126498,0.0,0.0663730953529361,0.0,0.0,1,0
1757356720.9357097,3.3585863390028137,-3.160036119017437,-0.2038,0.0,0.0,2.311230551526371,-1.5764961644888567,0.5363243792217623,3.7106479515797544,0.018046610905416514,0.0,0.06645659688408102,0.0,0.0,1,0
1757356720.9729717,3.35872077485784,-3.1600653962575938,-0.2033,0.0,0.0,2.3064459957625236,-1.5767225681423185,0.513224469311737,3.697814277958966,0.015785745913940857,0.0,0.06645025951229762,0.0,0.0,1,0
1757356721.0053294,3.3585885548817873,-3.1600284675035244,-0.2033,0.0,0.0,2.322414034550481,-1.5768106754284892,0.509174643337098,3.7125976384050876,0.0037779587617460136,0.0,0.06668052410730177,0.0,0.0,1,0
1757356721.0366101,3.3585890506047456,-3.160029156290324,-0.2039,0.0,0.0,2.2921731624265558,-1.577040183584234,0.4725500053178173,3.6714876094167055,0.01915340409289883,0.0,0.06648999747539051,0.0,0.0,1,0
1757356721.0691864,3.3585895399205494,-3.1600307603125093,-0.2043,0.0,0.0,2.278876717493104,-1.5772256264958564,0.4473847012314421,3.6512944235069593,0.0123064354476379,0.0,0.0664367895447813,0.0,0.0,1,0
1757356721.1059604,3.3585894040308446,-3.1600285536454815,-0.2041,0.0,0.0,2.267539869715943,-1.5773923220918729,0.4249692908328624,3.634088548602444,0.006123132768457113,0.0,0.06640806743782846,0.0,0.0,1,0
1757356721.1355321,3.3585893249471006,-3.160028953543175,-0.2039,0.0,0.0,2.2605047639465607,-1.5775275777221973,0.4073766390505606,3.622756152065411,0.0059826022696403474,0.0,0.06643598449692568,0.0,0.0,1,0
1757356721.1693144,3.3585890792817743,-3.1600301632560996,-0.2043,0.0,0.0,2.2490925451557553,-1.5776590551253018,0.38812940302786203,3.6074122422745076,0.012056812613941183,0.0,0.06643438981709963,0.0,0.0,1,0
1757356721.2028737,3.3585895035613027,-3.160028612975391,-0.2046,0.0,0.0,2.2389177216393867,-1.577775035732614,0.37085470843608404,3.5940650202560467,0.008939077604725778,0.0,0.06645460193928228,0.0,0.0,1,0
1757356721.2365637,3.35858941987194,-3.1600290164178073,-0.2046,0.0,0.0,2.229474441764701,-1.5778767016912494,0.35530684843493743,3.58206078261635,1.2112816795729506e-05,0.0,0.06649398671849233,0.0,0.0,1,0
1757356721.2726157,3.358589170813129,-3.160030217425227,-0.2045,0.0,0.0,2.2086867684100953,-1.5780079977868153,0.33235561149067977,3.558341230813427,0.003090300581266304,0.0,0.06640649464829546,0.0,0.0,1,0
1757356721.3054419,3.3585895939298047,-3.160028672112788,-0.2048,0.0,0.0,2.2110973515113517,-1.5780659079726227,0.3265058131984052,3.5598601278518305,0.008299918502888201,0.0,0.06659267436475236,0.0,0.0,1,0
1757356721.336354,3.358589508740672,-3.160029082172575,-0.2049,0.0,0.0,2.177664297191615,-1.5782152578579782,0.29616691619270974,3.524551755559587,0.003250016105557402,0.0,0.06635860759074591,0.0,0.0,1,0
1757356721.3689833,3.358589260007745,-3.1600302791987978,-0.2048,0.0,0.0,2.1619675741334645,-1.5783356199917953,0.27746397327706507,3.5078740473775625,0.0030811284480952578,0.0,0.06630801407367576,0.0,0.0,1,0
1757356721.4019341,3.3585896789137637,-3.160028733809084,-0.2049,0.0,0.0,2.1510294383499704,-1.5784356393513184,0.2628541423268047,3.4964294387403827,0.0030117614730114234,0.0,0.0663188481460569,0.0,0.0,1,0
1757356721.435663,3.3585895899922034,-3.160029161359603,-0.2052,0.0,0.0,2.1402383928761983,-1.5785237210153629,0.24922537180398185,3.485653810864914,0.008959262158653614,0.0,0.0663406760985759,0.0,0.0,1,0
1757356721.4682858,3.3585893387227523,-3.160030368613137,-0.2052,0.0,0.0,2.125995798252561,-1.578613011068579,0.23385373471386792,3.472054913107501,3.73650053235121e-05,0.0,0.06632083965125483,0.0,0.0,1,0
1757356721.5028446,3.3585897640061884,-3.160028783755751,-0.2053,0.0,0.0,2.113556900181982,-1.5786945560723256,0.2201086951194625,3.4605272617356277,0.0030028337396693955,0.0,0.06632317183862962,0.0,0.0,1,0
1757356721.5371478,3.358589675984006,-3.160029206340487,-0.2055,0.0,0.0,2.1069786121490415,-1.578755308396933,0.21104622085181338,3.4545437218385553,0.0057541877569049415,0.0,0.06641373589429118,0.0,0.0,1,0
1757356721.571619,3.3585894283819164,-3.1600303944584103,-0.2055,0.0,0.0,2.0968261659909375,-1.5788135695210181,0.20022029710390934,3.44570976524409,3.501173086651494e-05,0.0,0.06646448789808271,0.0,0.0,1,0
1757356721.6053827,3.3585898438388577,-3.1600288366415104,-0.2056,0.0,0.0,2.080609716439313,-1.5788840254101542,0.18525675596574184,3.4320341246677804,0.0029841284877811344,0.0,0.06641946222596057,0.0,0.0,1,0
1757356721.6350129,3.358589759550717,-3.160029240774468,-0.2057,0.0,0.0,2.052065589193554,-1.5789925757146726,0.16103043436674733,3.4090361578238997,0.0033446085045184537,0.0,0.06615865070162696,0.0,0.0,1,0
1757356721.6699107,3.3585895192656956,-3.160030392348995,-0.2057,0.0,0.0,2.044335906070439,-1.5790713582546,0.150963210308978,3.4027509081143608,3.5267101320758213e-05,0.0,0.0661969235194634,0.0,0.0,1,0
1757356721.702064,3.3585899209623515,-3.160028886719471,-0.2058,0.0,0.0,2.0344014674434896,-1.5791413144658364,0.14011645737207887,3.395148946206323,0.0030144897534500788,0.0,0.06621016943625757,0.0,0.0,1,0
1757356721.7366889,3.3585897895011954,-3.1600295161086005,-0.206,0.0,0.0,2.029248081624749,-1.5791944095167605,0.13317135530718663,3.391323709448285,0.005764999896468887,0.0,0.06631110505756856,0.0,0.0,1,0
1757356721.768989,3.3585895967527257,-3.1600304386126847,-0.206,0.0,0.0,2.011457349081277,-1.5792625870121695,0.1176972420629584,3.3786582159338185,2.9666908582510813e-05,0.0,0.06619425524355463,0.0,0.0,1,0
1757356721.8017957,3.3585899906458323,-3.160028954421651,-0.2061,0.0,0.0,2.0019046241953267,-1.5793229044328838,0.10779583198881604,3.372046342898591,0.003005817359347534,0.0,0.0662066625747535,0.0,0.0,1,0
1757356721.8451426,3.3585898984928866,-3.160029395049189,-0.2062,0.0,0.0,2.0078153431549963,-1.5793504175300266,0.10951128352317666,3.376183612510985,0.0026107786856789167,0.0,0.06652863249764315,0.0,0.0,1,0
1757356721.8734643,3.3585896524248064,-3.1600305712674452,-0.2063,0.0,0.0,1.9751904244216236,-1.579424253179809,0.08429139102390536,3.3548800082133052,0.0035513506777176034,0.0,0.06610683385936261,0.0,0.0,1,0
1757356721.9030538,3.3585900589532125,-3.1600290135270908,-0.2064,0.0,0.0,1.9710229201733642,-1.579481694955429,0.07811996872180875,3.352160773736777,0.0029186217682894643,0.0,0.06619962777615415,0.0,0.0,1,0
1757356721.9394724,3.3585899657304004,-3.1600294587717217,-0.2064,0.0,0.0,1.959228389563319,-1.579537749898678,0.06710466222603537,3.345004493136828,1.404314174943777e-05,0.0,0.06614702937563767,0.0,0.0,1,0
1757356721.969058,3.3585897947749994,-3.160030275053497,-0.2065,0.0,0.0,1.951780976675354,-1.5795889473328002,0.05924438306722232,3.3406236761504386,0.002985607316677499,0.0,0.06617750560766951,0.0,0.0,1,0
1757356722.0059404,3.358590139300012,-3.160028999235394,-0.2066,0.0,0.0,1.9487402361449468,-1.5796296779703387,0.05489704285666497,3.338908118254345,0.00282716872183778,0.0,0.06631194538134008,0.5,0.0,1,0
1757356722.035659,3.3585900298942097,-3.1600295212710994,-0.2066,0.0,0.0,1.930919965811418,-1.5796779900420748,0.040204081247693604,3.3290924488670237,1.741036479892471e-05,0.015317797660827637,0.0661101361220843,0.5,0.0,1,0
1757356722.0698736,3.358589858845756,-3.1600303371950282,-0.2067,0.0,0.0,1.9362994034086902,-1.5797259726047783,0.03415773240329105,3.330464090159374,0.002943700739927165,0.01698601245880127,0.06617661266233206,0.5,0.0,1,0
1757356722.1046858,3.3585901887397434,-3.160029118551444,-0.2068,0.0,0.0,1.943377345674599,-1.5797696031065829,0.025538825517091815,3.332085916673352,0.0030477644818721616,0.016406774520874023,0.06615038485961919,0.5,0.0,1,0
1757356722.1363802,3.3585900930183574,-3.160029574992838,-0.2066,0.0,0.0,1.9578606702170263,-1.5798114847435125,0.019108222233657227,3.3373579290018376,0.005926057579482665,0.01687467098236084,0.06618849411154373,0.5,0.0,1,0
1757356722.1723247,3.3585898504144867,-3.160030738580286,-0.2041,0.0,0.0,1.9685063921154973,-1.5798517280253346,0.010637839162498247,3.3404812210469723,0.07766195014839575,0.016095399856567383,0.06611894470088266,0.5,0.0,1,0
1757356722.2084255,3.3658555047070466,-3.1617470544628703,-0.2032,0.0,0.0,1.9984180863433383,-1.580197170453587,0.009896230276900841,3.3574747991578304,0.20653254767381407,0.018204569816589355,0.06632803497243346,0.5,0.0,1,0
1757356722.2368896,3.3690169015819587,-3.162403792024009,-0.2037,0.0,0.0,2.004237371144511,-1.5805407035690084,-0.001240532661008667,3.3597240752703494,0.10489690342434568,0.015574216842651367,0.06614545078071013,0.5,0.0,1,0
1757356722.2689092,3.372083472817693,-3.16304210108479,-0.2037,0.0,0.0,2.0191910612548316,-1.5808940586688454,-0.00899422267147508,3.367273133782589,0.0972415129729628,0.0161057710647583,0.06608841285127824,0.5,0.0,1,0
1757356722.3290873,3.388019112336435,-3.1666549980079175,-0.2033,0.0,0.0,2.0692887124939428,-1.5817849708302882,-0.00494378699052507,3.4014114680526824,0.41007130056367125,0.01992940902709961,0.06651870326603757,0.5,0.0,1,0
1757356722.3617344,3.3964649105416425,-3.168390182089648,-0.2037,0.0,0.0,2.0744234039815583,-1.5826568862544688,-0.015567295168939621,3.405178294859312,0.2685107258539604,0.016072869300842285,0.0663255109479535,0.5,0.0,1,0
1757356722.3695514,3.4046587528849983,-3.17007745858511,-0.2042,0.0,0.0,2.065232014503568,-1.5835331616050308,-0.0306900721182291,3.3999629388386374,0.302891453384854,0.013834476470947266,0.06593292970805929,0.5,0.0,1,0
1757356722.4026074,3.4306550927297703,-3.175841682034606,-0.2048,0.0,0.0,2.0964872283410405,-1.5851594792145223,-0.03514630619145507,3.4257709429316443,0.8017075729899122,0.016611099243164062,0.0660019055421708,0.5,0.0,1,0
1757356722.4392288,3.4453763944157823,-3.178873084346847,-0.2046,0.0,0.0,2.139823675766452,-1.5867602495396986,-0.03569165079946036,3.4568294761360296,0.41230167846638377,0.018228769302368164,0.06624472389784845,0.5,0.0,1,0
1757356722.4723587,3.464329390525674,-3.182771708169924,-0.2046,0.0,0.0,2.1430324304453987,-1.5884746575006397,-0.04592176713101916,3.462459724520034,0.6463865721925529,0.014967679977416992,0.06601619467406779,0.5,0.0,1,0
1757356722.505336,3.4785833141013396,-3.185813685925388,-0.2054,0.0,0.0,2.1854591467570206,-1.5901517784124983,-0.04700238524050388,3.494250500235214,0.40306008119726716,0.01810753345489502,0.06623999110715134,0.5,0.0,1,0
1757356722.542682,3.492134918671597,-3.188656130273831,-0.2059,0.0,0.0,2.208102210053515,-1.5917343522018412,-0.052020122957350916,3.512624376144223,0.4057692311810198,0.01707315444946289,0.06626545242979948,0.5,0.0,1,0
1757356722.5711763,3.5052827693246074,-3.1914194818007866,-0.2059,0.0,0.0,2.2047220854832883,-1.5932415222950291,-0.06206862024922077,3.5118432312810324,0.45462256224344444,0.014776110649108887,0.06600633555875823,0.5,0.0,1,0
1757356722.6028254,3.5249593880324253,-3.195570520473436,-0.2061,0.0,0.0,2.2319623301335203,-1.5949809255701188,-0.06620651049889642,3.535182826488789,0.6053915066624957,0.016609668731689453,0.06605336017416955,0.5,0.0,1,0
1757356722.6360657,3.538870766294713,-3.198464071377838,-0.2066,0.0,0.0,2.2562234949977644,-1.5966233977189082,-0.07051724298778786,3.5553315579127642,0.42777087287846954,0.01661860942840576,0.06608765428894847,0.5,0.0,1,0
1757356722.6745288,3.552370406828873,-3.2012774202629,-0.2068,0.0,0.0,2.299577144825835,-1.5982038092864155,-0.07115144109164426,3.5912182943205764,0.37331835358190313,0.01847100257873535,0.06633645747065112,0.5,0.0,1,0
1757356722.7034163,3.5748695021004915,-3.2062524756262456,-0.2069,0.0,0.0,2.294330273365886,-1.6000850050960451,-0.07971699759358418,3.5904774945395084,0.7640861492119345,0.01507866382598877,0.066089856383575,0.5,0.0,1,0
1757356722.9005823,3.5897451423958664,-3.2094263913450973,-0.207,0.0,0.0,2.3300253080039406,-1.601898143103564,-0.08177184184388624,3.6210101731403705,0.4300524858310631,0.01768481731414795,0.06624076677519622,0.5,0.0,1,0
1757356722.9440656,3.608892480546621,-3.213515795912643,-0.207,0.0,0.0,3.0497492416567242,-1.6044441934158293,0.02377902782146296,4.812132418063768,0.11014774170957724,0.08887684345245361,0.07916380978336476,0.5,0.0,1,0
1757356723.117784,3.6165279097421648,-3.214930645594903,-0.2072,0.0,0.0,2.686059446094227,-1.605489441594243,-0.030385036839728652,4.049178799441727,0.2538709285391843,0.015299081802368164,0.07277449981419962,0.5,0.0,1,0
1757356723.130109,3.634230562280971,-3.2185970599041753,-0.2076,0.0,0.0,3.0267343475690103,-1.6071512165148725,0.008775049183656652,4.825778358132689,0.10420708578013164,0.08676362037658691,0.08257442260889752,0.5,0.0,1,0
1757356723.1362252,3.646424164228006,-3.2211254516503693,-0.2078,0.0,0.0,2.579788917498631,-1.608369138336839,-0.057723779901433986,3.903972361399463,1.019423465660149,0.006108641624450684,0.07263703257473417,0.5,0.0,1,0
1757356723.1422765,3.6731297863036807,-3.2270483120371236,-0.2079,0.0,0.0,2.322570788839134,-1.6102368781482546,-0.10061839748902732,3.6357885524591755,4.494789534745013,0.003042936325073242,0.06782734522403715,0.5,0.0,1,0
1757356723.1499376,3.689115354437848,-3.2304234474652924,-0.2084,0.0,0.0,2.1733623182798145,-1.6120523829222124,-0.1289985686497278,3.546784712114871,2.8400406280470283,0.0028777122497558594,0.06551779417957489,0.5,0.0,1,0
1757356723.1624804,3.704623876368878,-3.2337084648592964,-0.2093,0.0,0.0,2.0946517904477457,-1.6138280814354096,-0.1478544471095841,3.519746668259624,2.1020699673746557,0.0037767887115478516,0.06441080129704585,0.5,0.0,1,0
1757356723.1692233,3.7173405715980232,-3.2362663476560374,-0.2097,0.0,0.0,2.0755900475365476,-1.615474814030688,-0.15885775749371106,3.518894334129172,1.0431751858696066,0.006220221519470215,0.06395058487046842,0.5,0.0,1,0
1757356723.1759465,3.728806174842211,-3.238711321990479,-0.2096,0.0,0.0,2.037038328895552,-1.616925582965476,-0.16952942903205392,3.513631155115372,1.7556237442759466,0.003338932991027832,0.06354475490057744,0.5,0.0,1,0
1757356723.1897087,3.739930751324027,-3.241083849824242,-0.2097,0.0,0.0,2.0161001000301386,-1.618284965477124,-0.17726610777454407,3.5145597015085093,1.7216740481941417,0.00330352783203125,0.06331539606089341,0.5,0.0,1,0
1757356723.1937463,3.7628885155348915,-3.2462918556577773,-0.2097,0.0,0.0,2.0520271504527603,-1.6201636923959941,-0.17946911144998803,3.534522384692137,1.7352670340770822,0.006783127784729004,0.06331241173418922,0.5,0.0,1,0
1757356723.20122,3.784439538154618,-3.2508944897046494,-0.2094,0.0,0.0,2.0202048914152164,-1.622097238715334,-0.18570124080263653,3.539223547902933,5.616635035104714,0.001961946487426758,0.06313835690706354,0.5,0.0,1,0
1757356723.2096453,3.8000426497528923,-3.254225910302671,-0.2095,0.0,0.0,2.027507660275682,-1.6239730729695134,-0.18856226480079363,3.548974370746569,2.1576840603084655,0.0036972761154174805,0.06309083064226273,0.5,0.0,1,0
1757356723.2181525,3.817614421384425,-3.25807753577649,-0.2101,0.0,0.0,2.0434933963394717,-1.6258772669719577,-0.1904092732483454,3.5614317376279616,2.1882047878154975,0.004112720489501953,0.06307478248924318,0.5,0.0,1,0
1757356723.2450573,3.8311562628202442,-3.261040776514023,-0.2104,0.0,0.0,2.234833733353837,-1.6278949143122157,-0.18033284935075342,3.6277078614982425,0.4308054325693267,0.016092538833618164,0.06360245000214362,0.5,0.0,1,0
1757356723.270535,3.844293801626849,-3.2639232109600695,-0.2108,0.0,0.0,2.302564251020237,-1.6296025073813183,-0.17736491738822477,3.6654011300958276,0.5658274996612355,0.011890530586242676,0.06385683849312881,0.5,0.0,1,0
1757356723.3026865,3.8677856760575637,-3.2688336409397443,-0.2114,0.0,0.0,2.430414780285459,-1.631679640638979,-0.17101461046370078,3.7500924122582204,0.7131689966057438,0.016831278800964355,0.06445827068186744,0.5,0.0,1,0
1757356723.3382828,3.8828255362649133,-3.2719819682982334,-0.2117,0.0,0.0,2.532263601718652,-1.6335869738163988,-0.16612475499188398,3.8300152492560327,0.43205513635611253,0.01778566837310791,0.06505182745116035,0.5,0.0,1,0
1757356723.3725283,3.897417955836257,-3.2750381443288616,-0.2119,0.0,0.0,2.561523984805549,-1.6353003465788758,-0.1654423207256698,3.856804038292587,0.4899377545841023,0.015216588973999023,0.06523736441330763,0.5,0.0,1,0
1757356723.4030313,3.910542911048883,-3.2778634957875585,-0.2122,0.0,0.0,2.6116054650871954,-1.636939437283965,-0.16403754885645883,3.9025299807121905,0.39798450636666055,0.016871213912963867,0.0655550316042428,0.5,0.0,1,0
1757356723.4387677,3.9280233167789453,-3.2816055571422593,-0.2129,0.0,0.0,2.6616618786195207,-1.6386787786781705,-0.16305199595584355,3.951281792535087,0.5048220142144165,0.017719268798828125,0.06588429942401786,0.5,0.0,1,0
1757356723.5079453,3.9448108843013405,-3.285208311803314,-0.2133,0.0,0.0,2.730055680909487,-1.6404831890375204,-0.16141036124711053,4.021224243905493,0.4334309840350186,0.01981222629547119,0.06637700132017826,0.5,0.0,1,0
1757356723.5218804,3.964997137101306,-3.2898488537413737,-0.2136,0.0,0.0,2.7229591716945296,-1.6424069565827986,-0.16354971114989858,4.015134736772451,0.6289484504989021,0.016467928886413574,0.0662964071773868,0.5,0.0,1,0
1757356723.5419238,3.980416177206079,-3.293227306532186,-0.2138,0.0,0.0,2.666362902816805,-1.64418019691661,-0.16815197849019295,3.961432352499921,0.6127363216794278,0.012881636619567871,0.06581684868897068,0.5,0.0,1,0
1757356723.5694249,3.995372404744905,-3.2965104613271263,-0.2142,0.0,0.0,2.688976438805685,-1.64598034351493,-0.16950740732562108,3.984002386845918,0.4788620803124506,0.015993714332580566,0.06587162349425885,0.5,0.0,1,0
1757356723.60303,4.009999252578877,-3.2995547485899452,-0.2146,0.0,0.0,2.7179447695363916,-1.6476986294775553,-0.17055454578547458,4.012878608230271,0.4504317507283616,0.016590356826782227,0.06598414981112372,0.5,0.0,1,0
1757356723.641879,4.022272460463463,-3.3022165005064172,-0.215,0.0,0.0,2.767939320541246,-1.6493192082696055,-0.1706992193763261,4.063435246852135,0.3434318045208582,0.018293142318725586,0.06627246179329888,0.5,0.0,1,0
1757356723.6722367,4.034180003152184,-3.304803316790832,-0.2153,0.0,0.0,2.745653537120366,-1.6507513283962847,-0.17355597736334952,4.041737714819562,0.4089484404314585,0.014902830123901367,0.0660515360487415,0.5,0.0,1,0
1757356723.7052119,4.055201008961347,-3.3096523622977725,-0.2155,0.0,0.0,2.7914720469425776,-1.652619342797571,-0.17395067548725993,4.08953223344527,0.5965583748726585,0.018082022666931152,0.06629564841104899,0.5,0.0,1,0
1757356723.7357795,4.071474275657485,-3.313223639669016,-0.2158,0.0,0.0,2.7755455118300123,-1.6543976229536517,-0.17648473192988767,4.074522070643961,0.5476079250286779,0.01521456241607666,0.06610656522785013,0.5,0.0,1,0
1757356723.7692387,4.0924246332797525,-3.317828895522255,-0.2162,0.0,0.0,2.7939198325364454,-1.656402337243293,-0.17792426631194924,4.094521562561635,0.6499512212464301,0.016504526138305664,0.06614058189981549,0.5,0.0,1,0
1757356723.8156679,4.102722211643137,-3.3199822760847106,-0.2164,0.0,0.0,2.9551357983942643,-1.5308418296375983,-0.16556951963085542,4.11529242547757,0.3128142626852647,0.016818642616271973,0.17220074732355073,0.25,0.05083048036914459,1,1
1757356723.8464434,4.115684387471827,-3.322838903658027,-0.2167,0.0,0.0,2.9437467543910594,-1.370495354089273,-0.15507120018559226,4.227618681365237,0.400219424930378,0.016586661338806152,0.25639361553388335,0.125,0.06162879981440775,1,1
1757356723.872818,4.131311216997754,-3.326288657384381,-0.217,0.0,0.0,2.840549608873342,-1.2137348541085788,-0.14659069718831502,4.243944698296759,0.48793903350925294,0.01640152931213379,0.31943290143868486,0.0625,0.07040930281168498,1,1
1757356723.9140086,4.158907024244104,-3.33260007922908,-0.2174,0.0,0.0,2.7193052383972796,-1.0800895761946792,-0.13982893774768382,4.225957289656849,0.8508148348693855,0.016637682914733887,0.3658812257850592,0.03125,0.07757106225231619,1,1
1757356723.9478495,4.175067608662381,-3.336171549583319,-0.2177,0.0,0.0,2.616823222939385,-0.9741072040570479,-0.13451555902189566,4.208250165545285,0.48379105305218917,0.002861428445386459,0.4003899929754586,0.015625,0.08318444097810435,1,1
1757356723.9755077,4.1907517825610485,-3.3396339469102676,-0.2165,0.0,0.0,2.4990440329600623,-0.8933809657580081,-0.12917354222976116,4.173417486310386,0.5002468741866141,0.0026926270767203514,0.4258352473760325,0.0078125,0.08732645777023884,1,1
1757356724.0161185,4.2024124274553705,-3.342091427531697,-0.2108,0.0,0.0,2.4452376390298776,-0.8331342828718717,-0.12049400514411662,4.1776252283130235,0.36423572263395193,0.003033001298844037,0.44596182466383527,0.00390625,0.09030599485588336,1,1
1757356724.043894,4.2197401200438485,-3.3457232903413914,-0.1997,0.0,0.0,2.3303147704147085,-0.7888709572797858,-0.11332540224308794,4.143318686381714,0.6961132347685458,0.0027133699979706317,0.4600174094121324,0.001953125,0.08637459775691204,1,1
1757356724.074169,4.232310936944844,-3.3482307832456177,-0.1912,0.0,0.0,2.2843485104720034,-0.7564692062855833,-0.1016912341635978,4.145624573428128,0.4509140891434167,0.0030832025916133015,0.4717488517093946,0.0009765625,0.08950876583640222,1,1
1757356724.1106906,4.2476947119218895,-3.350536704367693,-0.1821,0.0,0.0,2.226791941417608,-0.7329086593385833,-0.08950498819285246,4.140784049644468,0.5568634545290129,0.002925321723305732,0.48046066192423076,0.00048828125,0.09259501180714755,1,1
1757356724.1434648,4.265444975568813,-3.3532659444080175,-0.1706,0.0,0.0,2.187339181244103,-0.7158583052702588,-0.07484671846034123,4.143919790440353,0.6449229331465834,0.003061836561155049,0.4874615326095928,0.000244140625,0.09575328153965877,1,1
1757356724.1766396,4.274065474273595,-3.35451839939791,-0.1675,0.0,0.0,2.1541913242688357,-0.7035108624766573,-0.05949247006994768,4.144331577277863,0.27866494939055625,0.003072367136604581,0.4930426034047697,0.0001220703125,0.10800752993005233,1,1
1757356724.2108305,4.284178656586564,-3.356130088999018,-0.1725,0.0,0.0,2.1235727363895105,-0.6946258033513877,-0.044864925808264226,4.145744122095186,0.3443972760248834,0.0030640442289641755,0.49749678369480604,6.103515625e-05,0.12763507419173575,1,1
1757356724.2452836,4.291904357367984,-3.357420422127042,-0.1773,0.0,0.0,2.1159170264554765,-0.6882425095951881,-0.028771764322190498,4.152824171071398,0.26075435791537727,0.004496634999401791,0.5017825899083872,3.0517578125e-05,0.1485282356778095,1,1
1757356724.2780945,4.299395378627575,-3.358702973551093,-0.1808,0.0,0.0,2.0642443590920143,-0.68370972253196,-0.016603202771945415,4.145634454036798,0.26905651874118647,0.00396924267787782,0.5040428952869613,1.52587890625e-05,0.16419679722805458,1,1
1757356724.3127296,4.312823091763682,-3.3617089274309113,-0.1859,0.0,0.0,2.0617044988911397,-0.6805896968154854,0.0009525367633283141,4.156379918628974,0.4145652223557176,0.004518027694689503,0.5073486914909237,7.62939453125e-06,0.18685253676332833,1,1
1757356724.3420808,4.325889382050392,-3.3644297619150487,-0.196,0.0,0.0,2.0205351444074817,-0.6785106803888215,0.013239078928752167,4.157024879007777,0.5254978575583824,0.005951361002816605,0.5089824362540363,3.814697265625e-06,0.20923907892875218,1,1
1757356724.3768592,4.335326515899858,-3.366509230469887,-0.2086,0.0,0.0,1.9906996397531724,-0.6771386831596589,0.027223352692756407,4.159710009330393,0.48910187239937614,0.006066297723009335,0.5106387084776477,1.9073486328125e-06,0.23582335269275642,1,1
1757356724.4066038,4.340162818972921,-3.3675934185196708,-0.2214,0.0,0.0,1.972006285230905,-0.6762356402118108,0.043355601144056274,4.162589081387627,0.40943124140368053,0.006264184897852785,0.512507449491018,9.5367431640625e-07,0.2647556011440563,1,1
1757356724.455296,4.349081273856749,-3.369803104776341,-0.2315,0.0,0.0,2.0063830550785173,-0.6757636390447509,0.07088039544535857,4.178697526827248,0.3407449363534575,0.010609024497168116,0.5166927988744061,4.76837158203125e-07,0.30238039544535855,1,1
1757356724.476776,4.355523170996389,-3.3714634254314118,-0.2383,0.0,0.0,1.9071741223229783,-0.6755188459253549,0.07537930192841413,4.169330660045812,0.3624427303352264,0.006948920514043251,0.5149704554647194,2.384185791015625e-07,0.31367930192841414,1,1
1757356724.511617,4.375257375490977,-3.376716000160653,-0.2545,0.0,0.0,1.9000985675018187,-0.6756846830509722,0.09909965224495879,4.1862871433635025,0.7554991472809002,0.00913473178487051,0.5169035884856246,1.1920928955078125e-07,0.3535996522449588,1,1
1757356724.5449998,4.386321940488369,-3.379805463049453,-0.2696,0.0,0.0,1.8770034280845596,-0.6760286075164067,0.1205301763080044,4.196554270816401,0.5723011256939904,0.011722656546668186,0.5181265547811646,5.960464477539063e-08,0.3901301763080044,1,1
1757356724.5786865,4.397006969830033,-3.38297875706728,-0.287,0.0,0.0,1.8461789092128982,-0.6764991854692689,0.14235651816711292,4.207870876525593,0.6427356269896307,0.011368239475793521,0.5188755883354934,2.9802322387695312e-08,0.4293565181671129,1,1
1757356724.6380622,4.401912928785516,-3.3846616611740603,-0.302,0.0,0.0,1.8479533524293597,-0.6770387900102282,0.1783110115065136,4.2189189739565425,0.4373809390969889,0.012831179397508094,0.5214003527725519,1.4901161193847656e-08,0.48031101150651356,1,1
1757356724.6654317,4.411755998884906,-3.3880399963011616,-0.3132,0.0,0.0,1.8613864585233597,-0.6777652890201815,0.22506832922406506,4.236017266675632,0.388568887256308,0.018898192788814775,0.5250660655919719,7.450580596923828e-09,0.5,1,1
1757356724.6946356,4.418860432315396,-3.3905508356545297,-0.3168,0.0,0.0,1.7968965342788907,-0.6784116993510123,0.2471794583697453,4.245342497168701,0.2763077541460959,0.01451650270786839,0.5241235010371654,3.725290298461914e-09,0.5,1,1
1757356724.711088,4.4136970547351035,-3.3885614788247875,-0.3178,0.0,0.0,1.725036534710463,-0.6787672352601297,0.26554876162225516,4.249077825038313,0.20671680062247103,0.013065138724753778,0.5221596418572827,1.862645149230957e-09,0.5,1,1
1757356724.777722,4.41401477062276,-3.388661297322963,-0.3146,0.0,0.0,1.7529817180638552,-0.6793466038279464,0.3434207899156061,4.261768555926062,0.0801969591900438,0.020058631896972656,0.5266393480945749,9.313225746154785e-10,0.5,1,1
1757356724.788945,4.414244786203295,-3.3887335438663806,-0.3139,0.0,0.0,1.744643005633311,-0.6799533435326879,0.41371076346068053,4.277940234111989,0.019465162347232515,0.019017457962036133,0.5296682968207314,4.656612873077393e-10,0.5,1,1
1757356724.8162112,4.419650531642665,-3.390532620012702,-0.3177,0.0,0.0,1.6360878738233864,-0.6801855280797392,0.41277219458770353,4.296586725023955,0.3033831830766556,0.011286497116088867,0.5247667906625981,2.3283064365386963e-10,0.5,1,1
1757356724.844421,4.422768949235113,-3.391552137135534,-0.3242,0.0,0.0,1.6099206186605994,-0.6806982749959758,0.466018477900732,4.31842571956183,0.22990010537030586,0.015835285186767578,0.5253684225271595,1.1641532182693481e-10,0.5,1,1
1757356724.876958,4.426518901901356,-3.3928108717154353,-0.334,0.0,0.0,1.5920316736191957,-0.6813139022261138,0.5295819295038646,4.344362058190417,0.3167626776074893,0.016681551933288574,0.5268964379862557,5.820766091346741e-11,0.5,1,1
1757356724.9169872,4.431151146950381,-3.3945337027613207,-0.3411,0.0,0.0,1.5869254095433245,-0.6821285608658907,0.6130813177691787,4.375265963521001,0.2345743723848538,0.018439292907714844,0.5302136111849374,2.9103830456733704e-11,0.5,1,1
1757356724.9452589,4.435885269664879,-3.396290084913563,-0.3503,0.0,0.0,1.534504680274161,-0.6826726820400847,0.6501411037984366,4.406415651343147,0.3538333477466992,0.014829874038696289,0.5293658449257544,1.4551915228366852e-11,0.5,1,1
1757356724.9760654,4.439303561824129,-3.397587215482002,-0.3545,0.0,0.0,1.506997488404501,-0.6833468810667066,0.7125472215871563,4.4385988436946375,0.1680237271078497,0.016570329666137695,0.5307202253008602,7.275957614183426e-12,0.5,1,1
1757356725.0230782,4.436124518955965,-3.3963312970474733,-0.3592,0.0,0.0,1.5274024441550882,-0.6844303874489915,0.853301085582796,4.481996135153388,0.12858037191555702,0.022598743438720703,0.539027463195942,3.637978807091713e-12,0.5,1,1
1757356725.0448344,4.436210321947777,-3.3963614636007446,-0.3752,0.0,0.0,1.42581267920106,-0.6841543641049791,0.8158373126037034,4.50617651683124,0.7562365986982059,0.01057887077331543,0.5319569073800902,1.8189894035458565e-12,0.5,1,1
1757356725.0760732,4.436272155393349,-3.3963841006643065,-0.3915,0.0,0.0,1.4052048525499816,-0.6845768394545012,0.8838373617984122,4.545887453906,0.47558493994402723,0.01713693141937256,0.5340149788425669,9.094947017729282e-13,0.5,1,1
1757356725.1235104,4.432437491440864,-3.3947417533062447,-0.3994,0.0,0.0,1.4003174961601175,-0.6851596830513831,0.996160685104932,4.593916734473033,0.21953748949965374,0.020346760749816895,0.5397853147919479,4.547473508864641e-13,0.5,1,1
1757356725.1843998,4.429603458109614,-3.3934747356883124,-0.4056,0.0,0.0,1.3352037796497176,-0.684820633269864,0.9931177561442525,4.618623110481136,0.2584014916131864,0.013416647911071777,0.5360683349645465,2.2737367544323206e-13,0.5,1,1
1757356725.1977556,4.426888084747678,-3.392242036023517,-0.4095,0.0,0.0,1.3532662441827532,-0.6856363602240318,1.1781133909382364,4.6954776058352445,0.09859502995755055,0.024897098541259766,0.5477332610442125,1.1368683772161603e-13,0.5,1,1
1757356725.2170155,4.412747912217012,-3.385882722520672,-0.418,0.0,0.0,1.2597170697077382,-0.6842216386357807,1.0872396813139618,4.684315510649383,0.9588908202507948,0.009219765663146973,0.5368812488491821,5.684341886080802e-14,0.5,1,1
1757356725.2390513,4.405242793368423,-3.38238766670461,-0.4322,0.0,0.0,1.2251467444584763,-0.6834973346941446,1.1049222851268117,4.708539867902512,0.5675791195934908,0.014480113983154297,0.535194858125406,2.842170943040401e-14,0.5,1,1
1757356725.2801268,4.395672836195862,-3.3776956274764256,-0.4598,0.0,0.0,1.2082242113485917,-0.6828931195522921,1.1661056433486405,4.749998116397576,0.8723088495275235,0.01695871353149414,0.5369010991077556,1.4210854715202004e-14,0.5,1,1
1757356725.3114245,4.394395986599299,-3.3768618693933425,-0.4825,0.0,0.0,1.1846452309127298,-0.6823379922997871,1.2163946463525572,4.796930411961838,0.6825160664249101,0.01666712760925293,0.5379399346186052,7.105427357601002e-15,0.5,1,1
1757356725.33901,4.388988157840322,-3.3738353817252342,-0.5056,0.0,0.0,1.1577708271187261,-0.6816730562477369,1.255530130709201,4.837491336901385,0.73401146105587,0.01629185676574707,0.5383029083042181,3.552713678800501e-15,0.5,1,1
1757356725.3773084,4.385116500859739,-3.3715672646221835,-0.5196,0.0,0.0,1.1329493875428167,-0.6810351770721083,1.2998337768409982,4.877746798969574,0.4413642464372981,0.016654610633850098,0.5390402602386625,1.7763568394002505e-15,0.5,1,1
1757356725.4145691,4.396398755674801,-3.378050812277166,-0.5352,0.0,0.0,1.108328222757103,-0.6809090222522768,1.3410573430149242,4.933228095580814,0.6101431862293875,0.01664745807647705,0.5396008429386241,8.881784197001252e-16,0.5,1,1
1757356725.4453862,4.3993753094705506,-3.3799112696395803,-0.5514,0.0,0.0,1.0854393935990456,-0.6809328506091668,1.3923571623913604,4.986410277725677,0.4783408711493491,0.0173264741897583,0.5408828243286881,4.440892098500626e-16,0.5,1,1
1757356725.4775054,4.403161083232594,-3.3823795607147145,-0.5715,0.0,0.0,1.05758583143414,-0.6809230742982089,1.4079448222847835,5.02605992865247,0.6530350502721182,0.015773892402648926,0.539899347996011,2.220446049250313e-16,0.5,1,1
1757356725.5140176,4.420575269035231,-3.393978620156268,-0.5844,0.0,0.0,1.0396072525363158,-0.6817479901867147,1.4710560283745895,5.098417161609243,0.6789564597027444,0.01810169219970703,0.542052589884203,1.1102230246251565e-16,0.5,1,1
1757356725.5446556,4.433201209927794,-3.402926460688231,-0.5951,0.0,0.0,1.0135863826424276,-0.682647179597256,1.4784918965063243,5.137375275512478,0.600263330818524,0.015671491622924805,0.540631801215892,5.551115123125783e-17,0.5,1,1
1757356725.577365,4.44227728154404,-3.40949813620018,-0.6019,0.0,0.0,0.9943399871598101,-0.6836798977795975,1.4972841100951377,5.173194148552305,0.40834355795556687,0.01604938507080078,0.5399962114394823,2.7755575615628914e-17,0.5,1,1
1757356725.6058955,4.44729224312907,-3.4130029224189493,-0.6095,0.0,0.0,0.978070060730216,-0.6846420582568988,1.5302713459652695,5.21193618273921,0.2926241009516107,0.016671061515808105,0.5402560412687802,1.3877787807814457e-17,0.5,1,1
1757356725.6455448,4.456303979563627,-3.4195966835068243,-0.6236,0.0,0.0,0.9614485809191675,-0.6857224043430661,1.5700996702917718,5.263781268266243,0.5253747649995381,0.01711738109588623,0.540993476240051,6.938893903907228e-18,0.5,1,1
1757356725.6817596,4.46275696178265,-3.4244674613504085,-0.6385,0.0,0.0,0.942930193954296,-0.6866707555007335,1.582541854689377,5.298321170542257,0.528945781635763,0.016024470329284668,0.5402000065937789,3.469446951953614e-18,0.5,1,1
1757356725.7064939,4.459696931343313,-3.42240703063193,-0.6528,0.0,0.0,0.927226352975995,-0.6872299767576873,1.6068287966445487,5.328121050620265,0.446511006387259,0.01653730869293213,0.5402058610366812,1.734723475976807e-18,0.5,1,1
1757356725.7472801,4.460889228656761,-3.423347587945758,-0.6623,0.0,0.0,0.9114904058326261,-0.6877173275670367,1.652709149613818,5.3738001805234505,0.2737402828438635,0.017572522163391113,0.5414754485032096,8.673617379884035e-19,0.5,1,1
1757356725.7778852,4.462410935725122,-3.424574853124185,-0.6707,0.0,0.0,0.8932370593062955,-0.6880012841720526,1.6632561406138722,5.398945470926568,0.2662357633322065,0.0161970853805542,0.5407684714501851,4.336808689942018e-19,0.5,1,1
1757356725.8264549,4.46592632638831,-3.427341567450257,-0.6755,0.0,0.0,0.8769182323383706,-0.6884388891645189,1.7122907136512557,5.447756717143664,0.18388099571111713,0.017841577529907227,0.5422380145893811,2.168404344971009e-19,0.5,1,1
1757356725.8675182,4.4682587986286455,-3.4292472530839877,-0.6751,0.0,0.0,0.8475017262645878,-0.6892050521690458,1.90028123734772,5.595666782257581,0.062458852985917274,0.024323463439941406,0.5517296458673863,1.0842021724855044e-19,0.5,1,1
1757356725.8818274,4.471169321780433,-3.4316126088706,-0.6677,0.0,0.0,0.8312248236030154,-0.6888929780270849,1.7126878703129331,5.480020128355097,0.45890619232726,0.009039044380187988,0.5397547737873172,5.421010862427522e-20,0.5,1,1
1757356725.9099846,4.484790000089367,-3.44185816719171,-0.6671,0.0,0.0,0.8267396761734711,-0.689712563540421,1.722936970934581,5.503364477436793,0.5349393688041494,0.015940546989440918,0.5391049300216788,2.710505431213761e-20,0.5,1,1
1757356725.9451869,4.49497647265442,-3.449777084034872,-0.6727,0.0,0.0,0.823333788904449,-0.6907089045946291,1.721530718895298,5.5185178987122105,0.45819363910033467,0.015348672866821289,0.5378952059992725,1.3552527156068805e-20,0.5,1,1
1757356725.9726746,4.502331117233719,-3.4555376889629152,-0.675,0.0,0.0,0.8195850083244988,-0.6918209531392481,1.7547608874840799,5.550961769083461,0.289210102393977,0.01663339138031006,0.5384599264189338,6.776263578034403e-21,0.5,1,1
1757356726.0145762,4.503471578648631,-3.456821246080064,-0.68,0.0,0.0,0.8108282592449535,-0.6926921969266661,1.7954184123787693,5.587196495334285,0.15497466464525056,0.01705634593963623,0.5394342166984155,3.3881317890172014e-21,0.5,1,1
1757356726.047113,4.507503496566521,-3.460144511007504,-0.6882,0.0,0.0,0.7978206264486983,-0.6934865369458374,1.8339436899832422,5.630753167272287,0.28316914852237357,0.017168521881103516,0.5403732428650294,1.6940658945086007e-21,0.5,1,1
1757356726.077753,4.512648029268529,-3.4644767596125,-0.7013,0.0,0.0,0.7860754397717546,-0.6942001442495023,1.8330212639069137,5.6519955727675875,0.4676279198644512,0.015745043754577637,0.5394329061719174,8.470329472543003e-22,0.5,1,1
1757356726.112271,4.508445013629192,-3.4611470282171464,-0.7123,0.0,0.0,0.7701676959540951,-0.6946538650727527,1.9049183865337334,5.71367878443762,0.3275920186909074,0.018677711486816406,0.5422646496932533,4.235164736271502e-22,0.5,1,1
1757356726.145393,4.508361301739135,-3.461061701169419,-0.7272,0.0,0.0,0.7591073488781093,-0.694716230601132,1.8668854878092551,5.7052073165184805,0.5078467178263314,0.014670252799987793,0.5396889595031699,2.117582368135751e-22,0.5,1,1
1757356726.1769712,4.508281806034984,-3.4609772247927086,-0.7457,0.0,0.0,0.7518054000159714,-0.6948317786000021,1.8767606247787945,5.7286909748629,0.5672896634952483,0.016305923461914062,0.5396351595211767,1.0587911840678754e-22,0.5,1,1
1757356726.4682307,4.502997071210059,-3.4560189037488773,-0.7687,0.0,0.0,0.7344424761998628,-0.6947691109700984,1.9737214573269894,5.817353224369365,0.6042122022979193,0.01995539665222168,0.5441034676274419,5.293955920339377e-23,0.5,1,1
1757356726.4767265,4.499869326598866,-3.45275723531122,-0.7915,0.0,0.0,0.32333283886298647,-0.6979395702675575,4.458155702602818,8.61073925994181,0.08863697717456151,0.13111639022827148,0.7566305974767071,2.6469779601696886e-23,0.5,1,1
1757356726.5020792,4.49765448143897,-3.4503486277197273,-0.8076,0.0,0.0,0.48496058739463677,-0.695105900504322,3.489384902407555,7.393998788276639,1.9902620928740737,0.004127383232116699,0.6587080380620431,1.3234889800848443e-23,0.5,1,1
1757356726.5335062,4.498876106708022,-3.451531007072802,-0.8162,0.0,0.0,0.5072073868322544,-0.6935066885488945,2.957398907845272,6.86257089658127,0.34674086655013564,0.012641191482543945,0.6160479952812653,6.617444900424222e-24,0.5,1,1
1757356726.5435011,4.498295835583442,-3.4508969666695446,-0.8182,0.0,0.0,0.4991312261922338,-0.6926388559776498,2.6176515288958426,6.568308427900517,0.06956400565877424,0.01564645767211914,0.5951690586871078,3.308722450212111e-24,0.5,1,1
1757356726.5609815,4.497551591591948,-3.4500786390082325,-0.8209,0.0,0.0,0.5806405085239208,-0.6919798159985002,2.1431204858236397,6.114108803170263,0.29699902841912296,0.004912137985229492,0.5658602787191094,1.6543612251060553e-24,0.5,1,1
1757356726.5786002,4.493984028096056,-3.4463224149684097,-0.8281,0.0,0.0,0.6339637915858201,-0.6914519702369933,1.8514514910524253,5.856565804568296,0.5102372094902538,0.008692026138305664,0.5497073101981536,8.271806125530277e-25,0.5,1,1
1757356726.5959506,4.492163455520353,-3.4442806933373102,-0.84,0.0,0.0,0.6889072850809941,-0.6909891220055733,1.6222845782259951,5.661629772274915,0.6987951758419705,0.008736729621887207,0.5375760072789966,4.1359030627651384e-25,0.5,1,1
1757356726.623321,4.490424356072583,-3.4422756803911754,-0.8562,0.0,0.0,0.7429376323670259,-0.6905465316772333,1.4371210208302954,5.508684795995918,0.9513849144780274,0.00862741470336914,0.5282724396115723,2.0679515313825692e-25,0.5,1,1
1757356726.6504035,4.495228932812994,-3.4475187624569568,-0.8798,0.0,0.0,0.7992220990800201,-0.690654417843698,1.3991718236906445,5.461228053769263,0.9032313398654883,0.01364445686340332,0.5254507322850637,1.0339757656912846e-25,0.5,1,1
1757356726.663188,4.497002570689504,-3.449758357347827,-0.8959,0.0,0.0,0.8438388369958826,-0.6908433025922442,1.3685543726426972,5.420711902777408,0.6066032051546932,0.013477921485900879,0.5234683799586288,5.169878828456423e-26,0.5,1,1
1757356726.6830504,4.498268865980909,-3.4513934670988764,-0.8955,0.0,0.0,0.868576989586467,-0.6908648559459549,1.1844335328833262,5.296613180834073,0.16662985015945056,0.0063207149505615234,0.5160633783679465,2.5849394142282115e-26,0.5,1,1
1757356726.7017164,4.505895477566427,-3.460515331828366,-0.8905,0.0,0.0,0.9056813989408194,-0.6914714111947431,1.121620172600565,5.242450665165601,0.6527661657494049,0.0098799467086792,0.5131853390515635,1.2924697071141057e-26,0.5,1,1
1757356726.7169313,4.510219392957464,-3.4659337555425163,-0.8869,0.0,0.0,0.9353084424920162,-0.6921888950443753,1.0612822591134414,5.192750259442306,0.42088227856644195,0.009279608726501465,0.5105893288512644,6.462348535570529e-27,0.5,1,1
1757356726.7343557,4.515795530273633,-3.4728975628492145,-0.8879,0.0,0.0,0.9546798822434363,-0.693043446518197,0.9743024679685752,5.14190081187362,0.5917799620268724,0.007584810256958008,0.5073467200177307,3.2311742677852644e-27,0.5,1,1
1757356726.7521808,4.524357618086481,-3.48277654306351,-0.8881,0.0,0.0,0.9780620690082574,-0.6942259169426219,0.9342375592815995,5.116725427852754,0.7538987582242634,0.008671283721923828,0.5056704934395377,1.6155871338926322e-27,0.5,1,1
1757356726.7829638,4.530588331102898,-3.490303438832748,-0.8885,0.0,0.0,1.0236218105056636,-0.6956452243363322,1.0595910899274894,5.158652182746265,0.3360309850549343,0.014551281929016113,0.5091219068132335,8.077935669463161e-28,0.5,1,1
1757356726.7954876,4.538599570911573,-3.5000027482415312,-0.8917,0.0,0.0,1.0274480472122531,-0.6971163278441564,1.042568721437552,5.158876554551407,0.6705092157536604,0.009679675102233887,0.5080644756767644,4.0389678347315804e-28,0.5,1,1
1757356726.81118,4.548508910794888,-3.512379783642535,-0.8919,0.0,0.0,1.0252557034467944,-0.6988200873606627,0.9875394266965051,5.144834365561713,0.9949381624708027,0.007968544960021973,0.5058644874191653,2.0194839173657902e-28,0.5,1,1
1757356726.8436053,4.556311863187591,-3.522177314624083,-0.8884,0.0,0.0,1.0679494971639667,-0.7008945124528712,1.2286645948161334,5.255226257748006,0.3576728824800498,0.018179893493652344,0.513078350532583,1.0097419586828951e-28,0.5,1,1
1757356726.8766448,4.563657360504668,-3.53135476195014,-0.8866,0.0,0.0,1.062296935970281,-0.7029005494448682,1.3509794676503715,5.337379170567677,0.3945940243313425,0.015068769454956055,0.5162499018236895,5.048709793414476e-29,0.5,1,1
1757356726.9055736,4.57265360391116,-3.5419862381421314,-0.8879,0.0,0.0,1.0480766523206004,-0.7050468911560847,1.5004112426365124,5.448349988607089,0.42218972188867676,0.016565442085266113,0.520374646329988,2.524354896707238e-29,0.5,1,1
1757356726.9434724,4.579282545134784,-3.549953130597482,-0.8886,0.0,0.0,1.0208993427924131,-0.7071216131227867,1.654173413242575,5.571270458300733,0.29755678200201086,0.017454981803894043,0.5247049628305775,1.262177448353619e-29,0.5,1,1
1757356726.9800687,4.58571017688079,-3.5576893328059747,-0.8903,0.0,0.0,0.9829517412435509,-0.7090265328561257,1.748410847608598,5.665643117006628,0.3151977691469123,0.016181349754333496,0.5269176212353031,6.310887241768095e-30,0.5,1,1
1757356727.0135326,4.589293911461606,-3.5625647909088682,-0.8904,0.0,0.0,0.9423871920014344,-0.7107481506625326,1.8778275934772288,5.783827325143864,0.169112218005384,0.01789259910583496,0.5308312856027504,3.1554436208840472e-30,0.5,1,1
1757356727.0410175,4.593077302932437,-3.567241738195192,-0.8874,0.0,0.0,0.9027409532626325,-0.7121256567880823,1.907480886711061,5.8322514297094115,0.2221192061385776,0.015131950378417969,0.5310735810979113,1.5777218104420236e-30,0.5,1,1
1757356727.0811806,4.597969546200761,-3.5732440184798033,-0.8819,0.0,0.0,0.8630376047714626,-0.713589619788335,2.030605186382819,5.947736924947177,0.25712310877310607,0.018469691276550293,0.5354616478916604,7.888609052210118e-31,0.5,1,1
1757356727.1098607,4.603025350109319,-3.5790404483340983,-0.8719,0.0,0.0,0.8320844827570083,-0.7147857861408279,2.0202086588496924,5.960233588523955,0.4342825545971031,0.01452493667602539,0.534535028862019,3.944304526105059e-31,0.5,1,1
1757356727.1410785,4.607243742226787,-3.5838933373713133,-0.8545,0.0,0.0,0.8037202203164262,-0.7160181162059863,2.0851406853200514,6.019263735579576,0.5485614379717904,0.016907930374145508,0.536880269687305,1.9721522630525295e-31,0.5,1,1
1757356727.1783135,4.611420000995485,-3.5885284283050556,-0.8361,0.0,0.0,0.7779652627669353,-0.7171360824252321,2.134872731314939,6.065421195733649,0.5830992966803628,0.016660094261169434,0.5386609163121292,9.860761315262648e-32,0.5,1,1
1757356727.2059834,4.62233408295752,-3.599608101271429,-0.8208,0.0,0.0,0.7564232040139993,-0.7185533424712025,2.1747079530692015,6.111658175737118,0.6603522669434073,0.01651895046234131,0.5400783719190024,4.930380657631324e-32,0.5,1,1
1757356727.2465518,4.628871229405691,-3.606227286887277,-0.8159,0.0,0.0,0.7305500319042255,-0.7200161915688761,2.270181452570216,6.204613075677855,0.28190593251762747,0.01864922046661377,0.5441651912811835,2.465190328815662e-32,0.5,1,1
1757356727.2771637,4.637323993095253,-3.6147095584847815,-0.8161,0.0,0.0,0.7237108257533882,-0.7213506480591076,2.219986369577539,6.182349287412427,0.42055641368523133,0.014238953590393066,0.541740551496519,1.232595164407831e-32,0.5,1,1
1757356727.3428729,4.647509111607611,-3.62581132491596,-0.8179,0.0,0.0,0.7001615188128639,-0.7232037806082509,2.3610171679486993,6.318097729092217,0.3701370482081773,0.020496726036071777,0.5482250575884267,6.162975822039155e-33,0.5,1,1
1757356727.3850803,4.655238851945504,-3.634073065358118,-0.8204,0.0,0.0,0.6715379818671101,-0.7249426821138687,2.485188476682452,6.446675805509374,0.2763022233887722,0.020967721939086914,0.5545959131015028,3.0814879110195774e-33,0.5,1,1
1757356727.3976612,4.662716047443625,-3.6421103371294326,-0.8238,0.0,0.0,0.659626712209777,-0.7264741328679035,2.4992859662446594,6.478851567911568,0.3173015724502427,0.01810896396636963,0.5556460092516264,1.5407439555097887e-33,0.5,1,1
1757356727.413443,4.666581230654692,-3.64652210959277,-0.8265,0.0,0.0,0.7051645813697984,-0.727476027789634,2.1893275982173264,6.215945568629612,0.4666228908540604,0.006918907165527344,0.5406119161567776,7.703719777548943e-34,0.5,1,1
1757356727.442561,4.673551884485123,-3.654151986261703,-0.8289,0.0,0.0,0.7133225100350455,-0.7291187668539436,2.2316599276959384,6.24914548446699,0.31235202663332545,0.016983509063720703,0.5421215570864821,3.851859888774472e-34,0.5,1,1
1757356727.4932663,4.67859321380845,-3.6596796680195625,-0.8271,0.0,0.0,0.6915582864998372,-0.7309226824930107,2.492977898297448,6.46723467073217,0.15455394095095626,0.024893641471862793,0.5544992203005207,1.925929944387236e-34,0.5,1,1
1757356727.5235033,4.676437874250604,-3.6576242037145557,-0.8219,0.0,0.0,0.6983158375361478,-0.7315505754593251,2.4103728434270484,6.392224102973491,0.2029774508405069,0.014761567115783691,0.550470769939921,9.62964972193618e-35,0.5,1,1
1757356727.5516725,4.677425904181106,-3.6586881715169843,-0.8194,0.0,0.0,0.7186960935860621,-0.732021373904539,2.2714633649885294,6.27127412298553,0.11852779907253147,0.012195706367492676,0.5437482275209289,4.81482486096809e-35,0.5,1,1
1757356727.576879,4.6787033092561625,-3.6600523871912647,-0.8125,0.0,0.0,0.7331877733465616,-0.7325800582012472,2.224366172727108,6.221637043495657,0.2490076487088437,0.014354228973388672,0.5412398591708384,2.407412430484045e-35,0.5,1,1
1757356727.6103945,4.6836240065831705,-3.66493708843603,-0.8041,0.0,0.0,0.741362484263071,-0.7333563219616852,2.2472101248020815,6.231038026309825,0.33290549803864444,0.01635885238647461,0.5417899848065902,1.2037062152420224e-35,0.5,1,1
1757356727.64647,4.686332216714867,-3.6676499201753927,-0.7946,0.0,0.0,0.7431730290443418,-0.7341042110759125,2.307118403769141,6.26936483915119,0.2893520657284033,0.01770198345184326,0.5440832459322585,6.018531076210112e-36,0.5,1,1
1757356727.678671,4.689849842153268,-3.671109941120304,-0.7894,0.0,0.0,0.7486857797028557,-0.7347229788822554,2.2987900304878344,6.258916794159868,0.2284273662827675,0.01569068431854248,0.5433363087070053,3.009265538105056e-36,0.5,1,1
1757356727.7766345,4.704809851207189,-3.685780259676986,-0.7946,0.0,0.0,0.7454721294483354,-0.7361292824009247,2.387573074440675,6.347580428722411,0.568314543651287,0.018993377685546875,0.5471738672118176,1.504632769052528e-36,0.5,1,1
1757356727.7930727,4.71312182605235,-3.6942021162913674,-0.8027,0.0,0.0,0.6892290355379724,-0.7381679493841816,2.9422719976283527,6.853388940027763,0.1979912908209286,0.036212921142578125,0.5768861352549821,7.52316384526264e-37,0.5,1,1
1757356727.8099365,4.7211273181893265,-3.702432014832482,-0.8094,0.0,0.0,0.7312287216862572,-0.7389109976129513,2.579500071380247,6.537001719092006,0.8166224867031552,0.00813913345336914,0.5564886638554911,3.76158192263132e-37,0.5,1,1
1757356727.8261168,4.735214040687743,-3.717883625188335,-0.8174,0.0,0.0,0.7648205139860923,-0.7404511188396006,2.2960095322243115,6.317152121884842,1.3396322500691185,0.00835573673248291,0.5429641206091789,1.88079096131566e-37,0.5,1,1
1757356727.848293,4.744623930809623,-3.728321560767766,-0.8231,0.0,0.0,0.7849523106837233,-0.7424017583864511,2.181202115826488,6.232983209437915,0.617025328853103,0.012289047241210938,0.5378233960315112,9.4039548065783e-38,0.5,1,1
1757356727.8816903,4.753393073878981,-3.738169146212355,-0.8264,0.0,0.0,0.7973553281684079,-0.7445698044292662,2.183039335090114,6.236618483869732,0.43790464168573445,0.015520215034484863,0.537654071148476,4.70197740328915e-38,0.5,1,1
1757356727.9161062,4.757860570624658,-3.7430672331738433,-0.8237,0.0,0.0,0.8010591215245353,-0.7465550262535345,2.267230890253142,6.296833865493345,0.19542451132120134,0.018314480781555176,0.5411421267640355,2.350988701644575e-38,0.5,1,1
1757356727.9436278,4.765659150490955,-3.751511742819315,-0.8164,0.0,0.0,0.8084794899697398,-0.7482709502667757,2.240018401933387,6.275087335892173,0.45561775492643763,0.014943242073059082,0.5398264304219379,1.1754943508222875e-38,0.5,1,1
1757356727.9815443,4.771338197929009,-3.7576003251126706,-0.8138,0.0,0.0,0.8121107358492179,-0.7499524410361756,2.2706294861491805,6.298618431838833,0.2612219282023048,0.016695618629455566,0.5409923601502722,5.877471754111438e-39,0.5,1,1
1757356728.0077198,4.771265046796627,-3.7576714958065494,-0.8113,0.0,0.0,0.8150609308921135,-0.751132025668294,2.285783876633923,6.304948741802362,0.07667882652688104,0.016315340995788574,0.5414798507799106,2.938735877055719e-39,0.5,1,1
1757356728.0463905,4.773070664283419,-3.7595453263076006,-0.8098,0.0,0.0,0.816223287675145,-0.752100593049956,2.3164674661035702,6.327035710135172,0.08880536663745288,0.016911029815673828,0.5426639270922854,1.4693679385278594e-39,0.5,1,1
1757356728.077688,4.7748210163798905,-3.7613642494099913,-0.8145,0.0,0.0,0.8182738252385715,-0.7528477706539256,2.3229885851649597,6.33525715369725,0.16379559341763247,0.01628553867340088,0.5428137762231519,7.346839692639297e-40,0.5,1,1
1757356728.1069598,4.765282854010506,-3.751622442373156,-0.8243,0.0,0.0,0.8184305616602315,-0.7528435135778089,2.346987589114259,6.348461769171314,0.4948895553796561,0.016963839530944824,0.5438312441338693,3.6734198463196485e-40,0.5,1,1
1757356728.1572173,4.761500480433231,-3.7474970234471567,-0.8309,0.0,0.0,0.8106773479185313,-0.752710728204563,2.4700109586798566,6.447619707911274,0.21010699720009096,0.02059340476989746,0.5496073525189062,1.8367099231598242e-40,0.5,1,1
1757356728.1767297,4.757862286557043,-3.74346538894949,-0.8407,0.0,0.0,0.8211108067462627,-0.7519879576503661,2.3246093155301253,6.33321764782356,0.45750567934768305,0.012244701385498047,0.5428859133228798,9.183549615799121e-41,0.5,1,1
1757356728.212818,4.754222650246079,-3.739096766298817,-0.8566,0.0,0.0,0.8187715924760778,-0.7515369369225974,2.4030900943193956,6.401089673982774,0.44320302371807235,0.019050121307373047,0.5466293421613915,4.591774807899561e-41,0.5,1,1
1757356728.2441182,4.749758611189971,-3.7335974443714517,-0.8898,0.0,0.0,0.8232735384293193,-0.7506916942296503,2.3477629492525933,6.374775356817005,1.119086563610721,0.01516735553741455,0.5444571554069435,2.2958874039497803e-41,0.5,1,1
1757356728.2728739,4.745665751592281,-3.7281622323752535,-0.9284,0.0,0.0,0.8278241675678334,-0.7498045973618336,2.3095755792687194,6.365723287032007,1.25668692164445,0.01559460163116455,0.5432749671787122,1.1479437019748901e-41,0.5,1,1
1757356728.310147,4.751625984842621,-3.7357675774779917,-0.9523,0.0,0.0,0.8313070277753688,-0.7496363259205138,2.3066369714416988,6.386502344823453,0.772199717962638,0.016692161560058594,0.543746314334904,5.739718509874451e-42,0.5,1,1
1757356728.344541,4.752587187743035,-3.7372938028957994,-0.972,0.0,0.0,0.8346836402221024,-0.749588438415134,2.3010077106648117,6.39603960385158,0.5919440649538087,0.01670968532562256,0.5441457124151878,2.8698592549372254e-42,0.5,1,1
1757356728.5821135,4.753489350973432,-3.738793555208879,-0.9885,0.0,0.0,0.8304100695989582,-0.7497733942571734,2.422651380124938,6.507757757633592,0.3908516014238812,0.021226167678833008,0.5505892696857331,1.4349296274686127e-42,0.5,1,1
1757356728.6237366,4.759296362007814,-3.747556765259018,-1.0053,0.0,0.0,0.6999606654537699,-0.7524122420093015,4.649098451491746,8.88426780823843,0.09574555443850553,0.103493332862854,0.7152925341873801,7.174648137343064e-43,0.5,1,1
1757356728.6399286,4.762020402016277,-3.752119702221406,-1.0181,0.0,0.0,0.7797180698845072,-0.7510003614348435,4.072313416086737,8.193274748075348,0.3350637321228339,0.02068161964416504,0.6486819095193659,3.587324068671532e-43,0.5,1,1
1757356728.662911,4.764602716165501,-3.7565827621145083,-1.031,0.0,0.0,0.8227803447295259,-0.7508251587376296,3.338906298647558,7.412083500300207,0.8617720662514381,0.008060336112976074,0.6032718683034566,1.793662034335766e-43,0.5,1,1
1757356728.6744967,4.765053677191336,-3.757601868622853,-1.0424,0.0,0.0,0.8399882683582496,-0.7509230730218786,2.863907787777692,6.963428734340515,0.49990105858843426,0.011456608772277832,0.5802416170274515,8.96831017167883e-44,0.5,1,1
1757356728.6917303,4.766854819325398,-3.7608445377247537,-1.0553,0.0,0.0,0.8623219201653609,-0.7513278816576563,2.360072260224114,6.528981355375301,1.1630083099542368,0.005770683288574219,0.55709690323875,4.484155085839415e-44,0.5,1,1
1757356728.7149453,4.768131638270819,-3.7632070441603505,-1.0635,0.0,0.0,0.8771535081457562,-0.7519346535412073,2.029983277432274,6.269624924460172,0.5071853805913887,0.008506298065185547,0.5435156178262449,2.2420775429197073e-44,0.5,1,1
1757356728.7261643,4.7742267002319485,-3.7739290915833963,-1.0737,0.0,0.0,0.8896771669269921,-0.7531469467134323,1.8417461603746679,6.139817801898705,0.6937659635621575,0.011534690856933594,0.5362550188965947,1.1210387714598537e-44,0.5,1,1
1757356728.7560477,4.77724078744326,-3.7797143250483667,-1.0839,0.0,0.0,0.9051571718445045,-0.7541391628510308,1.5420715672458787,5.937442416878617,1.0872885279436184,0.005567789077758789,0.5250534570376241,5.605193857299268e-45,0.5,1,1
1757356728.8544362,4.780106055251042,-3.7853580329607874,-1.0939,0.0,0.0,0.9198050070376084,-0.755585692288112,1.538671061774512,5.934659719000154,0.39635983229646843,0.01492929458618164,0.5247395204280322,2.802596928649634e-45,0.5,1,1
1757356728.8904583,4.779426885737921,-3.7846592877468366,-1.1028,0.0,0.0,0.9323927539084915,-0.7580047464947336,2.4013175514085905,6.565366939081717,0.09109414817193645,0.04914247989654541,0.5661538277303019,1.401298464324817e-45,0.5,1,1
1757356728.9163244,4.7802804932296485,-3.7864053709449,-1.1102,0.0,0.0,0.9155009771430268,-0.7582730261487364,2.2976125420457123,6.499595442035568,0.2128159978801599,0.017975568771362305,0.5604934336975715,7.006492321624085e-46,0.5,1,1
1757356728.9333346,4.781096664163401,-3.7881053700338065,-1.116,0.0,0.0,0.9117155425140213,-0.7584666747001382,2.088433519715921,6.344021285511208,0.23609342185872592,0.012916207313537598,0.5507138848925988,3.503246160812043e-46,0.5,1,1
1757356728.9557042,4.777511432066632,-3.781410275605773,-1.1142,0.0,0.0,0.9164722193473357,-0.7581289218910683,1.811303085514537,6.1300296408536665,0.46168989913482616,0.008452653884887695,0.5384461252217155,1.7516230804060213e-46,0.5,1,1
1757356728.9686062,4.775573983738756,-3.7773389705838087,-1.1109,0.0,0.0,0.9224730766185755,-0.7577854266455966,1.6576569290643388,6.013973963294121,0.2521961385615807,0.011077523231506348,0.5321615136731285,8.758115402030107e-47,0.5,1,1
1757356728.9851072,4.774167886336181,-3.77439490597935,-1.1102,0.0,0.0,0.9303161364556478,-0.7572069972186937,1.415144960993034,5.84823609213525,0.2603094891207725,0.006409406661987305,0.5226434532898199,4.3790577010150533e-47,0.5,1,1
1757356729.0058029,4.774392825281513,-3.7746277070905974,-1.1082,0.0,0.0,0.9391638508884305,-0.7568671917199004,1.2673898282119698,5.751383363451979,0.12328490496980637,0.00821685791015625,0.5170907394418444,2.1895288505075267e-47,0.5,1,1
1757356729.0234149,4.773787890551672,-3.7734198644662427,-1.1113,0.0,0.0,0.94865247832243,-0.7566092058923439,1.204159760769849,5.708229453577524,0.16492304944213051,0.010251879692077637,0.5145643181121916,1.0947644252537633e-47,0.5,1,1
1757356729.047409,4.7733532549879385,-3.772543899977715,-1.1169,0.0,0.0,0.9557003921536463,-0.7563127753615648,1.1155781592159184,5.655169141262226,0.323578248250619,0.008784174919128418,0.5114647391709224,5.473822126268817e-48,0.5,1,1
1757356729.067933,4.76998327570391,-3.7660348329249813,-1.113,0.0,0.0,0.9642771228968283,-0.7558139682686484,1.1359489705771781,5.652249775351087,0.3475312290315754,0.011945247650146484,0.5117502684514725,2.7369110631344083e-48,0.5,1,1
1757356729.0827422,4.768294814624565,-3.7625886431187503,-1.1069,0.0,0.0,0.9687983671664638,-0.7552014920507795,1.110412821520405,5.628368478162543,0.3526608324112592,0.010217666625976562,0.5106769283804753,1.3684555315672042e-48,0.5,1,1
1757356729.0992386,4.7666437483004005,-3.759251215517852,-1.1063,0.0,0.0,0.9701684082858889,-0.7544804334067179,1.009620181609072,5.569382650086402,0.2584077273224396,0.007297635078430176,0.5074132405183619,6.842277657836021e-49,0.5,1,1
1757356729.124676,4.764267850736349,-3.7547504149026114,-1.1108,0.0,0.0,0.9803951353384414,-0.7539232676408826,1.198692535599948,5.664983133145804,0.20670248394993312,0.016433119773864746,0.5128006542859798,3.4211388289180104e-49,0.5,1,1
1757356729.1460657,4.761689763923142,-3.7496062756794837,-1.1163,0.0,0.0,0.9779969633181228,-0.7530385102879424,1.1247103260105793,5.623203828808486,0.4697210842452231,0.008472919464111328,0.5101271870621633,1.7105694144590052e-49,0.5,1,1
1757356729.1760635,4.759835968079071,-3.7458754366053713,-1.118,0.0,0.0,0.9828191896274794,-0.752364517925052,1.3051167836073247,5.722017522813651,0.13773645003141594,0.016333818435668945,0.5154367088271485,8.552847072295026e-50,0.5,1,1
1757356729.2140355,4.758740541519303,-3.7433250995553906,-1.1224,0.0,0.0,0.9816958445287858,-0.7517336203733018,1.4695464349888188,5.824743365762439,0.15618494233857597,0.016654372215270996,0.5203699140366891,4.276423536147513e-50,0.5,1,1
1757356729.244141,4.7569420798704565,-3.73943976925497,-1.1369,0.0,0.0,0.9762553663281716,-0.751029255452385,1.6054357175844225,5.922629620782039,0.4558063044277246,0.01658475399017334,0.5243817126949089,2.1382117680737565e-50,0.5,1,1
1757356729.2758415,4.7556796064071625,-3.736608861660787,-1.1501,0.0,0.0,0.9684686756599485,-0.7503278279189807,1.7228787102238656,6.013904008970058,0.40517799844040026,0.016732215881347656,0.5278546067064022,1.0691058840368783e-50,0.5,1,1
1757356729.316302,4.7586374066568435,-3.742557397168407,-1.1565,0.0,0.0,0.9597479171383816,-0.7501384557314658,1.8131187535747482,6.09219309070185,0.2795259963295346,0.016500473022460938,0.5304852415269007,5.345529420184391e-51,0.5,1,1
1757356729.3479662,4.759362392542427,-3.7442873873069056,-1.1581,0.0,0.0,0.950676649701911,-0.7500964904666778,1.9108006415882377,6.170777242422253,0.0714691375884295,0.01724839210510254,0.5336471227067647,2.6727647100921956e-51,0.5,1,1
1757356729.378533,4.760059132891149,-3.7459681887211667,-1.1633,0.0,0.0,0.9410231362439456,-0.7501545386424553,2.0101907051975827,6.255413836564915,0.15375130636496717,0.017915725708007812,0.5371938771945578,1.3363823550460978e-51,0.5,1,1
1757356729.415787,4.761156997219496,-3.7484518992253055,-1.1668,0.0,0.0,0.9319002118881421,-0.7503068628772072,2.065097996457634,6.3073050187803394,0.12939987977432083,0.01711714267730713,0.5392522546021856,6.681911775230489e-52,0.5,1,1
1757356729.4415448,4.762291223947577,-3.7511737377906833,-1.1664,0.0,0.0,0.9259150424784581,-0.7505238565701072,2.0351192408078265,6.290570033811221,0.10120044017395251,0.014702081680297852,0.5380428320172639,3.3409558876152446e-52,0.5,1,1
1757356729.4795108,4.7631151315545015,-3.7531432694855256,-1.1623,0.0,0.0,0.9213090485736999,-0.7508178228516855,2.055335125797408,6.3074545995189855,0.14325865077057176,0.016133546829223633,0.5390247040847502,1.6704779438076223e-52,0.5,1,1
1757356729.506005,4.759186492848654,-3.7450278245542603,-1.1567,0.0,0.0,0.917153602408266,-0.7505512164245837,2.0828332280277913,6.320649526190085,0.32199134103501953,0.016481637954711914,0.5403283972926983,8.352389719038111e-53,0.5,1,1
1757356729.5483077,4.757167159843846,-3.7405073577365,-1.1519,0.0,0.0,0.911910550685241,-0.7501093709060321,2.1696425427737025,6.384113552701773,0.18531935995794638,0.01860523223876953,0.5442360879428677,4.176194859519056e-53,0.5,1,1
1757356729.5802686,4.755690383131049,-3.7372405744155865,-1.1481,0.0,0.0,0.9093935432629329,-0.7495309328317263,2.1269249515207034,6.347999155231744,0.17492156394629893,0.014933109283447266,0.542587774667361,2.088097429759528e-53,0.5,1,1
1757356729.617355,4.747576882502905,-3.7208912058825345,-1.1438,0.0,0.0,0.9050983838987426,-0.7481992478902374,2.207631198365223,6.397778128495501,0.5006825234558682,0.018725991249084473,0.5463325042106545,1.044048714879764e-53,0.5,1,1
1757356729.6666596,4.743517414352243,-3.7123208229407236,-1.1434,0.0,0.0,0.8980826976203817,-0.7467214297175188,2.3433652115494734,6.504658655187939,0.22408499754927988,0.021178603172302246,0.5529676763867508,5.22024357439882e-54,0.5,1,1
1757356729.6836426,4.739571331758008,-3.7040078656546442,-1.1436,0.0,0.0,0.9014978187913498,-0.7450891954585062,2.116229051419233,6.317928821418534,0.45553359493377177,0.010102629661560059,0.5429067966762875,2.61012178719941e-54,0.5,1,1
1757356729.7138243,4.7341667441164965,-3.692444810269187,-1.1414,0.0,0.0,0.9005988954137752,-0.7432960709715852,2.1666876104365658,6.347594288698155,0.3637349792608684,0.01780414581298828,0.545203628970756,1.305060893599705e-54,0.5,1,1
1757356729.7437074,4.7281847694857975,-3.6796724974246438,-1.1361,0.0,0.0,0.9006436064122594,-0.7412361032872584,2.137709121314602,6.312093186469892,0.4860957833075507,0.015497684478759766,0.5440369732408419,6.525304467998525e-55,0.5,1,1
1757356729.778177,4.723816462218005,-3.670440494310916,-1.1345,0.0,0.0,0.9007265507153512,-0.739202851725705,2.132241178357085,6.300231362199581,0.32123944258727444,0.01609063148498535,0.543830556990699,3.2626522339992623e-55,0.5,1,1
1757356729.810548,4.723554889804359,-3.669175448026263,-1.1335,0.0,0.0,0.9007157858440039,-0.7376443044973733,2.142894973632978,6.3076872972398155,0.049211480046924314,0.016598105430603027,0.5443139699253987,1.6313261169996311e-55,0.5,1,1
1757356729.8462353,4.720430823111384,-3.6625637338895705,-1.1266,0.0,0.0,0.8998657815345281,-0.7361191937402414,2.1805301274171383,6.327905079721913,0.2863847945337919,0.01755344867706299,0.5459848067176758,8.156630584998156e-56,0.5,1,1
1757356729.8824422,4.7182530934581175,-3.658021371146153,-1.1226,0.0,0.0,0.8997020828784672,-0.7347527431099119,2.1698707458936553,6.313804843257861,0.19855148645887014,0.016198277473449707,0.5455338715057816,4.078315292499078e-56,0.5,1,1
1757356729.9073467,4.710654938620608,-3.643194299471928,-1.1253,0.0,0.0,0.8996650331406812,-0.7329030309100547,2.1570388170415007,6.2945586688400965,0.5246156113221543,0.01608598232269287,0.5449850781540873,2.039157646249539e-56,0.5,1,1
1757356729.9470468,4.705896905145168,-3.6333285881501856,-1.1307,0.0,0.0,0.8987224892718777,-0.7309704011938573,2.1918551176029952,6.319509322841129,0.3460495967766225,0.017644762992858887,0.5466012618015723,1.0195788231247695e-56,0.5,1,1
1757356729.983256,4.699838321582861,-3.6205972287659822,-1.1359,0.0,0.0,0.8987849398066394,-0.7288529288588033,2.158322141430053,6.2880688626415475,0.48031705383952655,0.015643596649169922,0.5452265588554901,5.0978941156238473e-57,0.5,1,1
1757356730.0127344,4.694816025503189,-3.609131293099422,-1.1415,0.0,0.0,0.8970972412263996,-0.7266012783974496,2.2266948681463328,6.339795664479836,0.36273820144277596,0.018902301788330078,0.5484610778131692,2.5489470578119236e-57,0.5,1,1
1757356730.046372,4.68891699348485,-3.5954912965575336,-1.1592,0.0,0.0,0.8975526111675072,-0.7242467244851624,2.1564610629719825,6.2881735295890735,0.778861738492028,0.014836668968200684,0.5455972356317406,1.2744735289059618e-57,0.5,1,1
1757356730.0743349,4.684835683433457,-3.585535023090824,-1.1803,0.0,0.0,0.8980251091585596,-0.72193473009736,2.1334088330223313,6.279387665623112,0.7361881709213483,0.016086459159851074,0.5448965285878171,6.372367644529809e-58,0.5,1,1
1757356730.1308286,4.685960076282377,-3.586877575516628,-1.2044,0.0,0.0,0.8985908191138631,-0.7203159625946739,2.1285986418131806,6.295756242056045,0.7233237890843852,0.016703128814697266,0.5451064297990353,3.1861838222649046e-58,0.5,1,1
1757356730.1572025,4.6848101775121895,-3.5836509434462687,-1.2262,0.0,0.0,0.8969832394470151,-0.7188742305695495,2.229874479691195,6.393653864860634,0.5397988866638304,0.02044045925140381,0.5503191274622945,1.5930919111324523e-58,0.5,1,1
1757356730.1771162,4.683431811505596,-3.5794624859150246,-1.2499,0.0,0.0,0.8995054660739268,-0.7177758790138151,2.0718081738995093,6.281687516410802,0.9617970224910732,0.01253211498260498,0.5438846261855032,7.965459555662261e-59,0.5,1,1
1757356730.2141755,4.687711863099421,-3.591253428705536,-1.2651,0.0,0.0,0.9012970608108429,-0.7175466661209673,2.0644009825477463,6.29512250662586,0.5908956118736672,0.016675949096679688,0.5440842917992845,3.982729777831131e-59,0.5,1,1
1757356730.2488048,4.689167317127443,-3.596497800468036,-1.2776,0.0,0.0,0.9025257871982851,-0.7176774987819564,2.077629467224633,6.318171094879373,0.3909438118875736,0.017436623573303223,0.5452420084707976,1.9913648889155653e-59,0.5,1,1
1757356730.2765431,4.6909476822724026,-3.6032743862308485,-1.288,0.0,0.0,0.9043321401509995,-0.7182155293942828,2.0335430817141065,6.294710813472678,0.39989817949008344,0.015679001808166504,0.5438876725091021,9.956824444577827e-60,0.5,1,1
1757356730.3127296,4.694025686983514,-3.613272617608635,-1.2915,0.0,0.0,0.9051720227837013,-0.7191391391365931,2.083875511930459,6.343636106232445,0.2956073778605259,0.01865863800048828,0.5466283261107872,4.9784122222889134e-60,0.5,1,1
1757356730.3441823,4.696720928406682,-3.6232805943636452,-1.2973,0.0,0.0,0.9071294727621924,-0.7204786910853789,2.0099913191565912,6.2948340402125496,0.39995736088072753,0.014847874641418457,0.5438881410699544,2.4892061111444567e-60,0.5,1,1
1757356730.3744092,4.69863320935391,-3.6305374614793684,-1.3011,0.0,0.0,0.9090795490863279,-0.7218491662890645,1.993385468457881,6.28793851151297,0.25732467274717674,0.016344785690307617,0.5435393917802256,1.2446030555722283e-60,0.5,1,1
1757356730.4106746,4.698274928188098,-3.6301953825959714,-1.3076,0.0,0.0,0.9106629817362252,-0.7228322960825904,1.9874765210193226,6.286637890207703,0.19566640114876832,0.01665806770324707,0.5436400217309104,6.223015277861142e-61,0.5,1,1
1757356730.4449441,4.699265622575823,-3.6340516728523355,-1.3264,0.0,0.0,0.9120709633795507,-0.7237833992743739,1.975610978318692,6.292905626638132,0.5808432136183845,0.01654231548309326,0.5435635409693973,3.111507638930571e-61,0.5,1,1
1757356730.4740562,4.699931010805927,-3.636856475782196,-1.3457,0.0,0.0,0.9133488175536424,-0.724646176827967,1.9638767461997426,6.299122226060487,0.5877775269844456,0.01659989356994629,0.5435539655222487,1.5557538194652854e-61,0.5,1,1
1757356730.5141802,4.7025658392389165,-3.647792418162451,-1.359,0.0,0.0,0.9143202851502595,-0.7259146663720314,1.978052663456539,6.326563032153259,0.49720136822821465,0.01751720905303955,0.5447027111305619,7.778769097326427e-62,0.5,1,1
1757356730.5459433,4.703912602820863,-3.6547614583227275,-1.3631,0.0,0.0,0.9154251734501321,-0.7272626699590657,1.950830518583972,6.311711047719438,0.2520367247084032,0.016261577606201172,0.5440177726170702,3.8893845486632136e-62,0.5,1,1
1757356730.578219,4.705608830372613,-3.663739660632648,-1.3638,0.0,0.0,0.9168284026891225,-0.728771623091526,1.9228075073994315,6.294679282792187,0.28489519073623926,0.016082763671875,0.5431924669025175,1.9446922743316068e-62,0.5,1,1
1757356730.6156359,4.705674953371325,-3.6646446832656157,-1.3619,0.0,0.0,0.9173209942879227,-0.7299231755719578,1.9873934165664378,6.344024827071397,0.05512226578515904,0.019099116325378418,0.5463524487435891,9.723461371658034e-63,0.5,1,1
1757356730.648423,4.706668625594358,-3.6693854820228746,-1.3542,0.0,0.0,0.9186222302316708,-0.731048037807034,1.8928465442771043,6.266395382038025,0.32331121218463454,0.014068245887756348,0.5425003768785589,4.861730685829017e-63,0.5,1,1
1757356730.6760974,4.707406634580221,-3.6728135128617154,-1.351,0.0,0.0,0.9200847978194187,-0.732064318412281,1.8875118800186983,6.260838109448069,0.14408405653611533,0.016473770141601562,0.5423560011649391,2.4308653429145085e-63,0.5,1,1
1757356730.7101145,4.70576593549575,-3.6671581477290394,-1.3524,0.0,0.0,0.9211074835543225,-0.732475431603345,1.888336768157723,6.257904406667835,0.1816250223037666,0.01666259765625,0.5424768299586672,1.2154326714572542e-63,0.5,1,1
1757356730.7390938,4.70531859798583,-3.6652660247653697,-1.3536,0.0,0.0,0.92186990991668,-0.7326639542012771,1.8859158108215504,6.255238266652602,0.06894352274412503,0.016569972038269043,0.5424610714048983,6.077163357286271e-64,0.5,1,1
1757356730.7770042,4.704996242215903,-3.6638957125470535,-1.3565,0.0,0.0,0.9224335350866842,-0.7327206445766125,1.8872389079562928,6.257239741275584,0.09648964954975203,0.016704440116882324,0.5426110299731561,3.0385816786431356e-64,0.5,1,1
1757356730.8115582,4.706099012523951,-3.6679097311291105,-1.3644,0.0,0.0,0.9229232858967411,-0.732996698195528,1.8861040760121222,6.264570699680421,0.26767498584138416,0.016680002212524414,0.5426983741616775,1.5192908393215678e-64,0.5,1,1
1757356730.8804653,4.7064084969130064,-3.6694288156000336,-1.3714,0.0,0.0,0.923227501038166,-0.7332872629011875,1.8961359126577144,6.278305121251292,0.20955200148701275,0.017107009887695312,0.5432974138484883,7.596454196607839e-65,0.5,1,1
1757356730.8924336,4.706772195274086,-3.6712624103884437,-1.3728,0.0,0.0,0.9216380989888364,-0.7336229008735049,2.080765326994969,6.428481667057479,0.05016312849007566,0.02327859401702881,0.5518397557124537,3.7982270983039195e-65,0.5,1,1
1757356730.9152768,4.706784665182646,-3.671600167977692,-1.3758,0.0,0.0,0.9230513924259092,-0.7338466606849473,1.8240925837949178,6.227977535461708,0.1610884248959312,0.009370565414428711,0.5407600193853221,1.8991135491519597e-65,0.5,1,1
1757356730.9429994,4.706933853409554,-3.672413628692963,-1.3808,0.0,0.0,0.9244329488582242,-0.7340778185418029,1.8313958675951711,6.236725014979239,0.15149103305905517,0.01672685146331787,0.5410831000804996,9.495567745759799e-66,0.5,1,1
1757356730.976715,4.707075890587202,-3.6732033972403415,-1.3809,0.0,0.0,0.9254444705569191,-0.7342900932752482,1.825810508647667,6.232304332320498,0.024763142805674085,0.016327619552612305,0.5408958798904818,4.7477838728798994e-66,0.5,1,1
1757356731.0134137,4.705614925468422,-3.6670430355187325,-1.3714,0.0,0.0,0.9261022165433936,-0.7340843149043288,1.8348410040628416,6.227974501069556,0.34108503525165434,0.016735434532165527,0.5412464775014127,2.3738919364399497e-66,0.5,1,1
1757356731.0405169,4.704813528816723,-3.6630531711731478,-1.3657,0.0,0.0,0.9264582593998696,-0.7336982821066224,1.839315061275817,6.2246838748492195,0.21091861625590888,0.016602754592895508,0.5413852898737523,1.1869459682199748e-66,0.5,1,1
1757356731.076849,4.7042241878667275,-3.6601655054083704,-1.3655,0.0,0.0,0.9266913191613773,-0.7332459563976612,1.8368943903510844,6.2209032701233475,0.09013419509027461,0.01638650894165039,0.5412377449977437,5.934729841099874e-67,0.5,1,1
1757356731.1159596,4.70427037667123,-3.660002867231346,-1.3656,0.0,0.0,0.9268453452917136,-0.7329061227397222,1.8442814384012873,6.226620221695174,0.005881282916284694,0.016699552536010742,0.541499660233202,2.967364920549937e-67,0.5,1,1
1757356731.1460443,4.704004439460637,-3.6587788738786853,-1.3673,0.0,0.0,0.9267027801895328,-0.7325859156634077,1.8707053000759921,6.247671950990863,0.06063630011503762,0.01741206645965576,0.5426022510509032,1.4836824602749686e-67,0.5,1,1
1757356731.1753633,4.703664406843611,-3.6572023953332993,-1.3698,0.0,0.0,0.9263987646510609,-0.7322590321131058,1.8724068354864265,6.250223825849814,0.08874686558453142,0.016761422157287598,0.5427172727208711,7.418412301374843e-68,0.5,1,1
1757356731.2135448,4.703476045374247,-3.6561979932351893,-1.3674,0.0,0.0,0.9260502180985299,-0.7319615827715403,1.8886050402823538,6.260811837722602,0.07553135063871382,0.017267704010009766,0.5434391937335531,3.7092061506874214e-68,0.5,1,1
1757356731.244322,4.703263896564878,-3.6551683050036985,-1.3647,0.0,0.0,0.9261751396684761,-0.7316864090975009,1.8365217181023428,6.218099838207341,0.09648388899510557,0.015015244483947754,0.5412354451759082,1.8546030753437107e-68,0.5,1,1
1757356731.276992,4.703055773770117,-3.654169731733585,-1.3629,0.0,0.0,0.9265570824909081,-0.73142694634571,1.8404496907071493,6.218971312740714,0.06245116010317494,0.016564369201660156,0.5413015010797886,9.273015376718553e-69,0.5,1,1
1757356731.3076925,4.700290457734446,-3.6432118452898012,-1.3609,0.0,0.0,0.9266110636652659,-0.7305964590387728,1.8495945591121012,6.217595040108129,0.3425862078154645,0.016750574111938477,0.5415955916782941,4.636507688359277e-69,0.5,1,1
1757356731.3549554,4.6985146105887825,-3.635096896423018,-1.3649,0.0,0.0,0.9265140467684942,-0.7295175000447148,1.848741651909814,6.215234205873621,0.2796750106171521,0.016483187675476074,0.5415207408177054,2.3182538441796384e-69,0.5,1,1
1757356731.3769574,4.697247682433245,-3.629217090552297,-1.3675,0.0,0.0,0.9263853781973371,-0.7283880364915296,1.8506386585172556,6.215477386957738,0.19761291602372633,0.016579508781433105,0.5415778163351401,1.1591269220898192e-69,0.5,1,1
1757356731.4125886,4.69328041042646,-3.6123291435536897,-1.3626,0.0,0.0,0.9260227318401908,-0.7265764885460039,1.8595602414353078,6.20896105215691,0.5363850963754215,0.016803622245788574,0.5419033569959064,5.795634610449096e-70,0.5,1,1
1757356731.4456847,4.690795400649982,-3.6008994865179793,-1.3552,0.0,0.0,0.9254968696957333,-0.7245876237867909,1.8724540447845868,6.20752891307756,0.40806395183388366,0.016959309577941895,0.5423734119864919,2.897817305224548e-70,0.5,1,1
1757356731.4774985,4.687463089363035,-3.586216826427521,-1.3441,0.0,0.0,0.924905800296685,-0.7222886439518335,1.8705461305794686,6.189938715534695,0.5676529522256994,0.016476154327392578,0.5421729886209385,1.448908652612274e-70,0.5,1,1
1757356731.5107713,4.684537485885167,-3.5741677207485854,-1.336,0.0,0.0,0.9243576892907863,-0.7199145905383854,1.8715148674195057,6.17829742216978,0.4485365802038942,0.0165097713470459,0.542048848726222,7.24454326306137e-71,0.5,1,1
1757356731.545538,4.681824334294138,-3.5631528306573395,-1.3299,0.0,0.0,0.9237640150686116,-0.7175428514837359,1.8812215613185368,6.175535664555553,0.3839478606222257,0.016773343086242676,0.5422769629996652,3.622271631530685e-71,0.5,1,1
1757356731.5755455,4.67913054029717,-3.5524808092918745,-1.3255,0.0,0.0,0.9230495738449941,-0.7151946083139358,1.8952666287070548,6.177661713975516,0.349526736684726,0.016956686973571777,0.5427067146048268,1.8111358157653425e-71,0.5,1,1
1757356731.6107497,4.669898413013482,-3.5193578803589536,-1.3246,0.0,0.0,0.9221270224634002,-0.7115819612214339,1.8774368724190553,6.143271550743548,1.078713300095588,0.01594364643096924,0.5418172451881803,9.055679078826712e-72,0.5,1,1
1757356731.7207634,4.662889959127054,-3.492172050080954,-1.3296,0.0,0.0,0.9210811037732132,-0.7073458144325321,1.8910591436007422,6.142458278038168,0.8428998863573067,0.01691567897796631,0.5422739045407675,4.527839539413356e-72,0.5,1,1
1757356731.7518513,4.657885174411832,-3.47247102071832,-1.3321,0.0,0.0,0.9136533941918269,-0.7021223307805703,2.656939136981677,6.795813062850049,0.23501046199921002,0.043572425842285156,0.5804111768495253,2.263919769706678e-72,0.5,1,1
1757356731.9004166,4.654903662822379,-3.4581652327000176,-1.3323,0.0,0.0,0.9085016049293192,-0.6987301235522566,2.4510651015988913,6.60762447310266,0.47156910058174706,0.015495657920837402,0.570235051581701,1.131959884853339e-72,0.5,1,1
1757356731.9622636,4.651077719380049,-3.44208744529034,-1.3311,0.0,0.0,0.8795865746150968,-0.6935736159870654,3.8082324162834738,8.02309005947731,0.11158579418394846,0.07424890995025635,0.6755919311045082,5.659799424266695e-73,0.5,1,1
1757356731.9757369,4.64611453472343,-3.4214055054728707,-1.3274,0.0,0.0,0.8836796009142409,-0.6917657232844929,3.625861401882477,7.8206917960296645,0.350519398503154,0.03079509735107422,0.6544198075282184,2.8298997121333476e-73,0.5,1,1
1757356731.9926846,4.640087661734344,-3.398955814177591,-1.326,0.0,0.0,0.8948855190709838,-0.6885975255135367,2.8974804826874245,7.030765624749432,1.7445412091244217,0.00667417049407959,0.6056269250300526,1.4149498560666738e-73,0.5,1,1
1757356732.012775,4.635607250997919,-3.381302449907548,-1.3276,0.0,0.0,0.9006544288188632,-0.6851079545468413,2.3882060332871746,6.536294348694423,1.0862247223520605,0.008415937423706055,0.5777837511264281,7.074749280333369e-74,0.5,1,1
1757356732.0248427,4.631289334032029,-3.364166792940153,-1.3302,0.0,0.0,0.9046899928032561,-0.6813800781803495,2.0313138433233937,6.216612826909956,0.8964126586855998,0.009962797164916992,0.5599712306040515,3.5373746401666845e-74,0.5,1,1
1757356732.0461833,4.630172060927137,-3.3574900541577932,-1.331,0.0,0.0,0.9095064185244428,-0.678376789607737,1.6546587682874705,5.911174780901081,0.5644083229705459,0.006038784980773926,0.5421504314758046,1.7686873200833423e-74,0.5,1,1
1757356732.06189,4.6280490556983045,-3.3488390645642956,-1.3289,0.0,0.0,0.9135791150849298,-0.6754134828286291,1.4696087580580905,5.765439626324341,0.43283233768774193,0.010572075843811035,0.5332389735777125,8.843436600416711e-75,0.5,1,1
1757356732.0835145,4.625967869515242,-3.3404523826060584,-1.3252,0.0,0.0,0.9171382525517181,-0.6729487796820868,1.252751155243263,5.605242086084871,0.6043218903281471,0.007777214050292969,0.5242382652218464,4.421718300208356e-75,0.5,1,1
1757356732.1013927,4.627671079948269,-3.3456133456093435,-1.3173,0.0,0.0,0.9210109828381391,-0.6712850376322876,1.159565209418735,5.540165342820821,0.44407614135153767,0.010796427726745605,0.5199378930878156,2.210859150104178e-75,0.5,1,1
1757356732.1185944,4.627559862165587,-3.3451890604263284,-1.3065,0.0,0.0,0.923902802642901,-0.6701776331250632,1.0387522750361846,5.455136770756401,0.6086734653377254,0.00887906551361084,0.5154138081588151,1.105429575052089e-75,0.5,1,1
1757356732.1352944,4.627409717482723,-3.3446448358364527,-1.2872,0.0,0.0,0.9263812509366641,-0.6693890769889284,0.9381845915492628,5.381191918348797,1.1262891154496493,0.008571624755859375,0.5118118237701723,5.527147875260445e-76,0.5,1,1
1757356732.153114,4.6295583583980315,-3.3510330126543946,-1.2744,0.0,0.0,0.9285716175068075,-0.6692113441718366,0.854276225636855,5.328755827203731,0.8701148089400588,0.008312702178955078,0.5089293440445485,2.7635739376302223e-76,0.5,1,1
1757356732.169908,4.630563161901701,-3.3540373557876673,-1.2644,0.0,0.0,0.9306372423159093,-0.6692520530007979,0.8057613469125257,5.296694766417829,0.5931563310413036,0.0088423490524292,0.5071824554756381,1.3817869688151111e-76,0.5,1,1
1757356732.1953511,4.631568650543931,-3.3569413471170404,-1.2554,0.0,0.0,0.9348485039305474,-0.6691334371709092,0.9971632107568572,5.399044492032131,0.28525772860639015,0.016669511795043945,0.5125638955201754,6.908934844075556e-77,0.5,1,1
1757356732.213875,4.630242920801693,-3.353634939716349,-1.248,0.0,0.0,0.9340456365181908,-0.669260681196155,0.8650658118820187,5.316637038921316,0.6446269476576462,0.006370186805725098,0.508147412935607,3.454467422037778e-77,0.5,1,1
1757356732.244908,4.629847003957229,-3.352522128051276,-1.2474,0.0,0.0,0.9367078572102397,-0.6688850334064945,1.0564039253304454,5.423662251621015,0.04040532941021839,0.01639389991760254,0.5136612222619874,1.727233711018889e-77,0.5,1,1
1757356732.28356,4.62946223304142,-3.3514426532619366,-1.2483,0.0,0.0,0.9374555709642087,-0.6684491502617356,1.2332220360396722,5.531885193443714,0.04346055468185708,0.016764163970947266,0.5188683793005439,8.636168555094445e-78,0.5,1,1
1757356732.3083074,4.631468631252955,-3.3568624341243423,-1.2474,0.0,0.0,0.9368204443470036,-0.6684154065526877,1.3768082570906703,5.6291808029662365,0.1774253755953732,0.01648271083831787,0.5228227816181448,4.3180842775472223e-78,0.5,1,1
1757356732.6371436,4.63235019392679,-3.359448527697668,-1.2419,0.0,0.0,0.9363490375784925,-0.6679972550397043,1.8381597114213188,5.956933232483568,0.1105183772694316,0.027783870697021484,0.5393981876665714,2.1590421387736112e-78,0.5,1,1
1757356732.668301,4.633511200239156,-3.3627687031979296,-1.2305,0.0,0.0,0.917160199564365,-0.6649492632832573,5.12501372514711,9.542951774851337,0.04226505702622484,0.14113640785217285,0.7654678729289577,1.0795210693868056e-78,0.5,1,1
1757356732.7002056,4.63466984166885,-3.365784685776887,-1.2179,0.0,0.0,0.9225557419415307,-0.6682563872551746,4.189847623592284,8.336272628926103,0.42068642252713906,0.015460014343261719,0.6716632985471758,5.397605346934028e-79,0.5,1,1
1757356732.7213628,4.635692481694257,-3.3684147777230637,-1.2035,0.0,0.0,0.9203146611806664,-0.6702885177371714,3.5272024479372197,7.561901739699088,0.46182709947172895,0.015886783599853516,0.6240933851697967,2.698802673467014e-79,0.5,1,1
1757356732.7360868,4.636724497183811,-3.37095080263157,-1.1869,0.0,0.0,0.917996625876727,-0.6715058926279133,2.9192535390698655,6.912515077914437,0.7998884036666849,0.010516643524169922,0.5922758541594234,1.349401336733507e-79,0.5,1,1
1757356732.7539706,4.639112416033263,-3.3763583322621007,-1.1647,0.0,0.0,0.9176374625874613,-0.6725044123210604,2.391980880439108,6.401841066045941,1.5746573967221869,0.007294774055480957,0.5679554812976828,6.747006683667535e-80,0.5,1,1
1757356732.770633,4.640679078773768,-3.379774908814319,-1.1519,0.0,0.0,0.9177561505985263,-0.6732881288967507,2.024791622697326,6.082936662952861,0.7492584890145437,0.008902430534362793,0.5524233077985334,3.3735033418337674e-80,0.5,1,1
1757356732.786321,4.642243613866612,-3.3830690895218134,-1.1397,0.0,0.0,0.9191508548874733,-0.6740013042101253,1.726729771348204,5.844694340943529,0.7634366474769015,0.008339524269104004,0.5399190156260882,1.6867516709168837e-80,0.5,1,1
1757356732.8041039,4.641894086228192,-3.382450915540126,-1.123,0.0,0.0,0.9211659390981807,-0.6744836094087263,1.4805563923070004,5.656251794365159,1.0753612738533205,0.007771849632263184,0.5296821534200131,8.433758354584419e-81,0.5,1,1
1757356732.8282063,4.6422293597865085,-3.3831152529562787,-1.1098,0.0,0.0,0.9234777337545406,-0.6748467162108379,1.311870960904961,5.535047029595663,0.7526156424071324,0.008783340454101562,0.5226060666113697,4.2168791772922093e-81,0.5,1,1
1757356732.841574,4.642563577414902,-3.38375525705551,-1.0964,0.0,0.0,0.9261340008920647,-0.6750798691195797,1.261770281264058,5.492956379585884,0.5587840618919612,0.012007713317871094,0.5197623018661262,2.1084395886461046e-81,0.5,1,1
1757356732.8612504,4.641363358521211,-3.3815794355021773,-1.078,0.0,0.0,0.9275642869205528,-0.6752631775002889,1.0928210906580555,5.377740639512623,1.3943738935523573,0.006657838821411133,0.513573022666086,1.0542197943230523e-81,0.5,1,1
1757356732.8767838,4.640846194235452,-3.380674224296854,-1.0645,0.0,0.0,0.9296165810211812,-0.6752908683755215,1.040505248998342,5.337533305191808,0.6939017132214456,0.00975656509399414,0.5111528000664134,5.271098971615262e-82,0.5,1,1
1757356732.8970556,4.640164089747578,-3.3795185197577857,-1.0538,0.0,0.0,0.9308365131358901,-0.6752967738490987,0.9509091051834746,5.280339619160605,0.6954388551492963,0.007753252983093262,0.507907327134521,2.635549485807631e-82,0.5,1,1
1757356732.9156818,4.641544888536847,-3.381822973756669,-1.0535,0.0,0.0,0.9326057501537858,-0.6753929278075591,0.9450490699073977,5.277345334417843,0.13407167749786822,0.010081052780151367,0.5072056897674795,1.3177747429038154e-82,0.5,1,1
1757356732.9343522,4.641988294820459,-3.382568879470716,-1.0565,0.0,0.0,0.9337279786920224,-0.675522384830028,0.9235062118230719,5.266826641642756,0.1683444631700275,0.009275555610656738,0.5061665338935641,6.588873714519077e-83,0.5,1,1
1757356732.986592,4.64240353068209,-3.383269490589287,-1.0571,0.0,0.0,0.9346287471387237,-0.6756588473628523,0.9124395049893127,5.2608191731425835,0.054270121512082936,0.009319782257080078,0.5054523530971352,3.2944368572595385e-83,0.5,1,1
1757356733.067866,4.6421940143968445,-3.3829386062655593,-1.0538,0.0,0.0,0.9394150846749594,-0.6754446480972729,1.3921977755467698,5.530801783057506,0.06374695938743347,0.02606523036956787,0.5207785322861906,1.6472184286297693e-83,0.5,1,1
1757356733.2191217,4.642238547222035,-3.3830163539246487,-1.0495,0.0,0.0,0.9392361219264092,-0.674926277902398,2.203810058218886,6.107697180181573,0.05297890187493806,0.04059100151062012,0.5519970522947364,8.236092143148846e-84,0.5,1,1
1757356733.2335079,4.642282172929296,-3.3830915475949643,-1.0421,0.0,0.0,0.9184494514684345,-0.6743602414128874,3.736161392939766,7.56854257545255,0.048969635747273275,0.0755622386932373,0.6336510337307777,4.118046071574423e-84,0.5,1,1
1757356733.2499273,4.64016778654968,-3.3795689201719123,-1.0355,0.0,0.0,0.9187947970552772,-0.6749130920808741,3.0914296552906766,6.901598627716966,0.5408210208662333,0.007187485694885254,0.5896451565318785,2.0590230357872116e-84,0.5,1,1
1757356733.2705998,4.638663636092991,-3.3770980219438487,-1.0304,0.0,0.0,0.9181957066710953,-0.6750531740016956,2.618987136247024,6.459223863701075,0.36449763406902624,0.00804293155670166,0.5653635739044842,1.0295115178936058e-84,0.5,1,1
1757356733.282954,4.637202335155004,-3.374735596328045,-1.0209,0.0,0.0,0.9174066918727344,-0.6749319490244311,2.3089567388212924,6.186378491130805,0.4807298114901316,0.010294556617736816,0.552305400313029,5.147557589468029e-85,0.5,1,1
1757356733.3052404,4.6390175872157915,-3.377639107312771,-1.01,0.0,0.0,0.9187554156952455,-0.6750174399831329,1.9573565617200894,5.904029526760737,0.930429112102456,0.0061397552490234375,0.537648773963066,2.5737787947340145e-85,0.5,1,1
1757356733.316949,4.639268661067862,-3.3780239721277816,-0.9978,0.0,0.0,0.919719559854371,-0.6749998239962937,1.8104844164487617,5.7873165387101135,0.5493583839374265,0.011111736297607422,0.5317770987663206,1.2868893973670072e-85,0.5,1,1
1757356733.3343437,4.639516910610538,-3.3783943307738538,-0.9865,0.0,0.0,0.9214600867630857,-0.6750898952080866,1.55253832230693,5.6022292326453975,0.9781916817466905,0.005780458450317383,0.521897669959978,6.434446986835036e-86,0.5,1,1
1757356733.352969,4.637709197017843,-3.3757721842589965,-0.976,0.0,0.0,0.9231758886354817,-0.6749579944254767,1.4247506896052395,5.509714876498938,0.6342116134726341,0.008650422096252441,0.5167780248153255,3.217223493417518e-86,0.5,1,1
1757356733.371985,4.636903638455102,-3.374643052615536,-0.9717,0.0,0.0,0.92481307265515,-0.674791586432878,1.341897989610134,5.4534870491429475,0.24365274779140836,0.009271740913391113,0.5133647507068484,1.608611746708759e-86,0.5,1,1
1757356733.3860302,4.636117157845597,-3.3735512943632004,-0.9691,0.0,0.0,0.926250690694066,-0.6746115362180736,1.2822039023675513,5.413777211834543,0.1557437228681807,0.009398579597473145,0.5109207340261788,8.043058733543795e-87,0.5,1,1
1757356733.4039667,4.631026660806475,-3.3662074777379205,-0.9674,0.0,0.0,0.9269673689782516,-0.6741175941990105,1.1663454946012752,5.338010244101759,0.6544667933101056,0.006949067115783691,0.5072138097069279,4.021529366771898e-87,0.5,1,1
1757356733.4202163,4.626928256092047,-3.3603557774856205,-0.9689,0.0,0.0,0.9278346898143042,-0.6734073195789331,1.132563084166465,5.31314811216288,0.4087116293296563,0.008930444717407227,0.5058632959477288,2.010764683385949e-87,0.5,1,1
1757356733.4371378,4.622740093083117,-3.35434885058737,-0.9727,0.0,0.0,0.9281964757122914,-0.6725753971987021,1.081090327141344,5.280483316755559,0.5147930440173847,0.008013010025024414,0.5042143481817766,1.0053823416929744e-87,0.5,1,1
1757356733.4556284,4.622549980663596,-3.353950004078361,-0.9731,0.0,0.0,0.9286476484198087,-0.6719450199517414,1.05459873857297,5.265713357834784,0.03547459452309745,0.008400440216064453,0.503276266495313,5.026911708464872e-88,0.5,1,1
1757356733.4728236,4.621052565319232,-3.351730824404388,-0.9715,0.0,0.0,0.9291045596869009,-0.6713520752267552,1.0629865658011668,5.266686960562881,0.16934548080162815,0.009208440780639648,0.5032370383810459,2.513455854232436e-88,0.5,1,1
1757356733.49264,4.6195974081125355,-3.349579869157903,-0.9701,0.0,0.0,0.9292052667556918,-0.6708121503979129,1.0541445903748725,5.258888889266248,0.17276307159775242,0.008538484573364258,0.5027432527145227,1.256727927116218e-88,0.5,1,1
1757356733.5244424,4.6162375755881895,-3.3446692615524385,-0.9745,0.0,0.0,0.9310797818965976,-0.6699524744063599,1.4125882663386382,5.4608167196910715,0.18773252864814283,0.019709348678588867,0.5124593592486381,6.28363963558109e-89,0.5,1,1
1757356733.549101,4.614149819627921,-3.341584099973982,-0.9786,0.0,0.0,0.9294580626072684,-0.6692702140743463,1.445090095493112,5.481520382971345,0.2447250182262553,0.011317968368530273,0.5123208397094197,3.141819817790545e-89,0.5,1,1
1757356733.579878,4.61213565950812,-3.33858309038072,-0.9818,0.0,0.0,0.9282197048457591,-0.6685236383866274,1.6046040777332953,5.583472989408549,0.1585031780787815,0.015227794647216797,0.5161920896319577,1.5709099088952725e-89,0.5,1,1
1757356733.6137948,4.614540307541698,-3.3422463176924557,-0.9886,0.0,0.0,0.9265571656518734,-0.6681304993619483,1.8415050091647798,5.753838339617523,0.22086827182539717,0.018313169479370117,0.5226648051630249,7.854549544476363e-90,0.5,1,1
1757356733.6461992,4.615401507250285,-3.3436301380008726,-1.0058,0.0,0.0,0.9241905924986267,-0.6680135977125365,1.9274661674017004,5.8300042376109555,0.5760717707000094,0.014995574951171875,0.5244236076245123,3.9272747722381812e-90,0.5,1,1
1757356733.678874,4.616243667568756,-3.3450485770925624,-1.0281,0.0,0.0,0.9218815199230345,-0.6680004787953195,2.047454468475775,5.937265279842387,0.6758365353839724,0.016543149948120117,0.5280494322045797,1.9636373861190906e-90,0.5,1,1
1757356733.7110927,4.6219900765370765,-3.354904753828395,-1.0407,0.0,0.0,0.9198180165250094,-0.668588004202029,2.1556747995993333,6.038761118937503,0.503012467271859,0.01689600944519043,0.5319183004661796,9.818186930595453e-91,0.5,1,1
1757356733.7411664,4.6250092406244265,-3.360361926379434,-1.0474,0.0,0.0,0.9180867794506844,-0.6693665685500623,2.221497472805091,6.100780265935579,0.281382947340721,0.016265153884887695,0.5347931406719639,4.909093465297727e-91,0.5,1,1
1757356733.781562,4.627910790729271,-3.3656719730467293,-1.0476,0.0,0.0,0.9166858552824398,-0.670250688394077,2.2859395982028805,6.157320717807252,0.18198319475216213,0.016634464263916016,0.5380364538206786,2.4545467326488633e-91,0.5,1,1
1757356733.8193123,4.637717307926269,-3.3829200775735884,-1.0473,0.0,0.0,0.916070244445323,-0.6719051671592368,2.335007682973181,6.21090514922853,0.598104664864314,0.016588449478149414,0.5409276767408102,1.2272733663244316e-91,0.5,1,1
1757356733.8422265,4.643059269550896,-3.39245758748609,-1.0494,0.0,0.0,0.9156516743114247,-0.6736577641526325,2.4085517270275068,6.280202447722292,0.31425565221181556,0.01771092414855957,0.5450879669871563,6.136366831622158e-92,0.5,1,1
1757356733.8828335,4.648241373449629,-3.4017143816888926,-1.0456,0.0,0.0,0.9160631078447761,-0.6754791842794009,2.395306972669251,6.273535081905285,0.3626246757377063,0.015537619590759277,0.5454038735320201,3.068183415811079e-92,0.5,1,1
1757356733.9376504,4.65065011860631,-3.405507162507123,-1.037,0.0,0.0,0.91562585032428,-0.6770033113084017,2.552861649686766,6.401133073481257,0.23302636294682508,0.020819425582885742,0.5535879045672988,1.5340917079055395e-92,0.5,1,1
1757356733.9494433,4.6553385939932586,-3.413275078207853,-1.0268,0.0,0.0,0.916640138589339,-0.6785741084626704,2.4912717051563367,6.34736364833025,0.45391272253676224,0.01503753662109375,0.5513335565357925,7.670458539527698e-93,0.5,1,1
1757356733.9768634,4.658789259248217,-3.4188645751723605,-1.017,0.0,0.0,0.9180797141007384,-0.6800211122158966,2.4086552722648067,6.275348451879201,0.42109233190652173,0.014008641242980957,0.5478608708787183,3.835229269763849e-93,0.5,1,1
1757356734.005233,4.666338883030448,-3.4300368129142353,-1.0012,0.0,0.0,0.9193980163991105,-0.6817037868942709,2.4225267315607306,6.282990188730099,0.6296628169158586,0.016494154930114746,0.5485897061607006,1.9176146348819244e-93,0.5,1,1
1757356734.042064,4.67385558519274,-3.4408487261381513,-0.9791,0.0,0.0,0.9208173210754538,-0.6835456659806963,2.449932111588341,6.296384361500155,0.7585156895200394,0.016957879066467285,0.5497927365697052,9.588073174409622e-94,0.5,1,1
1757356734.076753,4.679441432188292,-3.4485749245580797,-0.9677,0.0,0.0,0.9223621898962173,-0.6853231274514693,2.450397219685247,6.293350356275618,0.45645083873739695,0.016279101371765137,0.5496877386070691,4.794036587204811e-94,0.5,1,1
1757356734.1189263,4.678891358530374,-3.447866896619981,-0.9534,0.0,0.0,0.9235162151972578,-0.6865790741492088,2.4603988518802122,6.288443279905025,0.43248767185387094,0.01656472682952881,0.5499321656456724,2.3970182936024055e-94,0.5,1,1
1757356734.1665595,4.680773215935811,-3.4504129596401087,-0.9411,0.0,0.0,0.9244512309164745,-0.6876408370322128,2.490338475848134,6.304573812464858,0.36799686895114997,0.017256855964660645,0.5510760319937174,1.1985091468012028e-94,0.5,1,1
1757356734.184496,4.6826293753796735,-3.452860655658731,-0.9299,0.0,0.0,0.9253814318981666,-0.6885463650114872,2.4971884876747,6.302766067176847,0.3474352747323979,0.016713380813598633,0.5511183673936102,5.992545734006014e-95,0.5,1,1
1757356734.2137053,4.680771624582938,-3.450375515863699,-0.9187,0.0,0.0,0.9259254261657324,-0.6890680927335554,2.527497050177003,6.315895630062287,0.3317873147401042,0.01751399040222168,0.5522504342654713,2.996272867003007e-95,0.5,1,1
1757356734.245388,4.680615274098474,-3.4501952944938723,-0.9019,0.0,0.0,0.9266022059928891,-0.6894237462598367,2.5006828108316745,6.280159802481878,0.5302988399696689,0.01584172248840332,0.5506018188377029,1.4981364335015035e-95,0.5,1,1
1757356734.2771544,4.6804997776874755,-3.45006680216363,-0.8891,0.0,0.0,0.9272136909737476,-0.6896769446667208,2.4777446774961134,6.250925496802994,0.406065279274709,0.01576244831085205,0.5490977878004886,7.490682167507517e-96,0.5,1,1
1757356734.3249075,4.681694745957734,-3.451500783340659,-0.8765,0.0,0.0,0.9271433865891544,-0.6899775275474482,2.634247214071671,6.370539491042089,0.29719192723369753,0.021429777145385742,0.5561362765821556,3.745341083753759e-96,0.5,1,1
1757356734.3449013,4.682498035491681,-3.45240844660124,-0.8605,0.0,0.0,0.9282688852075477,-0.6901737072991728,2.463115138520662,6.218621147526006,0.6812684728319497,0.011776447296142578,0.5475214273717446,1.8726705418768793e-96,0.5,1,1
1757356734.3744886,4.683104861834843,-3.453073640214554,-0.8486,0.0,0.0,0.9286934252978019,-0.6904018066989484,2.491681918121238,6.232340332140883,0.3488485847669475,0.0171048641204834,0.5483255268943179,9.363352709384397e-97,0.5,1,1
1757356734.4141347,4.689680796888457,-3.460526185060129,-0.8408,0.0,0.0,0.929528180059471,-0.6909765779053418,2.4844742418020367,6.22721212605804,0.39228435069004886,0.016103386878967285,0.5475424171519561,4.6816763546921983e-97,0.5,1,1
1757356734.4493198,4.693170860902688,-3.4643432562026786,-0.8441,0.0,0.0,0.9302988297415751,-0.6916177191227743,2.5093833641976455,6.252561376627157,0.1789750915024395,0.017139792442321777,0.5483263602233318,2.3408381773460992e-97,0.5,1,1
1757356734.4816067,4.69654677147769,-3.468056317929146,-0.8479,0.0,0.0,0.9312103466644471,-0.6922817849503925,2.4923576238697462,6.2446233353152785,0.19703281016492738,0.015973806381225586,0.5472813994750334,1.1704190886730496e-97,0.5,1,1
1757356734.5135887,4.695509986394978,-3.466834398107918,-0.8456,0.0,0.0,0.9316591379013035,-0.6927150697931761,2.5493730732520214,6.286848293176304,0.07654893491789143,0.018309950828552246,0.5496718989691414,5.852095443365248e-98,0.5,1,1
1757356734.5468001,4.696305729131586,-3.4677264510060537,-0.8378,0.0,0.0,0.9322328108177923,-0.6930559296910422,2.5328514025531588,6.267872746182382,0.24249414541269462,0.01627063751220703,0.5486631971673805,2.926047721682624e-98,0.5,1,1
1757356734.5818,4.696884809033553,-3.4683694663931726,-0.8362,0.0,0.0,0.9328484807731818,-0.6933340349200762,2.4869753171748936,6.229952796763449,0.05980018196285159,0.015209078788757324,0.5463569462862184,1.463023860841312e-98,0.5,1,1
1757356734.66277,4.688944796031878,-3.4594436883037782,-0.8376,0.0,0.0,0.9320062131964042,-0.6931113473984495,2.7703478959007004,6.456033219723085,0.23214665342357046,0.025906085968017578,0.5597718563705881,7.31511930420656e-99,0.5,1,1
1757356734.7067006,4.682941156583017,-3.4528780169352076,-0.8384,0.0,0.0,0.9311458670643411,-0.6924860758315694,2.886592486398462,6.552060732104677,0.19813075842132455,0.022542238235473633,0.565460149907687,3.65755965210328e-99,0.5,1,1
1757356734.7263894,4.6785505201868505,-3.448075903856152,-0.8382,0.0,0.0,0.9303899462539611,-0.6917396018508011,2.950634807793177,6.605658766043628,0.14872397973518747,0.02188563346862793,0.5686105599873398,1.82877982605164e-99,0.5,1,1
1757356734.7626305,4.670988819786659,-3.4395646920415204,-0.8375,0.0,0.0,0.9305781896645918,-0.6906999191622798,2.643533883687343,6.333617987813721,0.5834186016419592,0.009775638580322266,0.5531765504498634,9.1438991302582e-100,0.5,1,1
1757356734.7973578,4.6659523363732935,-3.4339757303434273,-0.836,0.0,0.0,0.9298207021665615,-0.6896928896772059,2.6412434463954915,6.325917426231476,0.21224246728487348,0.01807260513305664,0.5533480230118875,4.5719495651291e-100,0.5,1,1
1757356734.8212936,4.661050961612892,-3.4285663203720094,-0.8311,0.0,0.0,0.9290963309699697,-0.6886513289322312,2.615438995539025,6.296189753456935,0.25415324983604376,0.017296195030212402,0.5523546661912101,2.28597478256455e-100,0.5,1,1
1757356734.8467014,4.658994986862947,-3.426525417844754,-0.8212,0.0,0.0,0.9289296496156578,-0.6877640301067074,2.438351011474266,6.143431192384466,0.43360701196403506,0.011894583702087402,0.5443516517493614,1.142987391282275e-100,0.5,1,1
1757356734.8617027,4.654780061235742,-3.4221358656196337,-0.8016,0.0,0.0,0.9286294213975019,-0.6868846064929738,2.321845856797442,6.033531675671742,0.8124714509914819,0.012629985809326172,0.5392026581548468,5.714936956411375e-101,0.5,1,1
1757356734.8778815,4.651749786951694,-3.4190897640962614,-0.7864,0.0,0.0,0.9285328446193566,-0.6860671808006109,2.1365730818259507,5.880901573376577,0.8402443993333802,0.0093994140625,0.5314596512116407,2.8574684782056875e-101,0.5,1,1
1757356734.9075239,4.652417091565705,-3.41993052471569,-0.773,0.0,0.0,0.9282772275877553,-0.6855365032407851,2.2061359876916975,5.922848099895069,0.4044684075087891,0.016618013381958008,0.5337440849850114,1.4287342391028437e-101,0.5,1,1
1757356734.9444783,4.651270741965728,-3.418858664719633,-0.7556,0.0,0.0,0.9279395766447245,-0.6850771738427789,2.274814814328588,5.959881743946108,0.5183872204512396,0.016850948333740234,0.5362244303593359,7.143671195514219e-102,0.5,1,1
1757356734.984094,4.650428463634437,-3.4180962605944383,-0.7418,0.0,0.0,0.9275556464627787,-0.6846914618945441,2.3486446969183703,6.004405360266636,0.399727496318935,0.01732015609741211,0.5389278619972451,3.5718355977571093e-102,0.5,1,1
1757356735.0083637,4.6522812548072725,-3.419832286839874,-0.728,0.0,0.0,0.9274207612446723,-0.6845041675557652,2.3620236195862807,6.006237553648882,0.448362200142317,0.01564764976501465,0.5389660007406322,1.7859177988785547e-102,0.5,1,1
1757356735.0475545,4.652948207092361,-3.420390904558146,-0.714,0.0,0.0,0.9272791610202165,-0.6844003331816981,2.4216597895455747,6.041818358398887,0.4089211096440783,0.017151236534118652,0.5409284096336915,8.929588994392773e-103,0.5,1,1
1757356735.077362,4.653819275424198,-3.421094792164625,-0.6949,0.0,0.0,0.927255811327692,-0.6843628163413655,2.44436802737585,6.0456833613108705,0.5917616659245546,0.016165971755981445,0.5411946855964975,4.464794497196387e-103,0.5,1,1
1757356735.1119857,4.6538247932943415,-3.4210785511116146,-0.6804,0.0,0.0,0.9271169190151144,-0.6843356106274494,2.5307626961345853,6.101490056444701,0.39557866408993947,0.01832759380340576,0.5442511781445677,2.2323972485981933e-103,0.5,1,1
1757356735.1432922,4.6542043795591015,-3.421370569951191,-0.6615,0.0,0.0,0.9272286248934567,-0.68432832227341,2.49476795679184,6.0594012644561195,0.6434576586598978,0.014690995216369629,0.5418325225827253,1.1161986242990967e-103,0.5,1,1
1757356735.1732793,4.654482835843359,-3.421577318805426,-0.6481,0.0,0.0,0.9272497944567308,-0.6843366350182297,2.5308983626877954,6.07716221628214,0.40013447681890546,0.016749978065490723,0.5426729908636623,5.5809931214954833e-104,0.5,1,1
1757356735.2133434,4.650716164192042,-3.4186700652977304,-0.6376,0.0,0.0,0.9270389014805237,-0.684176934012728,2.5693667766605457,6.095172150680523,0.33942712817199894,0.01698124408721924,0.5436281747676314,2.7904965607477417e-104,0.5,1,1
1757356735.2455204,4.64824589855396,-3.416935094845246,-0.6282,0.0,0.0,0.9267953891760663,-0.6839617361494165,2.5787086891754454,6.092823100165443,0.30486087451322474,0.016192317008972168,0.5433229650624698,1.3952482803738708e-104,0.5,1,1
1757356735.276846,4.64644663927903,-3.415694400490553,-0.6227,0.0,0.0,0.9265160099707641,-0.6837353114860738,2.5985402501940706,6.102312077128392,0.17878285696533613,0.016551733016967773,0.543552331698856,6.976241401869354e-105,0.5,1,1
1757356735.3169255,4.636194336367472,-3.408118337033941,-0.624,0.0,0.0,0.9257261730525359,-0.6831437135751164,2.618603560709948,6.109241224083943,0.38411289688967665,0.016679883003234863,0.5438865437984073,3.488120700934677e-105,0.5,1,1
1757356735.370892,4.630167294534291,-3.403868304125547,-0.6287,0.0,0.0,0.9247604352286931,-0.6824736891284352,2.663341406506453,6.1430722516603415,0.24766985162347946,0.017654895782470703,0.5454198577788154,1.7440603504673385e-105,0.5,1,1
1757356735.391145,4.624332097408377,-3.399726889648964,-0.6303,0.0,0.0,0.9236840710100918,-0.6817536105309034,2.718517498820984,6.1839045250847,0.2000116090523367,0.018329381942749023,0.5474911594022736,8.720301752336693e-106,0.5,1,1
1757356735.416168,4.616781099414321,-3.3941406683381636,-0.6235,0.0,0.0,0.9225812530050442,-0.6809222735332955,2.705081635912589,6.161426422225242,0.353645166816082,0.016394734382629395,0.5464673207019994,4.3601508761683463e-106,0.5,1,1
1757356735.4456084,4.609568332365928,-3.388950491104907,-0.6154,0.0,0.0,0.9215185934433588,-0.6800331671402673,2.632392385359513,6.090985570006551,0.42088333740932504,0.014284014701843262,0.5429269439954962,2.1800754380841732e-106,0.5,1,1
1757356735.4733133,4.604289763928207,-3.38520318893728,-0.6106,0.0,0.0,0.9203752844975361,-0.6791696195184836,2.635393391064812,6.085431449787239,0.24727602029820517,0.016295313835144043,0.5428016428627959,1.0900377190420866e-106,0.5,1,1
1757356735.5107305,4.600502893364331,-3.3827450994300667,-0.6062,0.0,0.0,0.9193235122627179,-0.678401276323001,2.6511877478066155,6.091821453182485,0.18862751572393135,0.016710638999938965,0.5432298587347226,5.450188595210433e-107,0.5,1,1
1757356735.5651042,4.5949867390690695,-3.3789985853732625,-0.6065,0.0,0.0,0.9182202070082177,-0.6776309974174508,2.682177532590069,6.1123581358352865,0.19264800282245936,0.017324090003967285,0.5443468181484331,2.7250942976052165e-107,0.5,1,1
1757356735.6171877,4.590986817382085,-3.3762785501749883,-0.6085,0.0,0.0,0.9171817868563251,-0.6769197055574407,2.714700305966432,6.137137235468387,0.14865607792826574,0.01760542392730713,0.5455630050539318,1.3625471488026082e-107,0.5,1,1
1757356735.63438,4.592896822916231,-3.3778064226796984,-0.6061,0.0,0.0,0.916202020573639,-0.67647023019095,2.9269926167987403,6.3140535870604,0.0715365702571664,0.023950934410095215,0.5551135136320278,6.812735744013041e-108,0.5,1,1
1757356735.6489956,4.592568347942648,-3.3775804918478367,-0.6008,0.0,0.0,0.916350472931409,-0.6761930418020321,2.6391339413964063,6.073600696329795,0.3116583976183372,0.008526921272277832,0.5417524173890431,3.4063678720065206e-108,0.5,1,1
1757356735.674718,4.592113911064636,-3.3772700317106303,-0.5989,0.0,0.0,0.9160977860852927,-0.6759305152461832,2.6238715654539044,6.059682684010009,0.06279154659365771,0.015751361846923828,0.5410723941804303,1.7031839360032603e-108,0.5,1,1
1757356735.7318952,4.600468450440291,-3.383324662041714,-0.6022,0.0,0.0,0.9162982725820574,-0.6760640748817,2.6903114229095766,6.122842441840924,0.29425255936541045,0.018407106399536133,0.5439346473161348,8.515919680016301e-109,0.5,1,1
1757356735.7500942,4.60723961458228,-3.387967565501101,-0.6059,0.0,0.0,0.9169544375169146,-0.676436423047219,2.676542224981315,6.120499246833707,0.27833311108065173,0.01617717742919922,0.5432967646177055,4.257959840008151e-109,0.5,1,1
1757356735.7765694,4.611978450733539,-3.3912356541276396,-0.6077,0.0,0.0,0.9177860284113405,-0.6768918487336948,2.633405304496552,6.09135757353203,0.19967670865181417,0.015102744102478027,0.5414366502316876,2.1289799200040754e-109,0.5,1,1
1757356735.8106925,4.617606580395508,-3.3952516054212736,-0.6081,0.0,0.0,0.9186718166535963,-0.6774397006798045,2.6531782814618614,6.111905418615993,0.20457636766630863,0.01692664623260498,0.5423162321348969,1.0644899600020377e-109,0.5,1,1
1757356735.8904862,4.62515164176561,-3.400519239498646,-0.605,0.0,0.0,0.9189760581430495,-0.678099444546631,3.2915302707295706,6.661763246903907,0.12655316013115425,0.03836369514465332,0.5735450860771742,5.3224498000101884e-110,0.5,1,1
1757356735.904915,4.630170644695975,-3.404000665181101,-0.6009,0.0,0.0,0.9207540824236008,-0.6788552543914873,2.879446323715566,6.302442057186856,0.5261333930617509,0.006991267204284668,0.551910572920703,2.6612249000050942e-110,0.5,1,1
1757356735.922612,4.650554760939011,-3.418348323345202,-0.5942,0.0,0.0,0.9231625055481032,-0.6801731622671916,2.554835589090043,6.054339239191871,1.8227973229564067,0.0070803165435791016,0.5378964355924126,1.3306124500025471e-110,0.5,1,1
1757356735.9470842,4.6639172170824015,-3.4272183408705597,-0.5851,0.0,0.0,0.9254615287198729,-0.6816086518967408,2.5073053551384388,6.021839570448396,0.6465806026657442,0.014259815216064453,0.5361237095939393,6.653062250012736e-111,0.5,1,1
1757356735.977338,4.6812618922893074,-3.4384146917428264,-0.5674,0.0,0.0,0.9280996473879898,-0.6832870968806177,2.528040006470469,6.038549317436211,0.8440596026042896,0.01610875129699707,0.5370111145856042,3.326531125006368e-111,0.5,1,1
1757356736.0134065,4.688086614201757,-3.442100874025032,-0.5538,0.0,0.0,0.9303779646381711,-0.6847335727539142,2.6114855840429305,6.095891370639402,0.4290733290923875,0.018244504928588867,0.5404334134172687,1.663265562503184e-111,0.5,1,1
1757356736.0408974,4.69729210616061,-3.4475247816759462,-0.5415,0.0,0.0,0.9326369478241511,-0.6860885498918221,2.584860341282384,6.072679414780747,0.5442474289744742,0.014968037605285645,0.5390209663677417,8.31632781251592e-112,0.5,1,1
1757356736.0770557,4.706285800965945,-3.4526774294907647,-0.5313,0.0,0.0,0.9347834318415826,-0.6873728733923901,2.6181963112763906,6.096610942740718,0.4349419197210451,0.01671743392944336,0.5401185656251217,4.15816390625796e-112,0.5,1,1
1757356736.110417,4.711059420217031,-3.455025993550181,-0.5184,0.0,0.0,0.9366371283158778,-0.6884387843311992,2.639301317844903,6.10547213796256,0.42496300133165615,0.016417860984802246,0.5405822532922644,2.07908195312898e-112,0.5,1,1
1757356736.1394112,4.717493021709327,-3.4584788165984204,-0.5031,0.0,0.0,0.9383605394056934,-0.6894105950445906,2.6839782935660357,6.132462877600792,0.4917387346597431,0.01723778247833252,0.5419687840906098,1.03954097656449e-112,0.5,1,1
1757356736.1786087,4.722188353820324,-3.460908525563136,-0.4897,0.0,0.0,0.9399084734058667,-0.6902444530639532,2.693528748387658,6.132412648453513,0.4431778440617139,0.01625216007232666,0.5417577676900575,5.19770488282245e-113,0.5,1,1
1757356736.2144759,4.711604620070898,-3.454932603531103,-0.4773,0.0,0.0,0.9404201684130643,-0.6905183656304149,2.729396283056484,6.140353478056151,0.5074048183111095,0.017109990119934082,0.542679497893277,2.598852441411225e-113,0.5,1,1
1757356736.2458994,4.708222145555695,-3.4533171804847997,-0.4682,0.0,0.0,0.9405986766409299,-0.6906224060781627,2.7656927442227057,6.158351089770575,0.2844797684638997,0.017297863960266113,0.5436026802544167,1.2994262207056124e-113,0.5,1,1
1757356736.2783272,4.703846433016607,-3.451285810480118,-0.4583,0.0,0.0,0.9404947756720556,-0.6905728632629031,2.7406749599534876,6.127452387047695,0.3574460886383357,0.015404939651489258,0.5418812526393384,6.497131103528062e-114,0.5,1,1
1757356736.3142548,4.6961742046939365,-3.4473431610092664,-0.447,0.0,0.0,0.9399493639023353,-0.6903298354985201,2.803916916347097,6.161624103214441,0.3920072572706871,0.018132448196411133,0.544033057646994,3.248565551764031e-114,0.5,1,1
1757356736.3429625,4.6907871091514055,-3.4448626810236718,-0.4319,0.0,0.0,0.9392665745829111,-0.6899980770684857,2.7747336465596892,6.123114012538795,0.5284553891323035,0.015349388122558594,0.5421074336971277,1.6242827758820155e-114,0.5,1,1
1757356736.380187,4.685523159993357,-3.4425384758175284,-0.4159,0.0,0.0,0.9384584444410006,-0.6896340774215709,2.7816777051409605,6.112363208852356,0.5228126312307614,0.01626133918762207,0.541795207942838,8.121413879410078e-115,0.5,1,1
1757356736.4138122,4.6803752154429015,-3.4405739099576165,-0.3947,0.0,0.0,0.9375510220195794,-0.6892632821626962,2.8418070733178076,6.139550205639674,0.6096452013949203,0.017964839935302734,0.5436858842326713,4.060706939705039e-115,0.5,1,1
1757356736.4433625,4.676230937836647,-3.438986393560935,-0.377,0.0,0.0,0.9366854682458379,-0.6888920791050747,2.8092278514343807,6.097762568542161,0.6029397348846784,0.015132427215576172,0.5415273463155836,2.0303534698525194e-115,0.5,1,1
1757356736.4775121,4.670853568224417,-3.4370565616438546,-0.3544,0.0,0.0,0.9357290619916618,-0.6885218540646008,2.8308115038369848,6.093577074814193,0.7027622798201718,0.016585230827331543,0.5416922877292999,1.0151767349262597e-115,0.5,1,1
1757356736.50759,4.67323854622291,-3.4381914643140097,-0.3407,0.0,0.0,0.9351729693239305,-0.6883125252338309,2.8586163698670166,6.106986612628215,0.41441311541584613,0.016833782196044922,0.5421005026812602,5.075883674631299e-116,0.5,1,1
1757356736.5488179,4.672846517632213,-3.438055089056796,-0.3277,0.0,0.0,0.9347394086156752,-0.6881507190523111,2.904879006014419,6.13293762628012,0.370622220661783,0.017547011375427246,0.5432734312419851,2.5379418373156492e-116,0.5,1,1
1757356736.5772152,4.672339370763776,-3.437886988198962,-0.312,0.0,0.0,0.9344277401452077,-0.6880160515146956,2.886849585445035,6.1064651810381445,0.5038093605095316,0.015590310096740723,0.5416936662681965,1.2689709186578246e-116,0.5,1,1
1757356736.612795,4.672806687460124,-3.4380787511052295,-0.3057,0.0,0.0,0.9341963940331939,-0.6879342074657184,2.9560018917320283,6.15602507866951,0.17225326628231627,0.01834571361541748,0.5439017578452121,6.344854593289123e-117,0.5,1,1
1757356736.6468027,4.672927452998542,-3.438114610024335,-0.3044,0.0,0.0,0.9340868009087129,-0.687865701462806,2.9161054709046947,6.123432243607287,0.04318968967740562,0.015120387077331543,0.5415405881215486,3.1724272966445615e-117,0.5,1,1
1757356736.6769447,4.67309422800923,-3.43816396580864,-0.3062,0.0,0.0,0.9340087150171946,-0.6878234523166402,2.918424191105548,6.126332884841034,0.05561191439832901,0.016258955001831055,0.5411449403367952,1.5862136483222808e-117,0.5,1,1
1757356736.710204,4.682835040584137,-3.44172959912492,-0.3112,0.0,0.0,0.9345270030067108,-0.6879874335226022,2.9286745045812665,6.145301413945377,0.3479390314305374,0.016547560691833496,0.5411787275026201,7.931068241611404e-118,0.5,1,1
1757356736.7435892,4.690512687017534,-3.4442308707361615,-0.32,0.0,0.0,0.9353620402886076,-0.6882425380113367,2.9373549537021173,6.16391037001165,0.359818029024492,0.016596317291259766,0.5412493863439978,3.965534120805702e-118,0.5,1,1
1757356736.7764378,4.6960577154906025,-3.446084360036043,-0.3264,0.0,0.0,0.9363032732889189,-0.688528678640725,2.9418814762650722,6.175803729093267,0.26201720227973363,0.01654183864593506,0.5412255599337339,1.982767060402851e-118,0.5,1,1
1757356736.8109374,4.708670785477994,-3.451115482263996,-0.333,0.0,0.0,0.9377342228755556,-0.6890115131181507,2.9530007216542398,6.198796643270975,0.4486142549778,0.016827821731567383,0.541547588466443,9.913835302014255e-119,0.5,1,1
1757356737.14568,4.7181729903848,-3.4546864134918924,-0.341,0.0,0.0,0.9393409742353964,-0.6895572570185274,2.9663346258309815,6.221871138029831,0.37954059306559235,0.017026543617248535,0.5420294885660926,4.9569176510071274e-119,0.5,1,1
1757356737.1636708,4.727064134186849,-3.4581090160383363,-0.3467,0.0,0.0,0.9416271519853769,-0.6903388597452397,6.496662735276011,10.309483046467372,0.03556525362658144,0.1560807228088379,0.8031462810696568,2.4784588255035637e-119,0.5,1,1
1757356737.1769412,4.751036104600051,-3.467214820637218,-0.3448,0.0,0.0,0.9446619192117085,-0.6912278731177828,5.237528231591364,8.631301684323747,1.452094840827182,0.008853912353515625,0.6902433693474526,1.2392294127517818e-119,0.5,1,1
1757356737.1981914,4.766134917119446,-3.472651856234859,-0.3398,0.0,0.0,0.9472959981991195,-0.6920789105685927,4.309057061490871,7.558515644127495,1.2809779676386337,0.006560921669006348,0.6251774033851307,6.196147063758909e-120,0.5,1,1
1757356737.2151964,4.7808059733007084,-3.477864930424092,-0.3364,0.0,0.0,0.9499431639398714,-0.6929272306623591,3.717677803817345,6.960682680744027,0.7541298347731832,0.010566234588623047,0.5913355334201054,3.0980735318794546e-120,0.5,1,1
1757356737.2353852,4.797074511690156,-3.483144305791282,-0.3356,0.0,0.0,0.9527486269274632,-0.6938828734433933,3.2232449067675004,6.516522604964701,1.0144593373397397,0.008439183235168457,0.5675693315660886,1.5490367659397273e-120,0.5,1,1
1757356737.248733,4.809361346778272,-3.4872692089949475,-0.3323,0.0,0.0,0.955491929599756,-0.6948405977975104,2.878447087115352,6.234563906244228,0.6664816519174793,0.010033488273620605,0.552365920196514,7.745183829698637e-121,0.5,1,1
1757356737.3059125,4.821303049577314,-3.491209200725707,-0.3245,0.0,0.0,0.9580589171617088,-0.6957758303437553,2.5309191513787397,5.973754462129902,1.122199138226618,0.006593108177185059,0.5376952465717708,3.8725919148493183e-121,0.5,1,1
1757356737.3237066,4.819774194891765,-3.4899773193589967,-0.3118,0.0,0.0,0.9602132545012212,-0.696537484104552,2.7724006097857106,6.137941250197899,0.22493580261940438,0.028565645217895508,0.5482991131791479,1.9362959574246591e-121,0.5,1,1
1757356737.337649,4.822129918054701,-3.4906952602660484,-0.3014,0.0,0.0,0.9615800212517003,-0.6970070918055395,2.5085098193413202,5.93713732768864,0.6029761852604838,0.00886237621307373,0.5369818740787446,9.681479787123296e-122,0.5,1,1
1757356737.354607,4.825175045356613,-3.4915758238678896,-0.2826,0.0,0.0,0.9626691362568643,-0.6974066685298987,2.2551494847340914,5.7553012766475256,1.381605455800832,0.006899714469909668,0.5268213040230014,4.840739893561648e-122,0.5,1,1
1757356737.3750596,4.8198274996589845,-3.4898033070173233,-0.2655,0.0,0.0,0.9631517348282042,-0.6976266306581453,2.0900492299024696,5.6363075730258325,1.080866247526339,0.008328557014465332,0.520594915632038,2.420369946780824e-122,0.5,1,1
1757356737.3950005,4.818117487474811,-3.489400890784375,-0.247,0.0,0.0,0.9634016863441343,-0.6977901697572944,2.007721266432407,5.574638995230377,0.9156916783755424,0.0101470947265625,0.5175909612919332,1.210184973390412e-122,0.5,1,1
1757356737.4153528,4.81645108950547,-3.4890426392215548,-0.2288,0.0,0.0,0.9634721191718646,-0.6978907996387821,1.9432489783229818,5.525717252891017,0.9182739571232765,0.00995326042175293,0.5152353164727347,6.05092486695206e-123,0.5,1,1
1757356737.427415,4.810172818506002,-3.4875888467279497,-0.2053,0.0,0.0,0.9631677612205743,-0.6978845439736888,1.9029450264918333,5.4850444627408885,1.2065013853147046,0.010098457336425781,0.5136234103549971,3.02546243347603e-123,0.5,1,1
1757356737.449073,4.806543643953197,-3.4869445486940873,-0.1885,0.0,0.0,0.9627081415703574,-0.6978036102357087,1.7662288980205194,5.401572750785177,1.446161598837258,0.005946636199951172,0.508602180866927,1.512731216738015e-123,0.5,1,1
1757356737.4646628,4.803011934542902,-3.4863872268977616,-0.173,0.0,0.0,0.962185855509393,-0.69776091466119,1.7917713964970763,5.40366984904918,0.7365744792454952,0.010797977447509766,0.5090553100494113,7.563656083690075e-124,0.5,1,1
1757356737.482641,4.806866303625572,-3.4873349674064893,-0.1543,0.0,0.0,0.962005330660314,-0.6977515313050079,1.7372120343469237,5.37040695155946,1.2319780800235505,0.007758498191833496,0.506697421948109,3.7818280418450374e-124,0.5,1,1
1757356737.5044115,4.807735877851543,-3.4874362718935785,-0.1412,0.0,0.0,0.9619156708070012,-0.6977605306752599,1.7313733578187713,5.361622093833636,0.7370596900378955,0.00890648365020752,0.5058836746211754,1.8909140209225187e-124,0.5,1,1
1757356737.519901,4.808857279101688,-3.4875476318069594,-0.1232,0.0,0.0,0.9619170367735486,-0.6977888655832076,1.7914791493799451,5.382813799194433,0.8317787456283816,0.01084136962890625,0.5070291868952664,9.454570104612593e-125,0.5,1,1
1757356737.5378833,4.808812906147845,-3.4875165860774473,-0.1091,0.0,0.0,0.9619143279033049,-0.6977762603043554,1.7559554733356428,5.358319174450646,0.9198818280235954,0.007664084434509277,0.505014619493541,4.727285052306297e-125,0.5,1,1
1757356737.555321,4.809194882942255,-3.4875502025822445,-0.0952,0.0,0.0,0.961932244213633,-0.6977794825166439,1.7716343927846794,5.359216057215261,0.7783353846483584,0.008932709693908691,0.5046102030042996,2.3636425261531484e-125,0.5,1,1
1757356737.5803888,4.809565859533464,-3.4875773658340927,-0.0811,0.0,0.0,0.9619949004793477,-0.6978281016529864,1.967903581210148,5.450647813364093,0.4829685116836141,0.014602303504943848,0.5097562342557429,1.1818212630765742e-125,0.5,1,1
1757356737.617628,4.8091922924179835,-3.487512644990842,-0.0622,0.0,0.0,0.9621015841157807,-0.697860977605278,2.2046412395445483,5.569235321447699,0.5699068720767257,0.01658499240875244,0.5162199652015754,5.909106315382871e-126,0.5,1,1
1757356737.6518545,4.809105832944996,-3.487510462591973,-0.0489,0.0,0.0,0.962244706996801,-0.6978592889165544,2.3928874822820703,5.672072581403936,0.4153111377060839,0.01601243019104004,0.5206345702064077,2.9545531576914354e-126,0.5,1,1
1757356737.6834002,4.809015850849518,-3.487509472094205,-0.0354,0.0,0.0,0.9624251622095243,-0.6978489486095931,2.618265278207174,5.805420271610896,0.37571984373220235,0.01796591281890869,0.5263050100464384,1.4772765788457177e-126,0.5,1,1
1757356737.7149584,4.809970510239518,-3.4875855605289066,-0.0218,0.0,0.0,0.9626094850135132,-0.6978110698513207,2.7327471620311923,5.872822329984925,0.43948989619842266,0.015510797500610352,0.5276830010393894,7.386382894228589e-127,0.5,1,1
1757356737.7478466,4.8103270722791684,-3.4875870487879945,-0.0176,0.0,0.0,0.9627909772159242,-0.6977751370514189,2.858437426636909,5.955973339798887,0.12869665773109423,0.016376137733459473,0.5299869974401741,3.6931914471142943e-127,0.5,1,1
1757356737.784804,4.81118783214722,-3.4875848360366097,-0.0105,0.0,0.0,0.9630331657939071,-0.6977411679182176,3.053980877557133,6.091283955942026,0.1863923128133429,0.019185304641723633,0.5353326975688915,1.8465957235571472e-127,0.5,1,1
1757356737.8133135,4.819496941330331,-3.4880568363549074,-0.0059,0.0,0.0,0.9636040119816206,-0.6977146077059454,3.0829353793547796,6.114552985011687,0.31632865193599674,0.015030503273010254,0.5344238082683299,9.232978617785736e-128,0.5,1,1
1757356737.8437536,4.825888077588085,-3.4880070489619444,0.0019,0.0,0.0,0.9643958831715367,-0.6976900810793818,3.1248005554894593,6.143541063608019,0.32465295457848375,0.015530586242675781,0.5346742257733704,4.616489308892868e-128,0.5,1,1
1757356737.8775785,4.831030316245495,-3.4879221748394937,0.0115,0.0,0.0,0.9652970379303918,-0.6976633182284819,3.204033115869742,6.198728048807864,0.3225671784059748,0.016881465911865234,0.5366887395849484,2.308244654446434e-128,0.5,1,1
1757356737.9137857,4.83023138278184,-3.487543841139739,0.0267,0.0,0.0,0.965884944777886,-0.6976140344693713,3.256117649167064,6.226044595202563,0.4635883113821593,0.01642155647277832,0.5377862443928858,1.154122327223217e-128,0.5,1,1
1757356737.9434779,4.831139745473289,-3.4875089720911276,0.0384,0.0,0.0,0.9663490665755634,-0.6975703418844694,3.29476039572441,6.247210953083355,0.36098399000768705,0.016254544258117676,0.5385432055186612,5.770611636116085e-129,0.5,1,1
1757356737.978709,4.832020795306339,-3.4874645452709836,0.0502,0.0,0.0,0.9667303020411798,-0.6975313454953138,3.33559262511896,6.270181208713508,0.3584416334168492,0.016506075859069824,0.5395394635522031,2.8853058180580424e-129,0.5,1,1
1757356738.0164437,4.83373043450437,-3.487369200095402,0.0559,0.0,0.0,0.9670977080948785,-0.6974927192854107,3.3746134820707234,6.297003781197046,0.17835275987034435,0.016685009002685547,0.5406190000949724,1.4426529090290212e-129,0.5,1,1
1757356738.0450242,4.834845802260349,-3.4872863541530967,0.0531,0.0,0.0,0.967426229254838,-0.6974546453048367,3.4207518979207876,6.33577620596423,0.08768575124030718,0.017192721366882324,0.5421801689308343,7.213264545145106e-130,0.5,1,1
1757356738.0793107,4.835928137548725,-3.4872077655607,0.0507,0.0,0.0,0.9676943242138893,-0.6974189005874217,3.428307311043827,6.344041985153604,0.08078044652666336,0.016303062438964844,0.5423457229168802,3.606632272572553e-130,0.5,1,1
1757356738.1207356,4.840858483038555,-3.4872096323920347,0.0484,0.0,0.0,0.9682036903708171,-0.6973887855474347,3.4852639428604717,6.394195007880365,0.15124728723328962,0.017985224723815918,0.5446847146144869,1.8033161362862765e-130,0.5,1,1
1757356738.1438208,4.845282977721237,-3.487017369971313,0.0413,0.0,0.0,0.9687556016657115,-0.6973568681660067,3.433336693628109,6.360604254800065,0.2798916983717239,0.014948606491088867,0.5426739394569565,9.016580681431383e-131,0.5,1,1
1757356738.173706,4.847455297688125,-3.4869363228961645,0.0361,0.0,0.0,0.9693193631701098,-0.69733075956835,3.448189911509152,6.377498101503989,0.16751337021603738,0.01682281494140625,0.5434437002945047,4.5082903407156913e-131,0.5,1,1
1757356738.2126539,4.860993730423557,-3.4871208330624817,0.0256,0.0,0.0,0.9705137539977757,-0.6973204778456621,3.4550737061884185,6.399238332364291,0.5110080976687728,0.01676487922668457,0.5439813823817594,2.2541451703578456e-131,0.5,1,1
1757356738.2400439,4.868183736877273,-3.4870830011086644,0.0189,0.0,0.0,0.9717814023926128,-0.6973116391608754,3.440263205972103,6.396546270364357,0.3034205696330526,0.016195178031921387,0.543659465130025,1.1270725851789228e-131,0.5,1,1
1757356738.2776134,4.875160044457299,-3.487106427733418,0.0087,0.0,0.0,0.9731134623775013,-0.6973075595271551,3.4369628288068568,6.405599482988181,0.3728018363297183,0.01657390594482422,0.5438395531073096,5.635362925894614e-132,0.5,1,1
1757356738.3106105,4.882085093998225,-3.4871195996156032,-0.0035,0.0,0.0,0.974477946413463,-0.6973060029659569,3.4294360700724518,6.412796911105035,0.42428518884425354,0.016531825065612793,0.543894930346569,2.817681462947307e-132,0.5,1,1
1757356738.3426967,4.887594081041806,-3.4872473293650574,-0.0071,0.0,0.0,0.9757840839547495,-0.6973129210385925,3.421471125946339,6.412317894267698,0.19894010944016383,0.016543149948120117,0.5439120417392964,1.4088407314736535e-132,0.5,1,1
1757356738.3781898,4.892938575255304,-3.4873952452480763,-0.0106,0.0,0.0,0.977047048352931,-0.6973265206897349,3.423569874841431,6.419747000169257,0.18912045027272484,0.01689469814300537,0.5443349453059205,7.044203657368268e-133,0.5,1,1
1757356738.4135685,4.907818287151349,-3.4881924914942446,-0.0183,0.0,0.0,0.9788634535300051,-0.6973781129860199,3.4577380537984084,6.462335210598719,0.4641686840540116,0.01806771755218506,0.5461684230171695,3.522101828684134e-133,0.5,1,1
1757356738.443782,4.921778609235186,-3.4887116147355264,-0.0325,0.0,0.0,0.9809125422805371,-0.6974459220110303,3.403832708272224,6.438304707793296,0.6407149522385381,0.015545010566711426,0.5444030964364841,1.761050914342067e-133,0.5,1,1
1757356738.8260882,4.9318810436461105,-3.4891942663007014,-0.037,0.0,0.0,0.98300848966599,-0.6975262343850934,3.378526715137238,6.427400833579939,0.3415206925233174,0.016206741333007812,0.5437243409842398,8.805254571710335e-134,0.5,1,1
1757356738.8634696,4.961150580359484,-3.4906737404482713,-0.0313,0.0,0.0,0.9917619119872138,-0.6974621913533632,7.431555194757186,11.395631505409598,0.08298338499995898,0.17989182472229004,0.8731535820827045,4.4026272858551673e-134,0.5,1,1
1757356738.8837647,4.9780704692886815,-3.4911874063357726,-0.0291,0.0,0.0,0.9929524476453344,-0.6977729278844098,6.115292270554436,9.505232334817695,0.45845530585070937,0.018616914749145508,0.737195204471494,2.2013136429275836e-134,0.5,1,1
1757356738.8979595,4.994486973186153,-3.491676066487544,-0.0316,0.0,0.0,0.9944447064559694,-0.6979187095100639,5.050623239788294,8.178462967412772,0.82407661452972,0.010079741477966309,0.6587253318326148,1.1006568214637918e-134,0.5,1,1
1757356738.9148264,5.008782839404177,-3.491905397230001,-0.0327,0.0,0.0,0.9964737498090149,-0.6980118725588229,4.235746696104975,7.301409001362411,1.0189598227034669,0.007036566734313965,0.6108031250830617,5.503284107318959e-135,0.5,1,1
1757356738.932174,5.02811601292334,-3.492350794205305,-0.0236,0.0,0.0,0.9992199884721684,-0.6981015921778757,3.663666565807776,6.760722452693474,1.2762481154890613,0.008373141288757324,0.5818189804227276,2.7516420536594796e-135,0.5,1,1
1757356738.9498937,5.0421138775651055,-3.4925429996108823,-0.0139,0.0,0.0,1.002122534886261,-0.6981932356952243,3.2355594593369634,6.3988901749325695,0.9893453720879807,0.00860738754272461,0.5613378634217223,1.3758210268297398e-135,0.5,1,1
1757356738.9698062,5.03828187005366,-3.4916074561535866,-0.0062,0.0,0.0,1.0040677369934703,-0.698224438537485,2.9099714300224715,6.140868893571612,0.4904481894290751,0.008820056915283203,0.546007066105527,6.879105134148699e-136,0.5,1,1
1757356738.9868705,5.041548310722098,-3.4915960567174236,-0.0026,0.0,0.0,1.0057005447568577,-0.6982609324203928,2.679280690786672,5.978088755611883,0.24564998514948114,0.009894251823425293,0.5352391366262901,3.4395525670743494e-136,0.5,1,1
1757356739.007768,5.044161185262788,-3.4915777080108943,-0.0015,0.0,0.0,1.0069331760329123,-0.698293700264005,2.4677561258975316,5.841345156446575,0.16631027440057378,0.008523344993591309,0.5261407732946037,1.7197762835371747e-136,0.5,1,1
1757356739.0355883,5.037022414534383,-3.4911585288826097,-0.0004,0.0,0.0,1.0074557683458571,-0.6983074452354642,2.3423833087917236,5.758197747155857,0.350130651668044,0.010332107543945312,0.5208692378668323,8.598881417685874e-137,0.5,1,1
1757356739.0514753,5.032547798762724,-3.491199485180925,0.0026,0.0,0.0,1.0076636426079149,-0.6983357286248202,2.3290049221729956,5.744081761154315,0.19447555887968135,0.013851046562194824,0.5202024371532519,4.299440708842937e-137,0.5,1,1
1757356739.069739,5.029178606041099,-3.4912419922468407,0.0059,0.0,0.0,1.0074226945582914,-0.6983384605910945,2.1818439785261936,5.656083560748937,0.29968788864624557,0.007868647575378418,0.5150786436922719,2.1497203544214684e-137,0.5,1,1
1757356739.086591,5.022618976612557,-3.491208929404513,0.0052,0.0,0.0,1.0068779860147088,-0.6983461162729075,2.0944518088686146,5.604280611335564,0.3637630956235002,0.009067654609680176,0.5122366248837557,1.0748601772107342e-137,0.5,1,1
1757356739.1071591,5.018362868592732,-3.4912461254495324,0.0028,0.0,0.0,1.0062017573757704,-0.6983524424512768,2.010072813480435,5.558617566218768,0.29100059038745757,0.008395671844482422,0.5095657290691593,5.374300886053671e-138,0.5,1,1
1757356739.122012,5.014233428282085,-3.491283486633152,0.0069,0.0,0.0,1.0054912894340244,-0.698367227982394,1.9927993249443725,5.544750126079366,0.2847707908048893,0.010217428207397461,0.5091367183949517,2.6871504430268355e-138,0.5,1,1
1757356739.1430106,5.014056760028304,-3.4914743695041843,0.018,0.0,0.0,1.0049033095365891,-0.6983768795029828,1.9115243815873948,5.499581964167511,0.750685949265613,0.007395267486572266,0.5063858004627574,1.3435752215134178e-138,0.5,1,1
1757356739.157589,5.01192571378655,-3.491539916335106,0.0381,0.0,0.0,1.0043802880944612,-0.6984003539839758,1.933262559144288,5.4989034629033124,0.9693841341713392,0.010425567626953125,0.5069245636959234,6.717876107567089e-139,0.5,1,1
1757356739.174735,5.010383871264242,-3.4916141648012604,0.0526,0.0,0.0,1.0038729709873262,-0.6984076413731872,1.8714709201458208,5.462057476045792,1.009325086737932,0.007223606109619141,0.5045194837973384,3.3589380537835444e-139,0.5,1,1
1757356739.1919353,5.011188222520987,-3.491688588126694,0.0653,0.0,0.0,1.0035450836117805,-0.6984225122984294,1.8626314550988903,5.452862425099929,0.7474381073222284,0.00851285457611084,0.5037897274545337,1.6794690268917722e-139,0.5,1,1
1757356739.2104583,5.011029801452541,-3.4916999138212392,0.0814,0.0,0.0,1.0032948151745142,-0.6984336164510373,1.8646450322140642,5.4463546021449645,0.9397397809863322,0.008566617965698242,0.5032737745559452,8.397345134458861e-140,0.5,1,1
1757356739.2261279,5.010915241363399,-3.491709806330187,0.0961,0.0,0.0,1.0031147291645768,-0.698443885020247,1.8919692113583988,5.451929434084676,0.8014213768445847,0.009171485900878906,0.5034150486417805,4.1986725672294305e-140,0.5,1,1
1757356739.2451992,5.000745932364977,-3.49257391003613,0.1204,0.0,0.0,1.0024231068295484,-0.698494110410083,1.8826779411984713,5.429768631637812,1.6920924752713797,0.00778806209564209,0.5023088893246161,2.0993362836147152e-140,0.5,1,1
1757356739.261334,4.99753869363685,-3.4930657479900833,0.1345,0.0,0.0,1.0017651825961493,-0.6985649466660473,1.9349359828919197,5.445034588011722,0.7608786978641063,0.00950777530670166,0.5029856361143351,1.0496681418073576e-140,0.5,1,1
1757356739.2836611,4.991338760311568,-3.4941648246908477,0.1667,0.0,0.0,1.0009852937276407,-0.6986819811033445,2.0210311452899936,5.466194861639739,1.5611582855607038,0.010508179664611816,0.5044621795260237,5.248340709036788e-141,0.5,1,1
1757356739.338917,4.992009047376447,-3.494353238240715,0.1927,0.0,0.0,1.0006471408895616,-0.6988081872994618,2.3673953578157336,5.628376814071401,0.6908078848123776,0.018825292587280273,0.5142357245953374,2.624170354518394e-141,0.5,1,1
1757356739.3734372,4.990002625088556,-3.49482610524598,0.2263,0.0,0.0,1.0006190066880638,-0.698920982122957,2.7835881686249055,5.849595040984729,0.7504070476961445,0.022429943084716797,0.5263555785171181,1.312085177259197e-141,0.5,1,1
1757356739.3989465,4.988560790737444,-3.4952118737245037,0.2499,0.0,0.0,1.0002956063866588,-0.6989744183635144,2.8083802219728335,5.849689681015325,0.9768196408923201,0.012104153633117676,0.5230199842976482,6.560425886295985e-142,0.5,1,1
1757356739.469239,4.981954484847582,-3.4968315794404434,0.2691,0.0,0.0,1.0000059801142362,-0.6991168960293883,3.122541295530339,6.0384207169750885,0.48351056173394646,0.021063923835754395,0.5313883996011306,3.2802129431479926e-142,0.5,1,1
1757356739.4789617,4.976516377984946,-3.4985888553019104,0.2881,0.0,0.0,0.9996427350184617,-0.6992870823704312,3.5611072066169167,6.340044565896743,0.3717096840781906,0.026688694953918457,0.5447179130885671,1.6401064715739963e-142,0.5,1,1
1757356739.4920945,4.972602344799358,-3.499933526090546,0.3026,0.0,0.0,0.9983268660100875,-0.699469368376503,3.224709403191134,6.082184991056821,1.572230745148865,0.004795432090759277,0.5291552251241257,8.200532357869981e-143,0.5,1,1
1757356739.514097,4.971828949106478,-3.5003866864389908,0.323,0.0,0.0,0.9975377916639815,-0.6996305556081552,3.1207152453119655,5.997055359836164,1.025447041286919,0.0099564790725708,0.5242802178268864,4.100266178934991e-143,0.5,1,1
1757356739.5406055,4.970071161815629,-3.5010253647458858,0.3368,0.0,0.0,0.9970815100898458,-0.699788200020979,3.2749777972008483,6.09242658881783,0.4045974325150077,0.017209887504577637,0.528729226987825,2.0501330894674953e-143,0.5,1,1
1757356739.5732431,4.968374948273709,-3.501669974442946,0.3507,0.0,0.0,0.9965856030328217,-0.6999245751872619,3.373355840335713,6.1514598618067025,0.4321387715107619,0.016219258308410645,0.5312074800654676,1.0250665447337477e-143,0.5,1,1
1757356739.6102288,4.97057528393412,-3.501068347897799,0.365,0.0,0.0,0.996329267884103,-0.6999829280093669,3.46512886813323,6.20877417992505,0.43983530671901894,0.016461610794067383,0.5336129880756401,5.1253327236687384e-144,0.5,1,1
1757356739.6411583,4.971037554313737,-3.5008742358220486,0.383,0.0,0.0,0.9961462865760197,-0.7000072090121653,3.551143329857835,6.2593494180373,0.5390994407176771,0.01670098304748535,0.5360197423771408,2.5626663618343692e-144,0.5,1,1
1757356739.6751757,4.971387583459665,-3.500720062046609,0.397,0.0,0.0,0.9960002535674497,-0.7000104197857709,3.6166759834793014,6.298215283153371,0.42463397558404764,0.016490936279296875,0.5379135307970843,1.2813331809171846e-144,0.5,1,1
1757356739.7103148,4.9711902462486615,-3.50077206771725,0.4107,0.0,0.0,0.9958594844433096,-0.7000111281425203,3.6726046242404298,6.330257232609001,0.41485598060113194,0.016513586044311523,0.5396906605942554,6.406665904585923e-145,0.5,1,1
1757356739.7421238,4.971252203167685,-3.500744360700005,0.4292,0.0,0.0,0.9957492506264727,-0.7000057027810128,3.735334430864396,6.364517568715033,0.5447146469368209,0.01698148250579834,0.541942206554396,3.2033329522929615e-145,0.5,1,1
1757356739.772614,4.971296685061729,-3.5007234856483156,0.4432,0.0,0.0,0.9956345291023941,-0.6999994004016196,3.76236611206183,6.37479509884935,0.43218236305828245,0.01619696617126465,0.5428842916731,1.6016664761464807e-145,0.5,1,1
1757356739.8049893,4.969443840020882,-3.5015055015917227,0.4585,0.0,0.0,0.9954390597115605,-0.7000371994333533,3.8002746747955203,6.391756369820277,0.463525617120947,0.01664590835571289,0.5443560524973423,8.008332380732404e-146,0.5,1,1
1757356739.8454921,4.968511883968419,-3.5019952853432668,0.4717,0.0,0.0,0.9952768686237027,-0.7000843234985192,3.9273889405019538,6.481527887708986,0.3366445975374561,0.019667506217956543,0.5499208555186037,4.004166190366202e-146,0.5,1,1
1757356739.878295,4.967279563291211,-3.502666864377168,0.4862,0.0,0.0,0.9949595184191379,-0.7001700404753473,3.841089022130448,6.401835565933684,0.5313230046912629,0.013708949089050293,0.546014267912821,2.002083095183101e-146,0.5,1,1
1757356739.9068959,4.970301949873329,-3.5013357050705105,0.4943,0.0,0.0,0.9949632111442867,-0.7001531932856164,3.8653573012737925,6.41578053940295,0.2628938772750429,0.01663672924041748,0.5469424572514865,1.0010415475915505e-146,0.5,1,1
1757356739.9437988,4.972222699724245,-3.5002423898019215,0.5001,0.0,0.0,0.9950636081078275,-0.7000779808475049,3.8807615063308853,6.423925432682489,0.18799450618252736,0.016507983207702637,0.5474895261430966,5.0052077379577523e-147,0.5,1,1
1757356739.9779353,4.973610011003366,-3.499444677762062,0.5004,0.0,0.0,0.9952127558704764,-0.6999761415016958,3.9027960315117074,6.441269862823734,0.048320862575042436,0.016847610473632812,0.5483758939576264,2.5026038689788762e-147,0.5,1,1
1757356740.0067794,4.98036112983043,-3.4962112612364757,0.4959,0.0,0.0,0.9956963909084035,-0.6997131002484024,3.914345366448162,6.456342657226244,0.261237053389075,0.016716599464416504,0.5488652556465609,1.2513019344894381e-147,0.5,1,1
1757356740.0434852,4.986280972673212,-3.4930181218596963,0.4884,0.0,0.0,0.9963719902292661,-0.6993363726328528,3.9045328293290362,6.456270378727157,0.3111845218392785,0.016186952590942383,0.548438046579355,6.256509672447191e-148,0.5,1,1
1757356740.079458,4.9905778626454165,-3.4907264259793322,0.487,0.0,0.0,0.9971144996819448,-0.6989274326021269,3.9105660926030072,6.4635401557049255,0.15186975289942403,0.01668226718902588,0.5487189003964741,3.1282548362235952e-148,0.5,1,1
1757356740.1066012,4.994310412004052,-3.4888351868221847,0.4856,0.0,0.0,0.9978644712107144,-0.6985189556386125,3.9176146239806573,6.471490406041636,0.13124652780343884,0.01680934429168701,0.5490686930864332,1.5641274181117976e-148,0.5,1,1
1757356740.1437135,4.9981176636181655,-3.4868959765781935,0.4831,0.0,0.0,0.9986133484871815,-0.698111538132784,3.9048574873231674,6.464636349689681,0.1520642806515061,0.016277074813842773,0.548533470521576,7.820637090558988e-149,0.5,1,1
1757356740.1789923,5.003022221678502,-3.484409783546751,0.4851,0.0,0.0,0.9994542112936193,-0.6976667834434026,3.925382123719758,6.481243791307617,0.16899622053073363,0.017311453819274902,0.5495009219356772,3.910318545279494e-149,0.5,1,1
1757356740.2076128,5.0012566217172525,-3.4848954244416115,0.492,0.0,0.0,0.9999319940671878,-0.6973802869725002,3.896106815092244,6.451853699474866,0.22528240955062032,0.015844225883483887,0.5481606958904088,1.955159272639747e-149,0.5,1,1
1757356740.2538764,5.001843797620672,-3.484579470744869,0.4996,0.0,0.0,1.000409755686437,-0.6971264657383225,4.047523917487929,6.567805530850106,0.17676749623365276,0.021579742431640625,0.5552584746057805,9.775796363198735e-150,0.5,1,1
1757356740.2784748,5.002267272138234,-3.4843476028590086,0.506,0.0,0.0,1.0006039172033605,-0.6969678591250014,3.9080225115266893,6.451311425691573,0.24483022093947665,0.01310741901397705,0.5487155047085108,4.887898181599368e-150,0.5,1,1
1757356740.3079286,5.000000513025124,-3.485452991861876,0.517,0.0,0.0,1.000677638089158,-0.6969178752717149,3.861274782673357,6.405397457522526,0.3714043210428413,0.015192866325378418,0.5464414453183837,2.443949090799684e-150,0.5,1,1
1757356740.3435643,4.9986318030534465,-3.486282943785426,0.5365,0.0,0.0,1.000680911510221,-0.696929076294431,3.8672038602714607,6.394875413827886,0.5918618937462463,0.016528844833374023,0.5463914557103895,1.221974545399842e-150,0.5,1,1
1757356740.3790057,4.997651952617655,-3.4869015153885123,0.5514,0.0,0.0,1.0006189113257196,-0.696974857498842,3.8728330100340056,6.387665616412677,0.45301279144739715,0.016495108604431152,0.5463086053433007,6.10987272699921e-151,0.5,1,1
1757356740.4079075,4.999794251629314,-3.485777040761717,0.5654,0.0,0.0,1.0006925388480419,-0.6969431294714694,3.8870872759890696,6.388993141205705,0.4239671081723374,0.01675546169281006,0.5465917706018057,3.054936363499605e-151,0.5,1,1
1757356740.4448795,5.000482800668231,-3.485310922073607,0.5788,0.0,0.0,1.0007839556441167,-0.6968913363197069,3.9159348352626187,6.401444672181671,0.38856874554483467,0.01727592945098877,0.5475317221583378,1.5274681817498023e-151,0.5,1,1
1757356740.4770432,5.001358893257526,-3.484696031904291,0.5968,0.0,0.0,1.000868642970947,-0.6968244486856701,3.9000672417465845,6.375846773796831,0.5665697516105687,0.01591312885284424,0.5464064358363966,7.637340908749012e-152,0.5,1,1
1757356740.508075,5.001582477318401,-3.484503397769555,0.6104,0.0,0.0,1.0009526497893075,-0.6967643008198918,3.911848015280769,6.374626621154007,0.40840316020198836,0.016654133796691895,0.5464854679752342,3.818670454374506e-152,0.5,1,1
1757356740.5433047,5.00211073105585,-3.4841115926531905,0.6287,0.0,0.0,1.001033932932312,-0.6966997524381717,3.918846860300593,6.366360387872112,0.5554935688055477,0.01648247241973877,0.5463021274970599,1.909335227187253e-152,0.5,1,1
1757356740.5766356,5.002488304503256,-3.483821388461674,0.6425,0.0,0.0,1.0011091270596468,-0.6966372084918782,3.9281802546065454,6.363117215094014,0.41758005516876845,0.016533613204956055,0.5462091056663527,9.546676135936265e-153,0.5,1,1
1757356740.608199,5.000499851848308,-3.4851580298737384,0.6563,0.0,0.0,1.0010452083253996,-0.6966700971204668,3.941604057259027,6.362241216644161,0.42042836414019924,0.016657352447509766,0.5462888549459112,4.7733380679681323e-153,0.5,1,1
1757356740.643299,4.999482411771794,-3.485991755600372,0.6739,0.0,0.0,1.0009327875222087,-0.6967438645904858,3.9545113565447547,6.358599517587097,0.5304596023154687,0.016635656356811523,0.546310080150395,2.3866690339840662e-153,0.5,1,1
1757356740.6725497,4.998716923363513,-3.4866405277276877,0.6879,0.0,0.0,1.0008006176155013,-0.6968365683629687,3.968154748240765,6.358227452149348,0.42101759014785933,0.016669034957885742,0.5463580657316098,1.1933345169920331e-153,0.5,1,1
1757356740.7095711,5.000670287086964,-3.4852413875599755,0.7017,0.0,0.0,1.0008076509351245,-0.6968245203620984,3.9780426619764864,6.355926280556548,0.42296973016707606,0.01655864715576172,0.546230927385668,5.966672584960166e-154,0.5,1,1
1757356740.7439048,5.001298725877912,-3.4846798203019933,0.7155,0.0,0.0,1.0008440937242415,-0.696784050843176,3.9914847000547073,6.355851087219919,0.4148192070541208,0.016664743423461914,0.5462564773337409,2.983336292480083e-154,0.5,1,1
1757356740.772588,5.002095224697327,-3.4839429704280196,0.7341,0.0,0.0,1.00091241277304,-0.6967117873421601,4.01291312298287,6.358419798053438,0.5506584145771107,0.01691758632659912,0.5466041782956534,1.4916681462400413e-154,0.5,1,1
1757356740.809892,5.001883649151162,-3.484056008833492,0.7487,0.0,0.0,1.0009351685503076,-0.6966694264087268,4.012375177344491,6.346769720381477,0.4493800128499385,0.016246795654296875,0.5459541105389054,7.458340731200207e-155,0.5,1,1
1757356740.866937,5.0020450247208705,-3.483899621404163,0.7625,0.0,0.0,1.0010798824758844,-0.6965823862807913,4.3699652878356545,6.621843324846428,0.24446294110041314,0.02822887897491455,0.562581233487916,3.7291703656001034e-155,0.5,1,1
1757356740.8834138,5.002199351469096,-3.4837456052826696,0.7763,0.0,0.0,1.000934337168305,-0.6965978382313408,4.005226586527998,6.321066654107326,1.0770576764848898,0.00640714168548584,0.5443556486082255,1.8645851828000517e-155,0.5,1,1
1757356740.910299,5.001312001255383,-3.484528021362954,0.7947,0.0,0.0,1.0009018359635682,-0.6966249868833947,3.9785278494561114,6.286783803567668,0.6083203185390168,0.015154838562011719,0.5426178533041286,9.322925914000258e-156,0.5,1,1
1757356740.9458997,5.0007771041615925,-3.485108069138379,0.8132,0.0,0.0,1.0008647807283524,-0.6966757104650704,4.0047368763107185,6.292453606989546,0.5574508422011744,0.016608476638793945,0.5431218774561238,4.661462957000129e-156,0.5,1,1
1757356740.972954,5.000521752727916,-3.4853932953243802,0.8226,0.0,0.0,1.0008152035965898,-0.6967294453154107,4.029690280520751,6.303834733903849,0.28243605614343686,0.01665472984313965,0.5436004004886418,2.3307314785000646e-156,0.5,1,1
1757356741.0108638,5.001271317345066,-3.484727555416001,0.8412,0.0,0.0,1.0008143168189116,-0.696730230060701,4.055871087492137,6.309812010201485,0.5565692296423566,0.016733765602111816,0.5440850444573605,1.1653657392500323e-156,0.5,1,1
1757356741.0444908,5.00158522897496,-3.484357601122931,0.8551,0.0,0.0,1.0008214521543783,-0.6967107894518958,4.072114983584972,6.311529231295359,0.4221091705964022,0.01647496223449707,0.5441187848499354,5.826828696250162e-157,0.5,1,1
1757356741.0727136,5.001980961772174,-3.4838744324258264,0.8739,0.0,0.0,1.0008472084079707,-0.6966680235443508,4.101501414347136,6.319684886984471,0.5566198744648857,0.016896963119506836,0.5446921421094695,2.913414348125081e-157,0.5,1,1
1757356741.1100705,5.001968989383493,-3.483840619230533,0.8878,0.0,0.0,1.0008522314455826,-0.6966377887383481,4.108587155994948,6.314420630525408,0.4276745308872547,0.01625072956085205,0.5442730818400181,1.4567071740625404e-157,0.5,1,1
1757356741.144947,5.002083303419063,-3.4836931109962896,0.9018,0.0,0.0,1.0008619530064795,-0.6966074157520372,4.127573578780375,6.318139524287686,0.42183596937293844,0.01659560203552246,0.5443836176105011,7.283535870312702e-158,0.5,1,1
1757356741.1730142,5.002192063208075,-3.4835483407689125,0.9157,0.0,0.0,1.0008716984097759,-0.6965770288362675,4.153416370832823,6.327166806135338,0.41238716789977026,0.016854524612426758,0.5447969988161108,3.641767935156351e-158,0.5,1,1
1757356741.2106843,5.002000803177852,-3.483749943036117,0.9341,0.0,0.0,1.0008587033450456,-0.6965689900965544,4.166201335468717,6.3229845443260215,0.5585272283451856,0.016473770141601562,0.5445977095140725,1.8208839675781755e-158,0.5,1,1
1757356741.2441328,5.00190740190812,-3.483883412502406,0.9524,0.0,0.0,1.0008403340143364,-0.6965723307120848,4.180433244825249,6.319985542519923,0.5549604836964215,0.016488313674926758,0.5444403839513381,9.104419837890877e-159,0.5,1,1
1757356741.2737794,5.001841353320209,-3.4839811413255157,0.9662,0.0,0.0,1.000819852650307,-0.6965816084336193,4.197203889334228,6.322164524065507,0.41640116494043955,0.01657116413116455,0.5444049128786399,4.552209918945439e-159,0.5,1,1
1757356741.310389,5.0018849240843535,-3.483937155518787,0.98,0.0,0.0,1.0008036932758457,-0.696586770772773,4.216669414140529,6.326415429587501,0.4137352678919928,0.016677498817443848,0.5444942289822643,2.2761049594727193e-159,0.5,1,1
1757356741.3442316,5.0018777334158795,-3.4839479322498383,0.9937,0.0,0.0,1.0007861783455132,-0.6965927266726374,4.232194216227268,6.327750526112037,0.41308654311134546,0.016582489013671875,0.5444144028293304,1.1380524797363597e-159,0.5,1,1
1757356741.373839,5.001868616373886,-3.4839618965709036,1.0122,0.0,0.0,1.000769253945742,-0.6965991269678224,4.249244805259774,6.326764761394605,0.5565891897186336,0.016619086265563965,0.5443748030347684,5.6902623986817984e-160,0.5,1,1
1757356741.411206,5.001500445955373,-3.4844870682344116,1.023,0.0,0.0,1.0007342828494323,-0.6966350673864945,4.275727260479654,6.338564931329907,0.31875506680157206,0.01697075366973877,0.544777364792112,2.8451311993408992e-160,0.5,1,1
1757356741.445864,5.00125376544778,-3.4849202389169682,1.0401,0.0,0.0,1.0006877960727785,-0.6966888178599882,4.29171187519084,6.3378493400274865,0.5124560172755392,0.01669144630432129,0.5446936380609677,1.4225655996704496e-160,0.5,1,1
1757356741.4741397,5.001003435535464,-3.4853794597538323,1.0586,0.0,0.0,1.0006364243200612,-0.6967564362355967,4.307950318095008,6.3362996553660125,0.5543499763245522,0.0166928768157959,0.5445999465363739,7.112827998352248e-161,0.5,1,1
1757356741.5109532,5.001683986011253,-3.4843369606636077,1.0727,0.0,0.0,1.0006299042111177,-0.6967471023887026,4.30312159985062,6.321804793500127,0.4422460994705821,0.01600337028503418,0.5436029698900331,3.556413999176124e-161,0.5,1,1
1757356741.543557,5.001985740441882,-3.4837433607794615,1.0912,0.0,0.0,1.000644896070068,-0.6967052844615831,4.319948194086657,6.320541039933755,0.5585118308672634,0.01657259464263916,0.5435409532354629,1.778206999588062e-161,0.5,1,1
1757356741.575508,5.0021967946556565,-3.4833098430323415,1.105,0.0,0.0,1.0006655204830697,-0.6966494146516545,4.347391966659429,6.330780420321177,0.40749972959301567,0.016942858695983887,0.5439402529919257,8.89103499794031e-162,0.5,1,1
1757356741.6106603,5.001900533766152,-3.483780482465885,1.1189,0.0,0.0,1.0006565506323755,-0.6966386961544762,4.357935003919047,6.328194587044559,0.4223792393244236,0.016467571258544922,0.543604666933587,4.445517498970155e-162,0.5,1,1
1757356741.6399376,5.001869538394769,-3.4838520107754656,1.1317,0.0,0.0,1.0006455840145108,-0.6966365789623371,4.365931364563373,6.324459591479268,0.39113013498392035,0.016363143920898438,0.5431832373256918,2.2227587494850775e-162,0.5,1,1
1757356741.6828203,5.001828545424081,-3.483951470057399,1.1503,0.0,0.0,1.000635155831293,-0.6966411688453296,4.388314106113411,6.327464325462118,0.554354085764948,0.016776561737060547,0.5433569402186917,1.1113793747425387e-162,0.5,1,1
1757356741.7142887,5.001736338483815,-3.4841411433486336,1.1641,0.0,0.0,1.0006241796741602,-0.696653178607373,4.459476181325509,6.371438525753906,0.3736310559928647,0.018469572067260742,0.545632881536171,5.556896873712694e-163,0.5,1,1
1757356741.7410252,5.001680647661893,-3.484278247564358,1.178,0.0,0.0,1.0005875029602138,-0.6966791093499034,4.405230503320811,6.319315096235208,0.47379774825112175,0.014669537544250488,0.5424807455144074,2.778448436856347e-163,0.5,1,1
1757356741.7941337,5.001628488361731,-3.4844120209538656,1.1918,0.0,0.0,1.0005941467821564,-0.6966913699617011,4.604059612795464,6.463136916835173,0.30377924756292696,0.022715091705322266,0.5504261212797906,1.3892242184281734e-163,0.5,1,1
1757356741.8167465,5.001648508705352,-3.484399982173701,1.211,0.0,0.0,1.000534751005879,-0.6967245637302792,4.399309357783863,6.290325421082068,0.9206875246951688,0.010426998138427734,0.5406660867243136,6.946121092140867e-164,0.5,1,1
1757356741.8398278,5.0016435526804,-3.4844133055470246,1.2249,0.0,0.0,1.0005366105819504,-0.6967385365800435,4.424942252727073,6.298970631143148,0.4170722110069938,0.016663789749145508,0.5410858138918231,3.4730605460704336e-164,0.5,1,1
1757356741.876272,5.001638866276136,-3.4844262775777417,1.2387,0.0,0.0,1.0005347360015655,-0.6967492677517381,4.466971460760653,6.3201924025858025,0.39938605984904724,0.017276525497436523,0.5421568393896481,1.7365302730352168e-164,0.5,1,1
1757356741.9135551,5.000927711410813,-3.486251601448358,1.2571,0.0,0.0,1.0004824393691576,-0.6968678523772187,4.460485686923656,6.3017782962060895,0.5852380818838028,0.015808939933776855,0.5411375811333456,8.682651365176084e-165,0.5,1,1
1757356741.9465754,5.000626142578127,-3.4872715270510213,1.2707,0.0,0.0,1.00043384947169,-0.6970128129529696,4.513187451875418,6.331542150973646,0.3866150045143804,0.01764225959777832,0.5425971628280528,4.341325682588042e-165,0.5,1,1
1757356742.2909682,5.000259747527783,-3.4885905744430934,1.2882,0.0,0.0,1.0003741511233093,-0.6971958376311551,4.639581923462993,6.416147387195922,0.4308427785142185,0.020371079444885254,0.5471557773828712,2.170662841294021e-165,0.5,1,1
1757356742.3171875,5.002110354771614,-3.483305901602066,1.3005,0.0,0.0,1.0005129459087057,-0.6968130066354005,8.201431158958314,10.505673717273462,0.04280842344714081,0.15784895420074463,0.8121231397333339,1.0853314206470105e-165,0.5,1,1
1757356742.3321261,5.002724951088524,-3.4808100702642064,1.3144,0.0,0.0,1.0005701046217688,-0.6965951446290714,7.0035245252202145,8.87864982327561,0.5434296173212717,0.013005971908569336,0.6990359516521133,5.426657103235053e-166,0.5,1,1
1757356742.3433642,5.003459395845243,-3.4775835246535403,1.3334,0.0,0.0,1.0005418911367623,-0.6962692963198207,6.055142133998657,7.749582731709552,1.2976878117324215,0.007430911064147949,0.6320624132257779,2.7133285516175262e-166,0.5,1,1
1757356742.3642476,5.006241218032822,-3.4676895241685637,1.3421,0.0,0.0,1.0006728576711228,-0.695469930742121,5.328435759515426,7.0014083991264116,1.2051556532414813,0.0055866241455078125,0.5907379592320667,1.3566642758087631e-166,0.5,1,1
1757356742.3823001,5.0076648122275875,-3.460953352679372,1.3494,0.0,0.0,1.000839543783478,-0.6945075211763119,4.888676548979783,6.597275762915942,0.4838151060994881,0.010370254516601562,0.5692598219225505,6.783321379043816e-167,0.5,1,1
1757356742.4033558,5.008983926816335,-3.454404665073619,1.3603,0.0,0.0,1.00108125853673,-0.6934497428652459,4.521466291298423,6.286868437840252,0.7106322453716131,0.0089949369430542,0.5525043091527382,3.391660689521908e-167,0.5,1,1
1757356742.4483302,5.0080611008978915,-3.455767340215146,1.3684,0.0,0.0,1.0012464909841527,-0.6927557632831198,4.271956802704125,6.093781608076595,0.3923275047515743,0.010533928871154785,0.541453122500262,1.695830344760954e-167,0.5,1,1
1757356742.494911,5.008163620383493,-3.455279315366981,1.3694,0.0,0.0,1.0014550017249082,-0.6921647134579906,4.354200487166521,6.150598253431224,0.02492035075031669,0.022420287132263184,0.5445636081599752,8.47915172380477e-168,0.5,1,1
1757356742.5158727,5.008294173364333,-3.4546507738984182,1.3716,0.0,0.0,1.0015990961391155,-0.6916843365286928,4.443197807395509,6.213302629261271,0.049319832544898516,0.023233532905578613,0.5489036160002889,4.239575861902385e-168,0.5,1,1
1757356742.5665872,5.0060818519491,-3.462892908830232,1.3693,0.0,0.0,1.0015249416751784,-0.6918786095846778,4.217134614633335,6.052404555730435,0.423953276408311,0.010423779487609863,0.5387373005373468,2.1197879309511924e-168,0.5,1,1
1757356742.5864635,5.005167333342522,-3.46740413010437,1.3638,0.0,0.0,1.0015179878274283,-0.6922157933326216,4.391726742599939,6.181619053568661,0.1418504350859943,0.025280117988586426,0.5469964816915451,1.0598939654755962e-168,0.5,1,1
1757356742.64957,5.004257943420079,-3.471776585903349,1.3588,0.0,0.0,1.001367473809123,-0.6927781751700156,4.166975189608627,6.025381165978884,0.33958697032496366,0.00987100601196289,0.536639959255467,5.299469827377981e-169,0.5,1,1
1757356742.6656606,4.99962023065818,-3.4888636934229367,1.3563,0.0,0.0,1.001126662334466,-0.6941242348937325,4.509559556424932,6.278842245347925,0.28394908532960256,0.0314861536026001,0.5533934968850354,2.6497349136889905e-169,0.5,1,1
1757356742.677092,4.997219504522882,-3.4992419917103987,1.3553,0.0,0.0,1.000674377994418,-0.6957457121970074,4.218556861730667,6.069798190306058,0.6736363806060899,0.007941365242004395,0.5388008008332665,1.3248674568444952e-169,0.5,1,1
1757356742.695124,4.9948670418370495,-3.509306083628034,1.3523,0.0,0.0,1.0002298312188853,-0.6974615151594177,3.9292944693747573,5.881064951793299,0.9519778003037292,0.005652427673339844,0.5265156089762665,6.624337284222476e-170,0.5,1,1
1757356742.7128253,4.9927352417651685,-3.5196177610526287,1.3519,0.0,0.0,0.9998192808927702,-0.6992658720591637,3.778959519820715,5.790781259423222,0.5887327102742748,0.0089491605758667,0.5207788822536912,3.312168642111238e-170,0.5,1,1
1757356742.7368696,4.990943547361423,-3.527563490075118,1.3558,0.0,0.0,0.9994244049756418,-0.701003839800604,3.656212256698585,5.718142066523955,0.5137294784012462,0.008789420127868652,0.5163538658984128,1.656084321055619e-170,0.5,1,1
1757356742.7531428,4.988680375369949,-3.537800687153872,1.3608,0.0,0.0,0.999029373312387,-0.7028287806465888,3.643817873042951,5.710694675673191,0.4854943238636942,0.011962652206420898,0.5159555684870778,8.280421605278095e-171,0.5,1,1
1757356742.771412,4.989619110589829,-3.5361350488158885,1.3615,0.0,0.0,0.9987681073421444,-0.7040515886806463,3.5363226551863702,5.649592061493692,0.1256013972469485,0.008105278015136719,0.5121743970552601,4.140210802639048e-171,0.5,1,1
1757356742.789407,4.989151510461213,-3.5383721268440675,1.3613,0.0,0.0,0.9985576627201644,-0.7050589364382729,3.476906493113294,5.617913892526913,0.12698818230045092,0.009032964706420898,0.5101257838962497,2.070105401319524e-171,0.5,1,1
1757356742.8047934,4.988664194920235,-3.5406995964999566,1.3604,0.0,0.0,0.9983755597329507,-0.7059147716958318,3.4294819371006406,5.593756186599414,0.14238748597322712,0.008928298950195312,0.5084662359623064,1.035052700659762e-171,0.5,1,1
1757356742.8229136,4.9908478202856985,-3.533485985693617,1.3572,0.0,0.0,0.9983585813016062,-0.7061404739748,3.3573889553564373,5.556019642393144,0.53678074043755,0.007627010345458984,0.506047423202995,5.17526350329881e-172,0.5,1,1
1757356742.860118,4.991966212960043,-3.528382687989957,1.3528,0.0,0.0,0.9984166388560582,-0.7060263814136292,3.3409730108207674,5.547781751174935,0.3794894928332015,0.008999466896057129,0.5053634447150526,2.587631751649405e-172,0.5,1,1
1757356742.8839526,4.992814674889714,-3.5245787074758463,1.3499,0.0,0.0,0.9985577399231269,-0.705747321746009,3.615624719218763,5.692596839406904,0.13076998439513224,0.01857459545135498,0.5140949091354796,1.2938158758247024e-172,0.5,1,1
1757356742.9065585,4.9925421906307,-3.5246441724915876,1.3499,0.0,0.0,0.9986002998908229,-0.7055570398114279,3.6511936899031565,5.712210245762752,0.011851572312076373,0.011822819709777832,0.514368881210363,6.469079379123512e-173,0.5,1,1
1757356742.9229944,4.992753608432936,-3.5237302070507224,1.3492,0.0,0.0,0.9986384728117149,-0.7053684770342288,3.6688612117705404,5.7221093077749945,0.05202192707106434,0.011249899864196777,0.5140354285432985,3.234539689561756e-173,0.5,1,1
1757356742.9438138,4.992960319661613,-3.5228438293849065,1.3458,0.0,0.0,0.9986626491047095,-0.7051744727656653,3.5931553034477943,5.681009570831052,0.21569731201103728,0.00815892219543457,0.5107403016805876,1.617269844780878e-173,0.5,1,1
1757356742.9605062,4.994781645376592,-3.5164269640003876,1.3416,0.0,0.0,0.9987955847144601,-0.7046856391622083,3.600522842841124,5.685270024059816,0.3825188901678226,0.010303378105163574,0.5104161887379336,8.08634922390439e-174,0.5,1,1
1757356742.9774947,4.996101813417093,-3.5109154657220243,1.3336,0.0,0.0,0.9989564806807089,-0.704024628374014,3.547023632090938,5.658228271882559,0.5903719736108202,0.008303284645080566,0.5082731766304242,4.043174611952195e-174,0.5,1,1
1757356742.996009,4.997088711612746,-3.5069335156836297,1.326,0.0,0.0,0.9991301339323337,-0.7033242622533804,3.5091239446841676,5.640394504618961,0.5128885357792886,0.008419513702392578,0.5067830619366595,2.0215873059760975e-174,0.5,1,1
1757356743.0146792,4.997406930324808,-3.505214345420446,1.3228,0.0,0.0,0.9992990760810908,-0.7027254434366874,3.6267334019655446,5.706249381376989,0.1417556441250998,0.012861847877502441,0.5099031177645138,1.0107936529880487e-174,0.5,1,1
1757356743.0531397,4.997954322133439,-3.503137738045227,1.3244,0.0,0.0,0.9994604489813754,-0.7021838218788783,3.8017385027310238,5.80653290011147,0.08921230929798886,0.015009403228759766,0.5147924681130931,5.053968264940244e-175,0.5,1,1
1757356743.1038802,4.998485954938113,-3.5011230188550377,1.3225,0.0,0.0,0.9996363827968,-0.7016988738629213,4.214387545496532,6.072251944915197,0.061386061723952286,0.022968411445617676,0.52830130910792,2.526984132470122e-175,0.5,1,1
1757356743.1187172,5.00158960190806,-3.49071221077232,1.3148,0.0,0.0,0.999868123598531,-0.7007459891456743,4.196710027305724,6.0627187585905356,0.5503768757198122,0.012096881866455078,0.5255400793033017,1.263492066235061e-175,0.5,1,1
1757356743.159602,5.002655240408146,-3.4867463574672772,1.3106,0.0,0.0,1.0001097883963177,-0.6998234057739766,4.333595175421504,6.159951761484483,0.17669840458299743,0.01662147045135498,0.5293136748830394,6.317460331175305e-176,0.5,1,1
1757356743.176731,5.004765036459511,-3.4790603250339944,1.3056,0.0,0.0,1.0003828237016308,-0.698699636589923,4.365866506750867,6.184658679442428,0.3313897591422188,0.014196038246154785,0.5294364366003997,3.1587301655876523e-176,0.5,1,1
1757356743.2105203,5.010374038820535,-3.4608388693648933,1.3078,0.0,0.0,1.0008965268425354,-0.6968149065155937,4.474601390971122,6.258128118430826,0.5766680082059552,0.016640186309814453,0.5327670492458089,1.5793650827938261e-176,0.5,1,1
1757356743.253031,5.014443136915999,-3.445705855872773,1.3086,0.0,0.0,1.0014795015664015,-0.6945340748288291,4.561665147970673,6.319148478356163,0.47273718707002405,0.016595840454101562,0.5353875063015847,7.896825413969131e-177,0.5,1,1
1757356743.348863,5.016671004756088,-3.437410175163024,1.3082,0.0,0.0,1.0020187912869818,-0.6922884707648321,4.824036532920724,6.522816713045599,0.1911408328136322,0.022493720054626465,0.5452957505984523,3.9484127069845653e-177,0.5,1,1
1757356743.3567588,5.02046904689545,-3.4217549522638633,1.3128,0.0,0.0,1.0025484948150603,-0.6894193139962796,5.440932702386076,7.048276063912903,0.23562929852955397,0.03554999828338623,0.5723172507497969,1.9742063534922827e-177,0.5,1,1
1757356743.3734717,5.0227545783261975,-3.41264576251993,1.3211,0.0,0.0,1.0030671469718841,-0.6873186828789656,4.913097755383488,6.582962101975611,1.6189740275851403,0.003870844841003418,0.5473881812746006,9.871031767461413e-178,0.5,1,1
1757356743.3897183,5.02490234879002,-3.4037884966497542,1.3282,0.0,0.0,1.0035691114172387,-0.6852641150200934,4.633373235050575,6.353488343852961,0.696614564857266,0.008292317390441895,0.5364782907497033,4.935515883730707e-178,0.5,1,1
1757356743.415558,5.024549198141803,-3.40293774337453,1.3352,0.0,0.0,1.0039408872009858,-0.683645073890576,4.558705185820702,6.291297512979399,0.2727345131165897,0.012943625450134277,0.5339630801087107,2.4677579418653533e-178,0.5,1,1
1757356743.4440007,5.025136606718636,-3.400329619908068,1.3443,0.0,0.0,1.0042579322247394,-0.6822437855126876,4.6110591628694735,6.323844620078624,0.2893117513013646,0.016391634941101074,0.5360766463110423,1.2338789709326767e-178,0.5,1,1
1757356743.4835057,5.0256801043120145,-3.397793315109514,1.3569,0.0,0.0,1.0045112736906363,-0.6810676380191057,4.667186135340165,6.357115256806789,0.3834804175065002,0.016772985458374023,0.5382597079695146,6.169394854663383e-179,0.5,1,1
1757356743.5211272,5.028323958064963,-3.386757555052874,1.3679,0.0,0.0,1.0048309152445127,-0.6795302494551436,4.756864203955825,6.416013692615012,0.43554283340888067,0.018143296241760254,0.541708405788745,3.084697427331692e-179,0.5,1,1
1757356743.5647452,5.0301914353300345,-3.3763418741542353,1.3781,0.0,0.0,1.0051509011212445,-0.677889537226517,4.728754789735573,6.3835070335339985,0.49011670093617254,0.014993786811828613,0.5403863955501312,1.542348713665846e-179,0.5,1,1
1757356743.5958757,5.031468087974409,-3.3687463102874986,1.3882,0.0,0.0,1.0054566017172042,-0.676123464051708,4.853101775535588,6.472329771178718,0.32376762248491875,0.01961541175842285,0.5452395487694848,7.71174356832923e-180,0.5,1,1
1757356743.8761203,5.029510901168788,-3.376001544168216,1.4045,0.0,0.0,1.0055504837975913,-0.6752868483474761,4.958738250488676,6.547910419203256,0.4521889314961436,0.019846558570861816,0.5494085175889134,3.855871784164615e-180,0.5,1,1
1757356743.9347758,5.029313977514482,-3.3775423756980243,1.4181,0.0,0.0,1.0053248456549582,-0.6724426669276481,8.259270818791535,10.329387058054223,0.04895480316136038,0.13980674743652344,0.7886814124262593,1.9279358920823073e-180,0.5,1,1
1757356743.9462736,5.02913606858112,-3.379148855057759,1.4366,0.0,0.0,1.0055400558954763,-0.6740119288411304,7.327549811980006,9.086326018696399,0.4291258542410385,0.021637558937072754,0.6926552598219822,9.639679460411536e-181,0.5,1,1
1757356743.9596705,5.027855186142447,-3.388300874459036,1.4623,0.0,0.0,1.0055232585623401,-0.6752113523395531,6.305472689453218,7.849035828634635,2.43243348933711,0.005613923072814941,0.628707370013051,4.819839730205768e-181,0.5,1,1
1757356743.9727285,5.027470546857177,-3.3935070025826914,1.4775,0.0,0.0,1.005455950009675,-0.6762129786929494,5.590303379027192,7.09949188816782,1.2100991782768638,0.0066405534744262695,0.5913674199730536,2.409919865102884e-181,0.5,1,1
1757356743.9888234,5.027182111578593,-3.398564013742304,1.4936,0.0,0.0,1.005406276762671,-0.6771152388697158,5.049980485227663,6.595923517364306,1.3067657736054672,0.006457924842834473,0.5663054349605783,1.204959932551442e-181,0.5,1,1
1757356744.005975,5.027542779437674,-3.397915675790437,1.5138,0.0,0.0,1.0054107498753775,-0.6776641210100014,4.671939112404257,6.271898249380011,1.2682243522551795,0.007969260215759277,0.549792349911594,6.02479966275721e-182,0.5,1,1
1757356744.0232458,5.027495214565652,-3.3997263632872152,1.5411,0.0,0.0,1.0054378357363594,-0.67814556399627,4.393355429024484,6.046361974592054,1.6066678806806374,0.00851452350616455,0.5377135316228079,3.012399831378605e-182,0.5,1,1
1757356744.0408528,5.02749288339548,-3.4009741605718578,1.5602,0.0,0.0,1.0054782325435718,-0.6785719604696678,4.1779835896971385,5.886795326187149,1.1165783182146511,0.008571147918701172,0.528548897165414,1.5061999156893026e-182,0.5,1,1
1757356744.058996,5.0277030781034275,-3.3977313518488597,1.5804,0.0,0.0,1.0055348621963343,-0.6787137919594359,4.015502891236846,5.769104227962178,1.1679065534671704,0.008759140968322754,0.5218380449564642,7.530999578446513e-183,0.5,1,1
1757356744.0763106,5.027610153232632,-3.395858704960364,1.6072,0.0,0.0,1.0055830260086698,-0.6787244590891026,3.8985734533934937,5.682093513580446,1.487159845891761,0.009032487869262695,0.5171287233962812,3.7654997892232564e-183,0.5,1,1
1757356744.0921814,5.027509501219124,-3.3945050026001686,1.6269,0.0,0.0,1.0056161406737008,-0.6786756202123605,3.797677259068009,5.612798154226727,1.1551102308994505,0.008547544479370117,0.5133305050294585,1.8827498946116282e-183,0.5,1,1
1757356744.113383,5.027254029617807,-3.390592514586188,1.6529,0.0,0.0,1.0056260975009974,-0.6784433540362255,3.705095903071549,5.54684464827653,1.6685563595557946,0.007879257202148438,0.5100009261229415,9.413749473058141e-184,0.5,1,1
1757356744.1316717,5.026979806771636,-3.388320652879095,1.6722,0.0,0.0,1.0056406385368633,-0.6781361060643519,3.7104738851369867,5.537815887037616,0.9195696307339792,0.010567545890808105,0.5097700062795802,4.706874736529071e-184,0.5,1,1
1757356744.1487339,5.0266693946006,-3.386122120964692,1.6906,0.0,0.0,1.0056214402465817,-0.6778047506885211,3.6828121714220527,5.512620599932415,1.0183008628078225,0.009100198745727539,0.508479863497064,2.3534373682645353e-184,0.5,1,1
1757356744.1686308,5.026555210726898,-3.38616044535273,1.7042,0.0,0.0,1.00559597473551,-0.6775751663982661,3.648009759479775,5.488081257831128,0.8071535688632038,0.008424997329711914,0.5069125021928622,1.1767186841322676e-184,0.5,1,1
1757356744.1838226,5.026367313188827,-3.3850008250797856,1.7122,0.0,0.0,1.0055771717166597,-0.6773369213887847,3.6687424364091847,5.493294171883037,0.408512120795341,0.009896636009216309,0.5070094165182499,5.883593420661338e-185,0.5,1,1
1757356744.2118669,5.026226685066244,-3.3841619729180175,1.7109,0.0,0.0,1.005536742386071,-0.6771352397329096,3.6202942615884117,5.469336467719338,0.10360074196481592,0.007497668266296387,0.5049560753338916,2.941796710330669e-185,0.5,1,1
1757356744.2478979,5.02658562957551,-3.3883853288867902,1.7054,0.0,0.0,1.0055721403953255,-0.6771731932073739,3.7816158149650025,5.555032384650996,0.2482032729237238,0.013988018035888672,0.5093739283779769,1.4708983551653345e-185,0.5,1,1
1757356744.2757392,5.02685506191666,-3.390286003858445,1.7028,0.0,0.0,1.0056366694880325,-0.677212877266842,4.114202560584045,5.742422192531552,0.0800172312340198,0.02019500732421875,0.5198447113319757,7.354491775826673e-186,0.5,1,1
1757356744.2861006,5.02723327583399,-3.393007945247596,1.6991,0.0,0.0,1.0056304328758383,-0.6774378385953714,4.131094255539317,5.755768305981516,0.1988883403803021,0.011586666107177734,0.5182307567189716,3.6772458879133364e-186,0.5,1,1
1757356744.3136237,5.027394423054912,-3.3937083046431455,1.6991,0.0,0.0,1.0056393012277245,-0.6776249763164559,4.1927303192677075,5.792946444717531,0.027739682273143402,0.012953639030456543,0.5186973524765749,1.8386229439566682e-186,0.5,1,1
1757356744.3460865,5.027502224839104,-3.3945880357740736,1.7039,0.0,0.0,1.0056550977576606,-0.677777698381031,4.326004751589529,5.873102222732812,0.15864388830725398,0.01538395881652832,0.5218119702391391,9.193114719783341e-187,0.5,1,1
1757356744.3765538,5.027609362988089,-3.395441291030341,1.7055,0.0,0.0,1.0056629068562914,-0.6779135140685119,4.487145984715518,5.977261009084525,0.053897825616431444,0.016850948333740234,0.525884734131245,4.5965573598916705e-187,0.5,1,1
1757356744.4129212,5.0276930012440095,-3.3957718622823077,1.7072,0.0,0.0,1.005657595756387,-0.6780100492883576,4.677060398156258,6.106509160292968,0.046713977617651614,0.018558263778686523,0.5310179124656014,2.2982786799458352e-187,0.5,1,1
1757356744.4449449,5.027781296566149,-3.396369379720437,1.7197,0.0,0.0,1.0056332844950622,-0.6781770071161622,4.705286928860794,6.118090821134956,0.43357208982307915,0.014431953430175781,0.5301667272410557,1.1491393399729176e-187,0.5,1,1
1757356744.4775705,5.027853485056837,-3.3968177328089286,1.7343,0.0,0.0,1.0056170662567196,-0.6782961472032104,4.825315980506127,6.194324170076212,0.4207716388068445,0.017357468605041504,0.5332446209486902,5.745696699864588e-188,0.5,1,1
1757356744.510239,5.027781065453802,-3.396005486864427,1.7486,0.0,0.0,1.0055880103475756,-0.678366492382873,4.873888884637851,6.219260620833614,0.4557529847859138,0.015713810920715332,0.5338388706486644,2.872848349932294e-188,0.5,1,1
1757356744.543686,5.027680541242227,-3.395531129071677,1.766,0.0,0.0,1.0055549274264957,-0.6783868309925677,4.948375506434922,6.261685744462033,0.5209177141038183,0.016707777976989746,0.5357248222196878,1.436424174966147e-188,0.5,1,1
1757356744.5818791,5.02760139486826,-3.395185502769343,1.779,0.0,0.0,1.0055129025818348,-0.6783603721132434,5.105235488863333,6.3713477193962325,0.3300611128763841,0.01970064640045166,0.5411318113479113,7.182120874830735e-189,0.5,1,1
1757356744.6156373,5.027164617051799,-3.3929678307098974,1.7977,0.0,0.0,1.0054549286803074,-0.6782914144831858,5.034249120716697,6.301888693457383,0.703536632898308,0.013386726379394531,0.5377163423610386,3.5910604374153675e-189,0.5,1,1
1757356744.6433408,5.026869824782748,-3.3918365868476186,1.8139,0.0,0.0,1.005395355886126,-0.6781397326048892,5.086914414701486,6.329370967637178,0.4841648032958326,0.016773343086242676,0.5394515096367647,1.7955302187076838e-189,0.5,1,1
1757356744.6816773,5.026541252399057,-3.390665433436695,1.8347,0.0,0.0,1.0053191071653222,-0.6779347798513924,5.241783310958049,6.433763996289734,0.5138687315266782,0.020273208618164062,0.5455473810609766,8.977651093538419e-190,0.5,1,1
1757356744.7138045,5.024855490004754,-3.3837728789789856,1.8534,0.0,0.0,1.0051715722401744,-0.6774546812925553,5.185659228137735,6.371655909725596,0.6906303667682517,0.014480233192443848,0.5430267407649173,4.4888255467692094e-190,0.5,1,1
1757356744.7430277,5.022839141770769,-3.377598876888222,1.87,0.0,0.0,1.004951683280476,-0.6767286403975824,5.1952350150973325,6.362825958535141,0.5518651720522849,0.01615011692047119,0.5432830694461699,2.2444127733846047e-190,0.5,1,1
1757356744.7772825,5.0213091817988955,-3.3731521639368816,1.8824,0.0,0.0,1.0047079017016438,-0.6759575083497589,5.176766899321759,6.3364533227195485,0.43451352444008995,0.015260457992553711,0.542339313968736,1.1222063866923024e-190,0.5,1,1
1757356744.807372,5.021073762196216,-3.373225920510633,1.8922,0.0,0.0,1.0045135604861288,-0.675386440888657,5.210796635291768,6.355441493612577,0.2921646052974111,0.016776680946350098,0.5435407371460943,5.611031933461512e-191,0.5,1,1
1757356744.843056,5.020362097421742,-3.3711951235737594,1.896,0.0,0.0,1.0043292455216342,-0.6748640759313171,5.229562253484721,6.365851349412615,0.1323550588878173,0.016497254371643066,0.5441896816257633,2.805515966730756e-191,0.5,1,1
1757356744.8774812,5.0198640394041,-3.369798887851658,1.9017,0.0,0.0,1.004164537880262,-0.674407938529809,5.2495150886458815,6.376260394762446,0.1769327909487113,0.016643643379211426,0.5449263275037403,1.402757983365378e-191,0.5,1,1
1757356744.90673,5.018315850107169,-3.3649459517319653,1.9119,0.0,0.0,1.0039538219576538,-0.6737968163769483,5.277010597545771,6.387170856717359,0.33559443892566926,0.016986608505249023,0.5460037817140384,7.01378991682689e-192,0.5,1,1
1757356744.9472356,5.017082791283294,-3.36166417520528,1.9223,0.0,0.0,1.0037156241141967,-0.6731367149645158,5.380176172079718,6.459382933594908,0.27989724580410036,0.019605398178100586,0.5505700073884126,3.506894958413445e-192,0.5,1,1
1757356744.9825878,5.015438752074274,-3.3574614461853054,1.9378,0.0,0.0,1.0034678632652592,-0.6725093948635145,5.270703708898923,6.35823397855013,0.6045693517766102,0.01335132122039795,0.5456260739066892,1.7534474792067224e-192,0.5,1,1
1757356745.0071874,5.015942555132123,-3.3594730327167497,1.9453,0.0,0.0,1.003310855597297,-0.6721139525220857,5.297889447755821,6.375130413739857,0.2282620123573302,0.017044901847839355,0.5465579672241185,8.767237396033612e-193,0.5,1,1
1757356745.0443327,5.015852159313016,-3.35923766360533,1.9507,0.0,0.0,1.00319267749574,-0.6718299857900205,5.299000857869599,6.371735367550713,0.1651438207952751,0.016367197036743164,0.5464129263231852,4.383618698016806e-193,0.5,1,1
1757356745.0780046,5.015786169777184,-3.3590674207015345,1.9512,0.0,0.0,1.0031041103766352,-0.6716179496383899,5.300717422931426,6.372493386691062,0.016218956821734312,0.016409635543823242,0.5463208608600028,2.191809349008403e-193,0.5,1,1
1757356745.1390426,5.018959346302551,-3.3681605229568263,1.945,0.0,0.0,1.0032226466215772,-0.671992659203118,5.303811947600245,6.385306817101343,0.34672451846124336,0.01651740074157715,0.5463646013986072,1.0959046745042015e-193,0.5,1,1
1757356745.3108897,5.020915672597919,-3.373067790793649,1.9383,0.0,0.0,1.0031921676852884,-0.6719867873980674,7.287388539120484,8.328624260323892,0.049467615246373414,0.08624029159545898,0.6741764872673812,5.479523372521008e-194,0.5,1,1
1757356745.3193254,5.023395298831842,-3.379399801339424,1.9331,0.0,0.0,1.003606935643052,-0.6733225090600891,6.845343698411757,7.86009102171037,0.21846454329897513,0.0195925235748291,0.629016734746427,2.739761686260504e-194,0.5,1,1
1757356745.3342197,5.02450229334306,-3.382666165910446,1.9307,0.0,0.0,1.0039788863791088,-0.6742510491365094,6.099852943520819,7.111976652492689,0.50489478854091,0.0041610002517700195,0.5860298578249866,1.369880843130252e-194,0.5,1,1
1757356745.3529122,5.026527564442832,-3.388331216667345,1.9203,0.0,0.0,1.004336238689826,-0.6751856947314755,5.612440295058701,6.684284160277134,0.8101338710690955,0.007415294647216797,0.5634065784130302,6.84940421565126e-195,0.5,1,1
1757356745.37136,5.028477472315905,-3.3940544348185706,1.8992,0.0,0.0,1.0047015933759411,-0.6761384407932378,5.278423892620463,6.427115363889755,1.1763860056071267,0.009329080581665039,0.5497121249663799,3.42470210782563e-195,0.5,1,1
1757356745.394516,5.028607853025483,-3.3940085204378594,1.8803,0.0,0.0,1.0049757488022024,-0.6768153580376878,5.006989110384401,6.230537130993724,1.0288570650774442,0.009185194969177246,0.5389154447447619,1.712351053912815e-195,0.5,1,1
1757356745.406749,5.029195879485901,-3.3960684105018557,1.8576,0.0,0.0,1.0052080218124173,-0.6774044136522809,4.852729809587392,6.133755412142911,0.9858230804362693,0.011564373970031738,0.5329029070799733,8.561755269564074e-196,0.5,1,1
1757356745.4239166,5.0296017765883905,-3.3976141589295965,1.8396,0.0,0.0,1.005402239319075,-0.677952007184627,4.573775750964966,5.953008584122734,1.4954612195001256,0.006041884422302246,0.5229142000587568,4.280877634782037e-196,0.5,1,1
1757356745.455859,5.029798524623488,-3.3982606393429715,1.8234,0.0,0.0,1.0055592128121207,-0.6783314423513744,4.6587976824438915,6.020297989288538,0.474367959461076,0.017090201377868652,0.5251101605046906,2.1404388173910186e-196,0.5,1,1
1757356745.468263,5.030065872054497,-3.3994399096546126,1.8073,0.0,0.0,1.0056831354406188,-0.6787279167626382,4.450398816568659,5.892490495941836,1.107705753744067,0.007287740707397461,0.5184558855047481,1.0702194086955093e-196,0.5,1,1
1757356745.4852664,5.030251356202815,-3.400315635031136,1.7977,0.0,0.0,1.0057857573622377,-0.6790698302340669,4.246783750664632,5.771575286531782,0.7851052448510403,0.006140351295471191,0.512360191545167,5.351097043477547e-197,0.5,1,1
1757356745.51525,5.029013955805144,-3.3929012274680166,1.795,0.0,0.0,1.0058046370231764,-0.6788704941814315,4.353684245941766,5.833710288584832,0.26006104857969375,0.015356302261352539,0.515374646674786,2.6755485217387732e-197,0.5,1,1
1757356745.5612822,5.028108082255094,-3.3886774801716704,1.8009,0.0,0.0,1.0057722039808819,-0.678439723645202,4.701318118731601,6.056410990201752,0.15287896440340606,0.023915529251098633,0.5275194042419717,1.3377742608693866e-197,0.5,1,1
1757356745.5839696,5.02691289136769,-3.383246716871644,1.8056,0.0,0.0,1.0056667671460848,-0.6778812590425811,4.555097640318545,5.950779659592972,0.3927813340647149,0.009268403053283691,0.5221603857167444,6.688871304346933e-198,0.5,1,1
1757356745.6138492,5.025931514589624,-3.379526308769962,1.8018,0.0,0.0,1.0055421392910058,-0.6772060665388202,4.710523135306256,6.056701190374683,0.14719427295818133,0.018369674682617188,0.527695968132634,3.3444356521734666e-198,0.5,1,1
1757356745.6427946,5.024750294692521,-3.374633086803747,1.7982,0.0,0.0,1.0053818778629948,-0.6764418565325868,4.759204037231358,6.0905387512263705,0.19720502615496244,0.01569080352783203,0.5292314529312818,1.6722178260867333e-198,0.5,1,1
1757356745.677244,5.02390603278114,-3.3710877099752223,1.7948,0.0,0.0,1.0052180827272377,-0.6756776909773479,4.802038836235218,6.121526916832341,0.15834023716338605,0.015738964080810547,0.5305694271699755,8.361089130433666e-199,0.5,1,1
1757356745.7115119,5.02216410192498,-3.3616798731061617,1.7843,0.0,0.0,1.0050030775532963,-0.6745551595393657,4.8820415225482945,6.181975959508064,0.41219763450304875,0.017231225967407227,0.5334288066825754,4.180544565216833e-199,0.5,1,1
1757356745.7430158,5.020361450759493,-3.3525900480256534,1.7625,0.0,0.0,1.004746625917027,-0.6732166128707548,4.9084671270221,6.212476938142329,0.7385766139660264,0.016036152839660645,0.5343898140407943,2.0902722826084166e-199,0.5,1,1
1757356745.7774787,5.019186370586174,-3.345985598861272,1.7456,0.0,0.0,1.0044946818006735,-0.6718506587863958,4.944348549286147,6.248716700441158,0.5482255339612964,0.01658320426940918,0.5359054359635297,1.0451361413042083e-199,0.5,1,1
1757356745.8062074,5.018911290762868,-3.3449165777119747,1.7294,0.0,0.0,1.0042943715148624,-0.6708004688404408,4.969440642257813,6.279794744917288,0.49099393986669,0.016535401344299316,0.5371497645810659,5.225680706521042e-200,0.5,1,1
1757356745.8785903,5.018447320938463,-3.341517001285155,1.7158,0.0,0.0,1.0041203672730488,-0.6698059748071196,5.061542535684988,6.3601770941085185,0.3688739561559689,0.019012093544006348,0.5412947945760248,2.612840353260521e-200,0.5,1,1
1757356745.8928444,5.017941657678646,-3.337411320020289,1.7082,0.0,0.0,1.0039601948804888,-0.6688264749731261,5.180606480505234,6.459751986900241,0.20958873631050823,0.020642518997192383,0.5469555965547167,1.3064201766302604e-200,0.5,1,1
1757356745.9150949,5.018871334740783,-3.348893736271973,1.7124,0.0,0.0,1.0038977528370856,-0.6689439844490421,5.003461183295286,6.3231724842888966,0.5291313482135527,0.011586666107177734,0.5399417382645277,6.532100883151302e-201,0.5,1,1
1757356745.9437876,5.019480315575633,-3.353744912453264,1.7196,0.0,0.0,1.0038875193077148,-0.6692505352419195,4.970899412983188,6.2956755429244,0.286042850002353,0.0152130126953125,0.5389339401809047,3.266050441575651e-201,0.5,1,1
1757356745.979728,5.0200929888125065,-3.358448135772734,1.722,0.0,0.0,1.0039139182743857,-0.6697341704832627,4.989396982788127,6.310648202207152,0.15920531719032224,0.016694188117980957,0.5398987518774856,1.6330252207878255e-201,0.5,1,1
1757356746.1302116,5.022056791090836,-3.371385573910789,1.7186,0.0,0.0,1.0040374646996948,-0.6708076399288536,5.166660263849136,6.459344597374733,0.30463511133635474,0.02219069004058838,0.5477590364693574,8.165126103939127e-202,0.5,1,1
1757356746.2556694,5.023757915079262,-3.3819568149824497,1.7169,0.0,0.0,1.004195542991139,-0.6721350668300174,6.363460529672675,7.565827019560559,0.09064239386622748,0.059802889823913574,0.616779391839452,4.082563051969564e-202,0.5,1,1
1757356746.2897618,5.024977221162815,-3.3896130298045586,1.7141,0.0,0.0,1.004420378018515,-0.6739027409362592,7.205154893781973,8.535370293040216,0.06582040353509609,0.06261610984802246,0.6857342120155774,2.041281525984782e-202,0.5,1,1
1757356746.315834,5.02527813289465,-3.391390734265951,1.7138,0.0,0.0,1.0046347627596617,-0.6751783951744303,6.603346820738181,7.866240986167845,0.0538561855875953,0.01696908473968506,0.6378970729618911,1.020640762992391e-202,0.5,1,1
1757356746.3327525,5.025887556926606,-3.395717627542188,1.7158,0.0,0.0,1.0048131858641736,-0.6762756102166765,6.052794214383035,7.298845520760379,0.18503945592433457,0.0129852294921875,0.6065291502639425,5.103203814961955e-203,0.5,1,1
1757356746.3445318,5.026682201828013,-3.4012858484635524,1.7181,0.0,0.0,1.0049790292405256,-0.6773539289547351,5.523516341310858,6.801736145721754,0.3610911310839627,0.008414387702941895,0.5786143298046689,2.5516019074809773e-203,0.5,1,1
1757356746.362796,5.028009965621624,-3.4110266886911234,1.7216,0.0,0.0,1.00516577846389,-0.6786640137562866,5.050679140927376,6.403659905379119,0.9002840510517954,0.005795598030090332,0.5553282333234488,1.2758009537404886e-203,0.5,1,1
1757356746.3838096,5.0290704694278086,-3.417779878860069,1.7287,0.0,0.0,1.0053540944319395,-0.6799843494337288,4.761904664691808,6.179494953653943,0.5425273424862509,0.009083390235900879,0.5418802676643282,6.379004768702443e-204,0.5,1,1
1757356746.39696,5.030158405525092,-3.424322752122623,1.741,0.0,0.0,1.0055432833224398,-0.6813144559714096,4.57065877316945,6.036784820572097,0.6670998015113422,0.010473966598510742,0.5330866932120897,3.1895023843512216e-204,0.5,1,1
1757356746.4178364,5.031221078676147,-3.429208402940988,1.7576,0.0,0.0,1.005733690379064,-0.682557824136015,4.320231275184837,5.861850024463549,1.3269665111228897,0.006532430648803711,0.5232142518109787,1.5947511921756108e-204,0.5,1,1
1757356746.4328563,5.033121524423419,-3.43789228251719,1.7903,0.0,0.0,1.0059677351253176,-0.6839511306804971,4.224615048220047,5.787059938369104,1.6380613631473642,0.010343551635742188,0.5188320124989476,7.973755960878054e-205,0.5,1,1
1757356746.4510667,5.034358682317755,-3.4428646844928776,1.8128,0.0,0.0,1.0062051999180506,-0.6852380126346398,4.076491821165012,5.689515178865766,1.548857146698755,0.00744938850402832,0.5135159659993724,3.986877980439027e-205,0.5,1,1
1757356746.4678917,5.035120086775803,-3.444836708793601,1.8307,0.0,0.0,1.0064157467395611,-0.6862877586126336,4.005572085616663,5.640640736888066,0.9935441635355521,0.009070754051208496,0.510750314239405,1.9934389902195135e-205,0.5,1,1
1757356746.4838684,5.03607469759445,-3.4479934502037746,1.8399,0.0,0.0,1.006621650029037,-0.6872234449172004,3.932342890911972,5.597778848786445,0.5869829794890389,0.008324980735778809,0.5081958929356055,9.967194951097568e-206,0.5,1,1
1757356746.5044901,5.037337718107508,-3.452046590655697,1.8408,0.0,0.0,1.006841008457542,-0.6881246550744583,3.865766774670595,5.564842646803266,0.2728664803966676,0.007952094078063965,0.5059996677537983,4.983597475548784e-206,0.5,1,1
1757356746.5337625,5.039190277081579,-3.459281995409972,1.839,0.0,0.0,1.0071000939165402,-0.6891859959853994,3.8817517268317507,5.5778391167498285,0.37511763171919243,0.010240316390991211,0.5061366124943208,2.491798737774392e-206,0.5,1,1
1757356746.5457788,5.040708291725507,-3.4645878455848123,1.8388,0.0,0.0,1.0073713838611627,-0.6902766861547125,4.0339858090932,5.660880811683978,0.1876534398221047,0.014714241027832031,0.510330456077864,1.245899368887196e-206,0.5,1,1
1757356746.5809152,5.042179569658944,-3.469736269153034,1.8375,0.0,0.0,1.0076560855100338,-0.6913845588775163,4.199269281325815,5.756933664058743,0.1747835422484107,0.0157625675201416,0.5151797020495517,6.22949684443598e-207,0.5,1,1
1757356746.6102817,5.0426891352103835,-3.4710349335909054,1.8331,0.0,0.0,1.0078954889077396,-0.6922946940574063,4.3671806226267265,5.859785959872364,0.1391028196268172,0.016591548919677734,0.5201577824713224,3.11474842221799e-207,0.5,1,1
1757356746.6418905,5.043286720716451,-3.4733067913286244,1.8325,0.0,0.0,1.0081043751215684,-0.6931097633093994,4.518532768887807,5.956320252642258,0.07199506287119493,0.01683831214904785,0.5244877039958363,1.557374211108995e-207,0.5,1,1
1757356746.6887085,5.043743554178451,-3.475039741821284,1.8357,0.0,0.0,1.008281299276569,-0.693811625177896,4.633893344338424,6.03060601311166,0.11189991734783009,0.0163881778717041,0.5274527056786905,7.786871055544975e-208,0.5,1,1
1757356746.7473364,5.042247613913442,-3.46834517555918,1.8371,0.0,0.0,1.0083271441653612,-0.6940080198046275,4.968636340476348,6.260371799585666,0.14465980236934198,0.024198412895202637,0.5393594636881333,3.8934355277724873e-208,0.5,1,1
1757356746.7630181,5.0413855427173875,-3.465196631751579,1.8359,0.0,0.0,1.0083140257428649,-0.6938720310915664,5.005879042329738,6.28691106546757,0.1054320973791697,0.016494035720825195,0.5389687118412563,1.9467177638862437e-208,0.5,1,1
1757356746.7987072,5.040275479292363,-3.4611439092143064,1.838,0.0,0.0,1.0082443197207573,-0.6934712375156554,4.811936305266501,6.142479907055463,0.2586018444130886,0.009082555770874023,0.5304499026675766,9.733588819431218e-209,0.5,1,1
1757356746.8315115,5.039614125102266,-3.458924471760559,1.8387,0.0,0.0,1.0081577078979,-0.6931394511665777,5.0052146668053155,6.280536430601563,0.0589968775444253,0.020504117012023926,0.5376688797440506,4.866794409715609e-209,0.5,1,1
1757356746.8510985,5.038919574204134,-3.4564463714183167,1.837,0.0,0.0,1.008057119665407,-0.6926879159637602,4.933571251382843,6.227598460591975,0.11840611504622069,0.013024568557739258,0.5343669482709162,2.4333972048578046e-209,0.5,1,1
1757356746.9076934,5.038270401065884,-3.4541198493822423,1.8357,0.0,0.0,1.0079484088031825,-0.6922574645088849,5.0729847136406585,6.330846950858331,0.07047280768685281,0.019461512565612793,0.5397712919356622,1.2166986024289023e-209,0.5,1,1
1757356746.9399638,5.035809119828609,-3.444162676232155,1.8368,0.0,0.0,1.0077348687835996,-0.6913297798438116,5.13177638778807,6.369367130997528,0.2910257376268908,0.0177229642868042,0.5420511191314088,6.083493012144512e-210,0.5,1,1
1757356746.9501946,5.034214897126301,-3.4383446939757505,1.8419,0.0,0.0,1.0074906544995506,-0.690303474382819,5.1335617993283185,6.364067326109117,0.24341169683653452,0.01622641086578369,0.5420861461808432,3.041746506072256e-210,0.5,1,1
1757356746.977834,5.032636832636507,-3.432708550071647,1.8486,0.0,0.0,1.0072254572946808,-0.6892297602340443,5.033257426572121,6.28013738946145,0.3461792718262998,0.01284945011138916,0.5379299371918539,1.520873253036128e-210,0.5,1,1
1757356747.0064719,5.026442634395834,-3.409624391232128,1.8551,0.0,0.0,1.006691600582034,-0.6870988338191099,5.064850361592541,6.28558552801477,0.7513479758319224,0.016482949256896973,0.5391288345687184,7.60436626518064e-211,0.5,1,1
1757356747.0436966,5.020067073178023,-3.389055632978641,1.8699,0.0,0.0,1.005949759405047,-0.6843346899365252,5.097199846183716,6.287300245066913,0.7857973006101365,0.01662623882293701,0.540312632282208,3.80218313259032e-211,0.5,1,1
1757356747.0732238,5.013455610237695,-3.3688683514997937,1.8851,0.0,0.0,1.0050408942184361,-0.6811356016162619,5.126914244404095,6.287163964337139,0.7836141712315395,0.016666650772094727,0.5413569452736571,1.90109156629516e-211,0.5,1,1
1757356747.12043,5.008194953083126,-3.3530965567497315,1.892,0.0,0.0,1.004073200266234,-0.6777983540629106,5.298143384188043,6.407329296917173,0.418260379595335,0.021518826484680176,0.5486793633231857,9.5054578314758e-212,0.5,1,1
1757356747.144041,5.003093192969517,-3.3384020061470974,1.8996,0.0,0.0,1.0030885417513338,-0.6746993139220102,5.138105488505117,6.268534268953246,0.7397442598373446,0.011701583862304688,0.5416434250844584,4.7527289157379e-212,0.5,1,1
1757356747.1769662,4.998030967767761,-3.324183735004016,1.907,0.0,0.0,1.0020854585347216,-0.6715312755213776,5.157856773046558,6.270329341237994,0.5081511493656555,0.016539454460144043,0.5422907874175882,2.37636445786895e-212,0.5,1,1
1757356747.2084198,4.988630612979617,-3.2982826449398224,1.9074,0.0,0.0,1.0008255493294096,-0.6677182191992617,5.177018812672268,6.269264758585564,0.827719903247365,0.016646385192871094,0.5429771542425554,1.188182228934475e-212,0.5,1,1
1757356747.2451112,4.982348286389338,-3.28132008898756,1.9035,0.0,0.0,0.9995489411737433,-0.6639521269678182,5.201993672123493,6.2822342767610895,0.5444948670607127,0.01699209213256836,0.5440058928345284,5.940911144672375e-213,0.5,1,1
1757356747.3610442,4.976298044146165,-3.264848345743147,1.9005,0.0,0.0,0.9980139624802807,-0.6587839837302112,6.406809976449367,7.360614888943831,0.1535087098109773,0.05798482894897461,0.6106305868687002,2.9704555723361872e-213,0.5,1,1
1757356747.378006,4.970072456105898,-3.245968172512789,1.899,0.0,0.0,0.9967819162272183,-0.6559347638684534,5.816546405509992,6.791757141072417,1.7734189947876462,0.0056209564208984375,0.5747103331181582,1.4852277861680936e-213,0.5,1,1
1757356747.4193316,4.965252451042613,-3.2317081098964113,1.8966,0.0,0.0,0.9956025408138212,-0.653011386375322,5.433279557939086,6.454159369339127,0.9080716327278417,0.008392930030822754,0.5562040210697095,7.426138930840468e-214,0.5,1,1
1757356747.4708037,4.959117940757464,-3.2133297277055335,1.8911,0.0,0.0,0.9942872798329544,-0.6493168967956597,5.476187672874172,6.485683250822472,0.4883240328430007,0.02062225341796875,0.5598126613495183,3.713069465420234e-214,0.5,1,1
1757356747.4864745,4.955425179891526,-3.201742441480978,1.8911,0.0,0.0,0.9930216988715044,-0.6457959037922266,5.645063292458985,6.6275161255456245,0.2370007460483698,0.025657057762145996,0.5704026889140914,1.856534732710117e-214,0.5,1,1
1757356747.511467,4.951508608533781,-3.1896297614855595,1.8931,0.0,0.0,0.991988250975708,-0.6430818130313458,5.464983156996366,6.465636100526042,0.43959098493788606,0.014657139778137207,0.5620369158236547,9.282673663550585e-215,0.5,1,1
1757356747.556158,4.9477018974220535,-3.177876648325445,1.8921,0.0,0.0,0.9912059842677327,-0.6407508789827019,5.06448457258937,6.136595033196738,1.1310580999545736,0.005479216575622559,0.5430907760730528,4.641336831775293e-215,0.5,1,1
1757356747.6113365,4.9433305269576735,-3.1647822200956077,1.8865,0.0,0.0,0.990312399971156,-0.6373270997765413,5.218887265563422,6.255139694022301,0.3338727289962468,0.02231001853942871,0.5492351139182741,2.3206684158876463e-215,0.5,1,1
1757356747.6239505,4.9401237001523475,-3.154847291757939,1.8869,0.0,0.0,0.9893473904471604,-0.634054506858937,5.482155815911062,6.468800438306788,0.19008209375004545,0.0274810791015625,0.5626890291379751,1.1603342079438231e-215,0.5,1,1
1757356747.7344775,4.936991490476955,-3.1452145323896983,1.8929,0.0,0.0,0.9886923883566385,-0.6323497681949117,5.096680812372624,6.1448216332827394,0.9524361688429125,0.006180405616760254,0.544437530451503,5.801671039719116e-216,0.5,1,1
1757356747.7474086,4.936576850436534,-3.1454440486692765,1.8981,0.0,0.0,0.9877857091207041,-0.6282808863233507,6.124390910066575,7.047343854576886,0.047334402368462564,0.05515599250793457,0.6003716348495598,2.900835519859558e-216,0.5,1,1
1757356747.7644691,4.935888177545872,-3.1434533663168267,1.9002,0.0,0.0,0.9874521817572928,-0.6283410641623184,5.600965186882423,6.561486155948,0.23039317122855815,0.006455063819885254,0.5696512471555644,1.450417759929779e-216,0.5,1,1
1757356747.784432,4.934924103914421,-3.140710108655768,1.9091,0.0,0.0,0.9871539604468978,-0.6279575918674032,5.245961193518003,6.253828666199464,0.5527322528987905,0.008469700813293457,0.5524113243649615,7.252088799648895e-217,0.5,1,1
1757356747.7989612,4.932436221430291,-3.1335735035817742,1.9206,0.0,0.0,0.9868382411218963,-0.6270794343465459,5.006252954508584,6.052809646836283,0.6919044141932188,0.009944438934326172,0.5416548475516945,3.6260443998244473e-217,0.5,1,1
1757356747.827273,4.930582643787967,-3.1288173396269543,1.9337,0.0,0.0,0.9865847213893708,-0.6262848635159913,4.741851671483294,5.847038836596087,0.9779176987396777,0.00718843936920166,0.5304129432055217,1.8130221999122236e-217,0.5,1,1
1757356747.8373744,4.92872489854686,-3.1242262146794517,1.9447,0.0,0.0,0.9863437556933344,-0.6250057664901454,4.724875927781258,5.824229540502285,0.42719147262523877,0.014119625091552734,0.5286121294440689,9.065110999561118e-218,0.5,1,1
1757356747.8543274,4.921346216608494,-3.1046603258499177,1.9502,0.0,0.0,0.9857773052603569,-0.6235582124658462,4.457990680904812,5.628828349938447,2.1688395000339313,0.004984736442565918,0.5187817365099723,4.532555499780559e-218,0.5,1,1
1757356747.883366,4.914295189238442,-3.087623614649265,1.9445,0.0,0.0,0.9851127699722316,-0.6207143149868458,4.632536326495805,5.734985947076214,0.5181002494223595,0.01862490177154541,0.5234675104858566,2.2662777498902796e-218,0.5,1,1
1757356747.8975246,4.9091144578117865,-3.0749290401658915,1.9384,0.0,0.0,0.9842325349634797,-0.6188415580084551,4.362734458353073,5.555220396825481,1.780560768904812,0.004214048385620117,0.5144761507718291,1.1331388749451398e-218,0.5,1,1
1757356747.9293664,4.90514562310346,-3.0639585726791476,1.9307,0.0,0.0,0.9834395330849885,-0.6166690731676013,4.248900766337049,5.483466795283063,0.8883351238770728,0.007867693901062012,0.5107663519196339,5.665694374725699e-219,0.5,1,1
1757356747.9506936,4.9018459875950215,-3.05479062206407,1.9245,0.0,0.0,0.9828287166937149,-0.6139453795696798,4.477454261494042,5.623621034333775,0.31183365591180495,0.01851785182952881,0.5173146698388082,2.8328471873628494e-219,0.5,1,1
1757356747.9941893,4.8987026361241535,-3.0458748377353864,1.9186,0.0,0.0,0.9821291183375184,-0.61105291420335,4.802858085561296,5.8443257199673,0.2428671787487978,0.022941946983337402,0.5283838493541873,1.4164235936814247e-219,0.5,1,1
1757356748.0138905,4.899777552664617,-3.050283966992445,1.9156,0.0,0.0,0.9815167565873688,-0.6100831025605987,4.682164060902381,5.764850853783539,0.2728563777287059,0.009968996047973633,0.5233752586406829,7.082117968407124e-220,0.5,1,1
1757356748.043159,4.899524898478372,-3.0495983719385125,1.9186,0.0,0.0,0.9810919919079273,-0.609014550759577,4.735368834919897,5.799841670822495,0.10385351641253338,0.014865636825561523,0.5248066679525893,3.541058984203562e-220,0.5,1,1
1757356748.0773082,4.899341487447762,-3.0491021934237543,1.9212,0.0,0.0,0.9807514117430782,-0.608122878207022,4.83397304228,5.868135692995522,0.08014095825060176,0.016553759574890137,0.5278524045753494,1.770529492101781e-220,0.5,1,1
1757356748.1069105,4.902860717806904,-3.0599002479308646,1.9187,0.0,0.0,0.9806513177034484,-0.6081393827745829,4.922153703786354,5.94124092217319,0.34738609207103993,0.016737818717956543,0.5305972825992902,8.852647460508905e-221,0.5,1,1
1757356748.22487,4.905792372807325,-3.068079102220713,1.9138,0.0,0.0,0.9806854470327294,-0.6085344260194372,5.076952428832866,6.066600593841426,0.25655958637758824,0.019439697265625,0.5361155660387981,4.4263237302544523e-221,0.5,1,1
1757356748.3238535,4.907892482136936,-3.0740081532751433,1.9114,0.0,0.0,0.9805429523451061,-0.6081520648720833,5.90212954213671,6.772384951164762,0.07802732950214074,0.04314076900482178,0.5743154090991731,2.2131618651272261e-221,0.5,1,1
1757356748.3354733,4.917066200419411,-3.1017740176506385,1.9078,0.0,0.0,0.9803956743337112,-0.6109764111264159,6.666278644912561,7.559087229523383,0.2981037018252933,0.04941713809967041,0.6232814460861753,1.1065809325636131e-221,0.5,1,1
1757356748.3467634,4.922302066955621,-3.1168712174865156,1.908,0.0,0.0,0.9815186502216763,-0.6146842647016317,6.013229958847445,6.913663419312339,1.3987670056479171,0.005712389945983887,0.5835003122895002,5.5329046628180653e-222,0.5,1,1
1757356748.3662405,4.927398002848453,-3.1315132470642735,1.9113,0.0,0.0,0.9825810359465339,-0.6178910753438686,5.505130985013565,6.461217889522116,1.410511274318852,0.0056188106536865234,0.5586440224784582,2.7664523314090327e-222,0.5,1,1
1757356748.3831828,4.935525795826301,-3.155247424809439,1.9133,0.0,0.0,0.9837755803548592,-0.6212866589882002,5.216414930089038,6.234616245710733,1.3053716820818633,0.009639739990234375,0.5465644187825467,1.3832261657045163e-222,0.5,1,1
1757356748.4032874,4.944514512447112,-3.180537731435983,1.913,0.0,0.0,0.9851690366790148,-0.6251288931342825,4.951571610448538,6.045349595153421,1.5980328674428699,0.00839841365814209,0.5357245594692303,6.916130828522582e-223,0.5,1,1
1757356748.4237711,4.951033220103316,-3.1988445981436406,1.915,0.0,0.0,0.9865427657845756,-0.6288712781019029,4.785961617072093,5.933721681223972,0.975844215429903,0.010009527206420898,0.5289817779998547,3.458065414261291e-223,0.5,1,1
1757356748.4385803,4.95572574956529,-3.2104603009112718,1.9224,0.0,0.0,0.9877981616216605,-0.6321829391192675,4.74303018666508,5.90429997994803,0.5578015545758567,0.013042330741882324,0.5267175247103779,1.7290327071306454e-223,0.5,1,1
1757356748.4555695,4.9628013041194645,-3.228808778027594,1.9396,0.0,0.0,0.9890955458774622,-0.6358329427144227,4.463679999582879,5.718866153921148,2.9098880344340867,0.00448918342590332,0.5170812881096032,8.645163535653227e-224,0.5,1,1
1757356748.472989,4.9681301989328475,-3.2420110518039342,1.9528,0.0,0.0,0.990348951224989,-0.6390447059044535,4.509664050766225,5.746956583249956,0.7139826595841979,0.013596177101135254,0.5175395590857352,4.322581767826614e-224,0.5,1,1
1757356748.5182128,4.972561589339531,-3.251390259278349,1.9628,0.0,0.0,0.9914995169608714,-0.6419146797171406,4.647083816818841,5.834627997025992,0.4316059951011546,0.01669180393218994,0.5215109633931139,2.161290883913307e-224,0.5,1,1
1757356748.5451736,4.976474586158561,-3.2602632798243314,1.9669,0.0,0.0,0.9925330935612364,-0.6445711374703134,4.75850445412987,5.9112692074603475,0.31958512477142503,0.016472339630126953,0.5250577379003107,1.0806454419566534e-224,0.5,1,1
1757356748.582922,4.980309437366415,-3.2688533257072447,1.9696,0.0,0.0,0.9934806786166862,-0.6470451204630296,4.859814190477557,5.984013524222546,0.2934942136432255,0.01667320728302002,0.528318774032897,5.403227209783267e-225,0.5,1,1
1757356748.6146047,4.985312218466523,-3.2811562620658665,1.9675,0.0,0.0,0.9944282787164888,-0.6495962004513469,5.003251507014145,6.095071260181039,0.36135510634634976,0.01860523223876953,0.5332732597024394,2.7016136048916335e-225,0.5,1,1
1757356748.639383,4.990140664425713,-3.2926251150649253,1.96,0.0,0.0,0.9953726083463161,-0.6521513836203087,4.99389490623915,6.1000703100662985,0.5032329539569497,0.014435887336730957,0.5325151549814818,1.3508068024458167e-225,0.5,1,1
1757356748.6930928,4.994073446862741,-3.302126442496704,1.9544,0.0,0.0,0.9962647274336773,-0.6546114930081632,5.238624962540263,6.293299526145931,0.2571880385166737,0.022763609886169434,0.5421511418695955,6.754034012229084e-226,0.5,1,1
1757356748.7102993,4.998679226799811,-3.3146960599584836,1.9451,0.0,0.0,0.9971781341580941,-0.6570705244006472,5.06506948783181,6.175451533199383,0.7718597336101953,0.01055908203125,0.5349739088537457,3.377017006114542e-226,0.5,1,1
1757356748.7390964,5.001866703624997,-3.323345109464873,1.9352,0.0,0.0,0.9980208504519577,-0.6593937689515385,5.106183820950406,6.21769499115491,0.4087268465347113,0.016547560691833496,0.5367024587473028,1.688508503057271e-226,0.5,1,1
1757356748.7770987,5.006563277514696,-3.336519267418069,1.9239,0.0,0.0,0.998893663561597,-0.6618724588695725,5.177003122407432,6.287186456420653,0.5040306914014331,0.017836928367614746,0.5398075021163872,8.442542515286355e-227,0.5,1,1
1757356748.8108332,5.007151003121531,-3.3371129973231883,1.9265,0.0,0.0,0.9995679114721423,-0.663668860597937,5.16024066466172,6.272048038135903,0.08868317057621695,0.015397071838378906,0.5393660886919263,4.2212712576431773e-227,0.5,1,1
1757356748.8427193,5.008234370790731,-3.3400491162511634,1.9331,0.0,0.0,1.0001227595264979,-0.6651589994470833,5.184152914791403,6.286654113975208,0.22004235697646352,0.016597747802734375,0.5405474110241997,2.1106356288215886e-227,0.5,1,1
1757356748.8889234,5.009712215482307,-3.343994989338067,1.9362,0.0,0.0,1.0006120334395223,-0.6664663937903113,5.206199320527391,6.30329410132606,0.15677930121841954,0.016682863235473633,0.5416640439994693,1.0553178144107943e-227,0.5,1,1
1757356749.0057757,5.01384901337397,-3.3551901961191626,1.9362,0.0,0.0,1.0012026516196282,-0.6680908545958439,5.271892190365881,6.3611318082443065,0.32621688908015783,0.018293142318725586,0.5447358389635522,5.276589072053972e-228,0.5,1,1
1757356749.0164745,5.017903037299215,-3.365493856104684,1.9401,0.0,0.0,1.0019006376683075,-0.6705133011347283,6.2887618487560015,7.258627331712105,0.11379343431845668,0.051581501960754395,0.6006824596318385,2.638294536026986e-228,0.5,1,1
1757356749.0378702,5.0208668257870075,-3.3729445659030253,1.9428,0.0,0.0,1.0025703410144189,-0.6717187861434241,5.7281498645595645,6.747158298130305,0.8017273307128591,0.005276679992675781,0.5680542767360772,1.319147268013493e-228,0.5,1,1
1757356749.0550594,5.026704278320881,-3.3880449222960567,1.9438,0.0,0.0,1.0033946586384401,-0.6735429163065997,5.440716972620686,6.514088452497278,0.7631943759398817,0.010626554489135742,0.5547514322128888,6.595736340067465e-229,0.5,1,1
1757356749.085389,5.032964956324221,-3.4034259700394967,1.9512,0.0,0.0,1.004329448917609,-0.6757263058644996,5.154113427591271,6.292778060014256,1.058770799907968,0.008585691452026367,0.5421993860026856,3.2978681700337323e-229,0.5,1,1
1757356749.0957017,5.0375995573240715,-3.4145199935248174,1.962,0.0,0.0,1.0052667452607453,-0.6781424041163429,5.116413574069462,6.262823651784252,0.5354434679113126,0.015091776847839355,0.5403389789264841,1.6489340850168661e-229,0.5,1,1
1757356749.127063,5.041596865965099,-3.423747941739033,1.9707,0.0,0.0,1.0061631607592385,-0.6804287440976257,5.078873797665399,6.2337380142906405,0.45072252315106465,0.014751315116882324,0.5384552042620191,8.244670425084331e-230,0.5,1,1
1757356749.147016,5.045750564966784,-3.433267295636105,1.9734,0.0,0.0,1.007018321093405,-0.6824515424957354,4.87884270139071,6.094034688576014,0.6024202985481791,0.008906841278076172,0.5302184485743688,4.1223352125421653e-230,0.5,1,1
1757356749.1776786,5.051126476799086,-3.445508711400526,1.9733,0.0,0.0,1.00792646490277,-0.6848914939369422,4.941239593686824,6.1450243052116384,0.4079522808969372,0.016386985778808594,0.5317418049601516,2.0611676062710827e-230,0.5,1,1
1757356749.2177155,5.0568326227061045,-3.4591977029880674,1.9748,0.0,0.0,1.0089129350687107,-0.6875293387242757,5.050517777331735,6.23031781453317,0.4079584220380887,0.01826941967010498,0.5355880105333588,1.0305838031355413e-230,0.5,1,1
1757356749.2439845,5.063328649741819,-3.474166233324069,1.9757,0.0,0.0,1.009997557884607,-0.6901699621847985,5.040020378561847,6.231340841768236,0.5488339198584115,0.01488804817199707,0.5350237084762401,5.152919015677707e-231,0.5,1,1
1757356749.27363,5.068025485805283,-3.4850070583738186,1.9725,0.0,0.0,1.0110532890297301,-0.6927893817443792,5.088561316203335,6.274980803018036,0.36517060832604054,0.016759634017944336,0.5368000532665606,2.5764595078388533e-231,0.5,1,1
1757356749.3063118,5.070411410001728,-3.4903151680856275,1.97,0.0,0.0,1.0119639716599387,-0.6949634366213788,5.114210719462157,6.297874671924422,0.19452322483141085,0.016280651092529297,0.5377556882183426,1.2882297539194267e-231,0.5,1,1
1757356749.3460338,5.074589691177351,-3.5000962336631365,1.9746,0.0,0.0,1.0128733745971252,-0.6971463328840912,5.17282296599449,6.343768466588247,0.33109172388364433,0.01750004291534424,0.5401029427840934,6.441148769597133e-232,0.5,1,1
1757356749.377897,5.076633275427718,-3.5048334157143093,1.9776,0.0,0.0,1.0136567695968686,-0.6989148654885745,5.178217323472007,6.347843391904739,0.1856451070325773,0.01607370376586914,0.540314174669138,3.220574384798567e-232,0.5,1,1
1757356749.4063244,5.08391856444301,-3.5223515306360245,1.9842,0.0,0.0,1.0146371204598457,-0.7012056247762618,5.18677062295705,6.360881244351178,0.6213080938682788,0.016165733337402344,0.5406242351754722,1.6102871923992833e-232,0.5,1,1
1757356749.5412843,5.088779258192145,-3.533386853047063,1.9931,0.0,0.0,1.0160249228637344,-0.7055742493007211,6.529357839132471,7.534445751231416,0.11925010556440244,0.06283915042877197,0.614987454049672,8.051435961996417e-233,0.5,1,1
1757356749.5572438,5.095201456665536,-3.5475180498133887,2.0089,0.0,0.0,1.0170537424256203,-0.70665629689938,6.002866149743654,7.033982971313176,1.3412747228203517,0.008256673812866211,0.5808708041899244,4.0257179809982083e-233,0.5,1,1
1757356749.5770738,5.100876484387358,-3.5588295316502285,2.019,0.0,0.0,1.0181051591631483,-0.7082368925526097,5.583405875927024,6.6734963024419525,1.028037970434672,0.00787496566772461,0.5596660175672725,2.0128589904991042e-233,0.5,1,1
1757356749.5998356,5.107806052487094,-3.5726310363994473,2.0238,0.0,0.0,1.0192550151576454,-0.7103547133656103,5.308681928495489,6.461530273675216,0.8195734173407895,0.00986623764038086,0.5476116856461999,1.0064294952495521e-233,0.5,1,1
1757356749.6970966,5.112846254563374,-3.5826126761918338,2.021,0.0,0.0,1.0203393176449875,-0.7126070255539884,5.130312140718732,6.336323080214729,0.5102760877313234,0.011295080184936523,0.5400811551932363,5.0321474762477604e-234,0.5,1,1
1757356749.716754,5.11843437305404,-3.594447313732081,2.02,0.0,0.0,1.021789833976583,-0.7169707990545449,6.023346034387778,7.071965996532599,0.1351615202527466,0.048555850982666016,0.5853448575405972,2.5160737381238802e-234,0.5,1,1
1757356749.7332807,5.12494279942784,-3.6076734804002593,2.0286,0.0,0.0,1.0229609690096904,-0.7184441800688717,5.6454881776138865,6.748496773535065,0.8764580517542071,0.009735822677612305,0.5648901053850098,1.2580368690619401e-234,0.5,1,1
1757356749.756204,5.129990222624374,-3.6177229047500097,2.0372,0.0,0.0,1.0240112348276202,-0.7201855968630216,5.307450560727702,6.480325425434001,0.8608257953644806,0.00822305679321289,0.5489234952318182,6.290184345309701e-235,0.5,1,1
1757356749.7765837,5.132123878044218,-3.62124051567086,2.0466,0.0,0.0,1.0248773297905351,-0.7219100137291368,5.127498157296148,6.3416922169563215,0.45117239305991413,0.011371374130249023,0.5409669997989591,3.1450921726548502e-235,0.5,1,1
1757356749.7955172,5.134776940997995,-3.6262540212786387,2.054,0.0,0.0,1.0255799901720553,-0.723428439487005,4.951783609963729,6.215716691116411,0.4593368057918943,0.010149240493774414,0.5332537477680386,1.5725460863274251e-235,0.5,1,1
1757356749.8111181,5.138607808631926,-3.6333618240972996,2.0593,0.0,0.0,1.0262400364171302,-0.7249141732188839,4.791641568940242,6.110060259723308,0.5138466045164597,0.009398221969604492,0.5264324846183018,7.862730431637126e-236,0.5,1,1
1757356749.8314106,5.1370436532410695,-3.6298253765271227,2.0562,0.0,0.0,1.0265925509750333,-0.7260436488205357,4.771397836263366,6.0944424739283765,0.18872794283322572,0.0131303071975708,0.5247458376082976,3.931365215818563e-236,0.5,1,1
1757356749.8488925,5.1368279381797946,-3.629429229232509,2.0548,0.0,0.0,1.0268131778703593,-0.7263480582684712,4.535142915985659,5.947808252554435,0.13461533224684472,0.005463242530822754,0.5164112025361921,1.9656826079092814e-236,0.5,1,1
1757356749.9761794,5.136618432620207,-3.6290449842134938,2.0537,0.0,0.0,1.0268444150034426,-0.7273946490715099,4.752540566102643,6.0808537524511905,0.03069627321627473,0.019283533096313477,0.5224351471364399,9.828413039546407e-237,0.5,1,1
1757356750.0067012,5.140694828827116,-3.63760394875923,2.0487,0.0,0.0,1.027260942065918,-0.7305282269437311,5.881164887457645,6.937590840067515,0.10255353168331849,0.05225503444671631,0.5713000511372123,4.914206519773204e-237,0.5,1,1
1757356750.033765,5.1440519807244725,-3.6442026864783412,2.0491,0.0,0.0,1.028126640784361,-0.7303655210706858,5.706196275203894,6.796064835421687,0.2438763743180307,0.015201210975646973,0.5601211149273059,2.457103259886602e-237,0.5,1,1
1757356750.0475647,5.146493722587128,-3.6489748828865163,2.0547,0.0,0.0,1.0288080184254214,-0.7306246946930809,5.516396302376902,6.642231356494307,0.2887339673668961,0.013424396514892578,0.5519485735316041,1.228551629943301e-237,0.5,1,1
1757356750.0677686,5.152848709259711,-3.661433075896967,2.0615,0.0,0.0,1.0294551196820525,-0.7313761022510357,5.181437492077831,6.393116541930906,1.1286049073569397,0.006889462471008301,0.5381481440703841,6.142758149716505e-238,0.5,1,1
1757356750.084168,5.157672560108641,-3.6703535402678455,2.0717,0.0,0.0,1.0301772334200516,-0.7326639969540758,5.004752278499929,6.267992369821243,0.7165433113710848,0.010036706924438477,0.5314654420012124,3.0713790748582522e-238,0.5,1,1
1757356750.10826,5.1640735460967955,-3.6817253905624274,2.0962,0.0,0.0,1.0310257271085863,-0.7344350929039695,4.948604527963357,6.222199624518138,1.0820257752843039,0.012827157974243164,0.5290722329214725,1.5356895374291261e-238,0.5,1,1
1757356750.1242611,5.1693663937038865,-3.6898241391264635,2.1175,0.0,0.0,1.0318627163429819,-0.7358530121235841,4.7470472100582555,6.085063704246326,1.604704532769492,0.007289290428161621,0.5214930525436181,7.678447687145631e-239,0.5,1,1
1757356750.1426861,5.174479542166066,-3.69757555159199,2.1378,0.0,0.0,1.0327038136265945,-0.7376765365036172,4.756645385586381,6.084262323178971,0.8616280095377755,0.012953996658325195,0.5209160769275031,3.8392238435728152e-239,0.5,1,1
1757356750.1770277,5.179588536434419,-3.7049969999397367,2.1536,0.0,0.0,1.0336005356035243,-0.7395922669334006,4.855285834502045,6.141559253100867,0.5776890972861821,0.01574242115020752,0.5234581668228657,1.9196119217864076e-239,0.5,1,1
1757356750.214248,5.179945551153536,-3.704912616908695,2.1629,0.0,0.0,1.034340111941224,-0.7411006898931061,5.01184315562623,6.235527196092782,0.25761625008374495,0.018064141273498535,0.5283727711459227,9.598059608932038e-240,0.5,1,1
1757356750.2425284,5.181095045168798,-3.7065831463763708,2.1634,0.0,0.0,1.0350136480806205,-0.7420717838896483,5.062504238807891,6.26919464129301,0.06783528653686319,0.015394210815429688,0.5297001645558681,4.799029804466019e-240,0.5,1,1
1757356750.2772267,5.182577471354732,-3.708731780282443,2.1631,0.0,0.0,1.0356257010533478,-0.7429189224563806,5.1358842188602996,6.320055375121463,0.0803044320828752,0.016360163688659668,0.5319980697542956,2.3995149022330095e-240,0.5,1,1
1757356750.3107946,5.1782208400061,-3.701770972149674,2.1651,0.0,0.0,1.0358759727974345,-0.7430839282866771,5.20231066264679,6.35767356758206,0.2561321580757752,0.016498923301696777,0.5341972589937396,1.1997574511165048e-240,0.5,1,1
1757356750.3454041,5.176153886076082,-3.6987479597374526,2.1705,0.0,0.0,1.035980524324055,-0.7429847083574814,5.2652131952829695,6.395156153016026,0.19519761882538297,0.01671290397644043,0.5364260344538601,5.998787255582524e-241,0.5,1,1
1757356750.378337,5.173462493473418,-3.694877948440219,2.1821,0.0,0.0,1.0359418806134322,-0.7426565313074532,5.333612412287314,6.432433316665742,0.3641628220162461,0.017191767692565918,0.5390315924732136,2.999393627791262e-241,0.5,1,1
1757356750.4110484,5.172818388236237,-3.694193338719488,2.1988,0.0,0.0,1.0358763834280886,-0.7422675308081851,5.353368648678135,6.434384693305031,0.5255426915351203,0.01591348648071289,0.5396743606853267,1.499696813895631e-241,0.5,1,1
1757356750.444726,5.17161793605828,-3.6926063517405847,2.2201,0.0,0.0,1.03577515627299,-0.7419036200681914,5.398250767125127,6.45054779059004,0.6393911854277111,0.016728997230529785,0.5413503360680489,7.498484069478155e-242,0.5,1,1
1757356750.4811628,5.170420359870196,-3.6910920593739514,2.2415,0.0,0.0,1.0356638850221207,-0.7415595345534188,5.47580791504892,6.490874747976679,0.5979513499331727,0.0179671049118042,0.5444942728972524,3.7492420347390774e-242,0.5,1,1
1757356750.508862,5.170425130433246,-3.6912812570512172,2.2654,0.0,0.0,1.0355391222522905,-0.741159575686006,5.454426484928838,6.458381796012641,0.7925917814389716,0.015077590942382812,0.5432015553470045,1.8746210173695387e-242,0.5,1,1
1757356750.5560288,5.170049677239841,-3.69085443992553,2.2829,0.0,0.0,1.0354374052321382,-0.7409001304650685,5.485363936944276,6.468086260601617,0.5291034788237201,0.016546130180358887,0.5441379223030137,9.373105086847693e-243,0.5,1,1
1757356750.5821187,5.1697728043214415,-3.6905498783258133,2.2953,0.0,0.0,1.0353538449838864,-0.7406819556881417,5.526891628692914,6.48934464412982,0.36462124108088256,0.0170133113861084,0.5455643360366624,4.686552543423847e-243,0.5,1,1
1757356750.6136365,5.168234644660983,-3.688780104603967,2.3064,0.0,0.0,1.0351937052575773,-0.740375634242717,5.549099270480431,6.4958917855040905,0.3421501914215926,0.01657891273498535,0.5461309956563163,2.3432762717119234e-243,0.5,1,1
1757356750.6451035,5.167345387390238,-3.68784849593513,2.3163,0.0,0.0,1.035011203961293,-0.7400698562451866,5.558324233624125,6.494532304080917,0.30748188515712854,0.016234159469604492,0.5460835120481091,1.1716381358559617e-243,0.5,1,1
1757356750.6803734,5.166100799278263,-3.686578305163156,2.3303,0.0,0.0,1.034804707394008,-0.7397788026363655,5.584792388594316,6.502694254660955,0.42048187684759636,0.016781330108642578,0.5467748066935587,5.858190679279809e-244,0.5,1,1
1757356750.7139719,5.167368882672371,-3.6880384112086744,2.3343,0.0,0.0,1.0347486602740177,-0.7396675486412324,5.652079848433271,6.551608683853914,0.12148314018178005,0.01828634738922119,0.5494521465710872,2.9290953396399042e-244,0.5,1,1
1757356750.7439978,5.16765925653073,-3.68832952151365,2.3358,0.0,0.0,1.0346635989067396,-0.739468280620478,5.597606110385261,6.509812409751567,0.05289843964168991,0.014701128005981445,0.5464841229027138,1.4645476698199521e-244,0.5,1,1
1757356750.7761893,5.167941645044065,-3.6886113040097563,2.3379,0.0,0.0,1.034629477681104,-0.7394082976596121,5.609086743726753,6.516927511180912,0.06474823565351048,0.016506671905517578,0.5465738160838931,7.322738349099761e-245,0.5,1,1
1757356750.8066792,5.171933967404538,-3.692981811887773,2.3402,0.0,0.0,1.0348352031463113,-0.7396002909812641,5.620888076962939,6.5283793393635206,0.19151920578588288,0.016579508781433105,0.546711395534244,3.6613691745498803e-245,0.5,1,1
1757356750.8745968,5.17419154318714,-3.6952792416865243,2.3416,0.0,0.0,1.035349749454843,-0.7402177380284638,6.074695913956442,6.88860289761868,0.05564275203210861,0.03155934810638428,0.5693386704578433,1.8306845872749401e-245,0.5,1,1
1757356750.8960044,5.176384551896114,-3.6975058030663512,2.3417,0.0,0.0,1.0354493687210746,-0.7400665252125281,5.672719783121692,6.571403250023076,0.25888271334418317,0.006039023399353027,0.5483694733963889,9.153422936374701e-246,0.5,1,1
1757356750.9278712,5.178189226544372,-3.699300157611408,2.3387,0.0,0.0,1.0357816972500202,-0.7403827588130674,5.663695600466707,6.568248541890746,0.11904177919080175,0.01652371883392334,0.5478694685806217,4.5767114681873503e-246,0.5,1,1
1757356750.9490852,5.179623539987125,-3.7007897852993263,2.3355,0.0,0.0,1.0360274613450988,-0.7406003593144733,5.529018847429935,6.471592838489558,0.15531517580273074,0.012265443801879883,0.541680346804841,2.2883557340936752e-246,0.5,1,1
1757356750.9858215,5.181460364604592,-3.702716142209447,2.3283,0.0,0.0,1.0363509467734997,-0.7410284508386562,5.549813385416152,6.493326081941618,0.23144811318924738,0.01658308506011963,0.5423916225588289,1.1441778670468376e-246,0.5,1,1
1757356751.0139523,5.186189903525139,-3.7081160438284337,2.3265,0.0,0.0,1.036887849878664,-0.7416725034533326,5.618677123152575,6.550645435987032,0.201892537568404,0.018327832221984863,0.5453584729372797,5.720889335234188e-247,0.5,1,1
1757356751.0431826,5.189445700588327,-3.711640057349503,2.3292,0.0,0.0,1.0374292117504065,-0.7422239197252447,5.584305936379598,6.526342778097048,0.17967082116735447,0.015320658683776855,0.5437448818255546,2.860444667617094e-247,0.5,1,1
1757356751.077989,5.192609852713075,-3.7150543283441166,2.3304,0.0,0.0,1.0380128706812526,-0.7428579874372515,5.5920355590717055,6.534212797412071,0.14576627943537002,0.016489386558532715,0.5439873233259882,1.430222333808547e-247,0.5,1,1
1757356751.1054866,5.194606309223148,-3.716992228028365,2.3288,0.0,0.0,1.038543236113957,-0.7434114550693873,5.588440925315176,6.5342656927227365,0.0992625101342516,0.016167044639587402,0.5437428180378013,7.151111669042735e-248,0.5,1,1
1757356751.1439612,5.196959292264496,-3.7194672773495125,2.3356,0.0,0.0,1.039071651868705,-0.7439696982040763,5.610196472258876,6.547707854532771,0.22439065032422695,0.01695561408996582,0.5445873736927491,3.5755558345213674e-248,0.5,1,1
1757356751.177501,5.198899413849715,-3.721478292097629,2.3458,0.0,0.0,1.039558308757013,-0.7444601905360876,5.614113066693455,6.545053094877692,0.32139707665429695,0.016452908515930176,0.5445830861271632,1.7877779172606837e-248,0.5,1,1
1757356751.2217805,5.194312468913816,-3.716400687975602,2.3646,0.0,0.0,1.0396360876976387,-0.7445212025328684,5.618623359302329,6.529368851473101,0.609947748902895,0.01640021800994873,0.5444946482183262,8.938889586303419e-249,0.5,1,1
1757356751.275911,5.192129525287978,-3.7143572362297217,2.3845,0.0,0.0,1.0397004314787832,-0.7446499966092518,5.899238919097726,6.72747946544757,0.39191149369428707,0.025673389434814453,0.5574139261277298,4.4694447931517093e-249,0.5,1,1
1757356751.2927442,5.189255000331703,-3.7117979611720564,2.4132,0.0,0.0,1.0393908458988472,-0.7441818945160442,5.739981616508123,6.580482031128679,1.1439048175155984,0.0126570463180542,0.5490279006061995,2.2347223965758547e-249,0.5,1,1
1757356751.3144548,5.177418466887578,-3.7011770400085964,2.4304,0.0,0.0,1.0384677126074018,-0.7433329823851272,5.641111446431745,6.48204888515767,0.8663987256026598,0.013518810272216797,0.5440427496241684,1.1173611982879273e-249,0.5,1,1
1757356751.3507285,5.1699404034713625,-3.6951867052447778,2.4441,0.0,0.0,1.03736980042919,-0.7424504521313973,5.612896244388549,6.444496767892203,0.5522851055770228,0.015135407447814941,0.5422858042321261,5.586805991439637e-250,0.5,1,1
1757356751.40757,5.162603755919998,-3.689479566636436,2.4559,0.0,0.0,1.0361645413970093,-0.7415492087655737,5.681195442005731,6.47939865238338,0.4149482778231851,0.01810014247894287,0.5447656106969727,2.7934029957198183e-250,0.5,1,1
1757356751.4256668,5.159946901948854,-3.687839328387858,2.4738,0.0,0.0,1.035146011025512,-0.7408023208732758,5.8200543659024575,6.569159389509009,0.4356746705754956,0.020853042602539062,0.5505389118136985,1.3967014978599092e-250,0.5,1,1
1757356751.4487982,5.156645815301792,-3.6853826877224165,2.4902,0.0,0.0,1.0341404099467235,-0.739918753144312,5.658130273447828,6.433816434065509,0.7319890041429554,0.011549592018127441,0.5424941954349403,6.983507489299546e-251,0.5,1,1
1757356751.484158,5.153401421390286,-3.6830558362046557,2.5079,0.0,0.0,1.0332478507610399,-0.7392767804312244,5.6790848932936635,6.433777071913283,0.5499787533403743,0.016495823860168457,0.5427760075915473,3.491753744649773e-251,0.5,1,1
1757356751.51614,5.158995775149984,-3.6875787669832896,2.5266,0.0,0.0,1.032928386280805,-0.7390681116233127,5.73745865109109,6.469281263200867,0.5640051156381891,0.017762303352355957,0.5446605241553297,1.7458768723248864e-251,0.5,1,1
1757356751.5472267,5.160403952146051,-3.6885093262514475,2.5329,0.0,0.0,1.0327620682490553,-0.7388961576273734,5.693318039981576,6.433578885009948,0.22277440416859912,0.014638543128967285,0.542045348663299,8.729384361624432e-252,0.5,1,1
1757356751.579953,5.163824664244359,-3.6907238154017703,2.5398,0.0,0.0,1.0328452743741723,-0.7389335769378085,5.712377644267751,6.4454362343993745,0.24445289831951494,0.016390562057495117,0.5422603527836705,4.364692180812216e-252,0.5,1,1
1757356751.6111586,5.160492028289391,-3.6882418197999334,2.5378,0.0,0.0,1.0327126576314227,-0.7388198614277148,5.746797072793899,6.4682566488512725,0.1355706814525112,0.017008066177368164,0.5432252458221064,2.182346090406108e-252,0.5,1,1
1757356751.6472342,5.159757344210201,-3.6877527301330923,2.533,0.0,0.0,1.0325751972789743,-0.7387044375867426,5.800551720659393,6.510596306934164,0.13636686917394028,0.017894625663757324,0.545138869282627,1.091173045203054e-252,0.5,1,1
1757356751.67318,5.15899471163759,-3.6872408481921872,2.5292,0.0,0.0,1.0324165990369532,-0.7385318271296506,5.752895802038597,6.477044567520405,0.13155965108069168,0.014858007431030273,0.5426332245633836,5.45586522601527e-253,0.5,1,1
1757356751.706624,5.147746177127767,-3.678463707862467,2.5255,0.0,0.0,1.0316462221824305,-0.7379529779006442,5.769240470785956,6.4804916808700606,0.4415460982112047,0.016690969467163086,0.5430629300267922,2.727932613007635e-253,0.5,1,1
1757356751.7448015,5.141777552513115,-3.6740704733681695,2.5149,0.0,0.0,1.0307326368169252,-0.7372752827502659,5.77691435581818,6.488380892898759,0.3906344791101622,0.016554951667785645,0.5432123283231409,1.3639663065038175e-253,0.5,1,1
1757356751.7857652,5.136038842474921,-3.669735206993582,2.5001,0.0,0.0,1.02972641004288,-0.7365596624993105,5.854292180069598,6.55263246782874,0.4321603906339364,0.019038081169128418,0.5465825319351246,6.819831532519088e-254,0.5,1,1
1757356751.8148088,5.12112578545785,-3.6578450689813096,2.4893,0.0,0.0,1.0281164802449003,-0.7353076137257515,5.790443313496823,6.498083291331626,0.7361944267014415,0.014886260032653809,0.5437152598171832,3.409915766259544e-254,0.5,1,1
1757356751.8448138,5.111932428489838,-3.650631024837802,2.4903,0.0,0.0,1.0264101688780638,-0.7340202669489796,5.764476099245695,6.46999858356152,0.3727022856280754,0.015734553337097168,0.542622999192023,1.704957883129772e-254,0.5,1,1
1757356751.8791025,5.103310256798038,-3.6438528693629353,2.4885,0.0,0.0,1.0246578088754499,-0.7327202218847748,5.786247033601654,6.48055297479007,0.32342330592032137,0.017182111740112305,0.5436357416651607,8.52478941564886e-255,0.5,1,1
1757356751.9153905,5.092476884149841,-3.6352760418877224,2.4826,0.0,0.0,1.022727664209544,-0.7312936654291711,5.8473236207709895,6.522364055372067,0.40151059353839386,0.018709897994995117,0.5464302006736582,4.26239470782443e-255,0.5,1,1
1757356751.9437304,5.083243079169347,-3.627879012892928,2.475,0.0,0.0,1.0208266330214555,-0.7297967932759988,5.756632903750405,6.451129248153171,0.499895797482737,0.014064908027648926,0.5425225949008887,2.131197353912215e-255,0.5,1,1
1757356751.977406,5.075221558351393,-3.621336489048676,2.4649,0.0,0.0,1.0189620835022415,-0.7283733026664474,5.75778737142127,6.452847670419652,0.4352811144244714,0.016612648963928223,0.5427987477363143,1.0655986769561075e-255,0.5,1,1
1757356752.0116978,5.072701142065563,-3.6196666182147474,2.4529,0.0,0.0,1.0174631283873798,-0.7272369670594465,5.755123431716223,6.458736972539178,0.3734867199614271,0.016566872596740723,0.5429609627543392,5.327993384780537e-256,0.5,1,1
1757356752.0458724,5.069724217532402,-3.6171297128454176,2.4459,0.0,0.0,1.0161912858567324,-0.7262670365148127,5.775272103404386,6.47756956824607,0.2307306414916021,0.01737654209136963,0.5441381483269772,2.6639966923902686e-256,0.5,1,1
1757356752.0768504,5.06685332367888,-3.614647981469515,2.4404,0.0,0.0,1.0151261304846853,-0.7254090992412758,5.743852964601314,6.455866861906942,0.21117181949201702,0.01582157611846924,0.5430412259368236,1.3319983461951343e-256,0.5,1,1
1757356752.2198415,5.061437805089963,-3.6099894893381004,2.442,0.0,0.0,1.0140334996395761,-0.7245281906918929,5.7428786417181446,6.449519660495741,0.21986929976410843,0.0166473388671875,0.5432618727053365,6.659991730975672e-257,0.5,1,1
1757356752.243812,5.0578015526314095,-3.6069127338727025,2.4431,0.0,0.0,1.012262789225318,-0.7238092314405385,6.97308345945945,7.531486947022939,0.04062180155356681,0.06017255783081055,0.6119594760253351,3.329995865487836e-257,0.5,1,1
1757356752.2976477,5.05427377048625,-3.6039272284495927,2.4411,0.0,0.0,1.011644816836702,-0.7229204237198941,6.544997877241199,7.126652719579383,0.21139103039529722,0.01191091537475586,0.5815268221186354,1.664997932743918e-257,0.5,1,1
1757356752.5060186,5.055054566668961,-3.604885669650063,2.4396,0.0,0.0,1.0109225171038914,-0.7223586447076638,6.609378316638771,7.19374284442316,0.036226176650678954,0.026828289031982422,0.5849556227269929,8.32498966371959e-258,0.5,1,1
1757356752.517568,5.054524773571821,-3.6044385141981476,2.4387,0.0,0.0,1.0092220862954933,-0.721809595442034,8.457734610768519,9.319227697035213,0.005450849270151551,0.104209303855896,0.7307551602787331,4.162494831859795e-258,0.5,1,1
1757356752.5373397,5.05410604252811,-3.604083809263436,2.4357,0.0,0.0,1.0098148319908469,-0.7215145229237641,7.3883694311514905,8.042740515792081,0.2694123798924644,0.005660057067871094,0.6479998099632874,2.0812474159298974e-258,0.5,1,1
1757356752.5485966,5.065627589717213,-3.614622969234484,2.4305,0.0,0.0,1.010758378304747,-0.7218627119809301,6.707577664494108,7.3495924506310075,0.8351777746425822,0.009852886199951172,0.607228057307579,1.0406237079649487e-258,0.5,1,1
1757356752.5678287,5.071639499870239,-3.6198521682171183,2.4255,0.0,0.0,1.0117233432431243,-0.7224317589466247,6.100336928330919,6.798712719736317,0.840843762378542,0.005593657493591309,0.5749201807009744,5.2031185398247434e-259,0.5,1,1
1757356752.5832393,5.077448328165522,-3.6249534247621864,2.4214,0.0,0.0,1.0126669782409325,-0.7231349023341894,5.72307280575813,6.49548622541889,0.45711617182890074,0.009571671485900879,0.5566079473005544,2.6015592699123717e-259,0.5,1,1
1757356752.6043596,5.09418915394192,-3.640559943813027,2.4203,0.0,0.0,1.0143204405422461,-0.7244957556118297,5.382019239606353,6.257213756910256,1.5102252340676543,0.007586121559143066,0.5411535086490199,1.3007796349561859e-259,0.5,1,1
1757356752.6217875,5.10439388417635,-3.6497962356330147,2.4173,0.0,0.0,1.0160724849659182,-0.7260006885293684,5.180554667252216,6.129155353822383,0.6720672421386381,0.010480403900146484,0.5323877167617581,6.503898174780929e-260,0.5,1,1
1757356752.6427853,5.114262070865917,-3.6587936694561525,2.4137,0.0,0.0,1.0179039714284421,-0.727593368237093,4.977094154509984,6.009096963509071,0.799668758289887,0.008647918701171875,0.5246201746147712,3.2519490873904646e-260,0.5,1,1
1757356752.6647325,5.12510602428388,-3.668457588753812,2.4134,0.0,0.0,1.019829621661831,-0.7293111362787431,4.860972113569855,5.948568347705871,0.6925678448546765,0.010488748550415039,0.5205127882189038,1.6259745436952323e-260,0.5,1,1
1757356752.6839943,5.138423947816282,-3.6804568682440344,2.4077,0.0,0.0,1.0219581316709836,-0.7312541223920688,4.779176355892739,5.9168194890713925,0.8671007807298934,0.010846853256225586,0.5179671806989674,8.129872718476162e-261,0.5,1,1
1757356752.7001472,5.148003575303035,-3.689212683153821,2.3986,0.0,0.0,1.0240292157642699,-0.7331687324706395,4.682971846545551,5.876209334313497,0.8285766480944968,0.009564995765686035,0.5150282041215201,4.064936359238081e-261,0.5,1,1
1757356752.7155414,5.159077456720417,-3.699733647990098,2.3847,0.0,0.0,1.0261400386252706,-0.7351445393640467,4.565216873356678,5.830739278895776,1.2910567368209949,0.007998347282409668,0.5113960586260202,2.0324681796190404e-261,0.5,1,1
1757356752.7338436,5.1667241657789935,-3.707157524247211,2.3743,0.0,0.0,1.0280954389230572,-0.7369964382458674,4.461398364268119,5.789308673054216,0.9711411943165884,0.007666826248168945,0.5082651884004881,1.0162340898095202e-261,0.5,1,1
1757356752.7581773,5.1745919247728835,-3.7149707676269723,2.3625,0.0,0.0,1.0299522930874492,-0.7388067050629444,4.41741882479996,5.780541858474874,0.8881860574888897,0.009115338325500488,0.5069799691024122,5.081170449047601e-262,0.5,1,1
1757356752.7748563,5.195964190077379,-3.7376678011358484,2.3509,0.0,0.0,1.0324693709493493,-0.7414694871822782,4.466620910789052,5.835773408887888,1.3801331040306732,0.012050986289978027,0.508507268230161,2.5405852245238005e-262,0.5,1,1
1757356752.7923882,5.2087664912602065,-3.7512135496814745,2.3456,0.0,0.0,1.0349904428044578,-0.7441084665216311,4.405223304474189,5.821191121871322,1.1739016119392924,0.008253335952758789,0.5065527946362935,1.2702926122619002e-262,0.5,1,1
1757356752.8061938,5.221111100449279,-3.764428442409966,2.3412,0.0,0.0,1.0375029314644089,-0.746780628945874,4.372090210349753,5.82015433717021,1.0645116900401637,0.00874173641204834,0.5054210504003797,6.351463061309501e-263,0.5,1,1
1757356752.8249698,5.226581506713546,-3.7694056902346094,2.336,0.0,0.0,1.0396312180465808,-0.7489461911408517,4.292516971318621,5.788621831765933,0.6594277287929563,0.006855130195617676,0.5029753097408034,3.1757315306547506e-263,0.5,1,1
1757356752.84511,5.237483175791649,-3.7808682783686134,2.3247,0.0,0.0,1.0418001305213054,-0.7513494094248374,4.422154349755428,5.8679470965897975,0.7326362311070937,0.0132673978805542,0.5064310835575699,1.5878657653273753e-263,0.5,1,1
1757356752.8781483,5.244722556699485,-3.788661698203113,2.3134,0.0,0.0,1.0437748530051538,-0.7536995749197172,4.636500557813703,5.992025473592484,0.46865111569191553,0.016556978225708008,0.5128913346563677,7.939328826636877e-264,0.5,1,1
1757356752.9079227,5.246098999974502,-3.7901797232215544,2.3061,0.0,0.0,1.0452612092737277,-0.7555589796488762,4.834795683497187,6.107772403026894,0.2227362854287963,0.017020463943481445,0.5191678306641979,3.9696644133184383e-264,0.5,1,1
1757356752.9438627,5.250919660538463,-3.795683163546922,2.3022,0.0,0.0,1.0465750418630513,-0.7571980315170836,4.973802495887189,6.198069388845466,0.2581910722166952,0.01605546474456787,0.5232662153961691,1.9848322066592191e-264,0.5,1,1
1757356752.9771402,5.254387754856638,-3.799687075102914,2.2959,0.0,0.0,1.047698695250606,-0.7586201457771182,5.109020776800114,6.289963551300705,0.24756524274100467,0.016623854637145996,0.5272701222919516,9.924161033296096e-265,0.5,1,1
1757356753.012919,5.25253140636955,-3.7972916817517643,2.285,0.0,0.0,1.0484000489889984,-0.7594672620348684,5.228278918550385,6.371710930590967,0.3356701397878081,0.01685202121734619,0.5307961500140355,4.962080516648048e-265,0.5,1,1
1757356753.043811,5.252674782074282,-3.797455256156358,2.2754,0.0,0.0,1.0489097694932772,-0.7600178320131842,5.309546319033224,6.4327820424738045,0.2941804189336274,0.01632070541381836,0.5330362468025216,2.481040258324024e-265,0.5,1,1
1757356753.0853689,5.2528775763874975,-3.7976916518696204,2.2615,0.0,0.0,1.0492696754813235,-0.7605118353495404,5.503215289251715,6.57909495718775,0.3395408379861613,0.020473957061767578,0.540391360981004,1.240520129162012e-265,0.5,1,1
1757356753.1152017,5.254305262405916,-3.7995345511514462,2.2554,0.0,0.0,1.0496246162502028,-0.7607234332258046,5.485948263976061,6.572899012548633,0.21876982567976716,0.014925003051757812,0.5389288280749664,6.20260064581006e-266,0.5,1,1
1757356753.1469772,5.255464423246956,-3.8010072748191894,2.2512,0.0,0.0,1.0499494813773107,-0.7609910062812768,5.503701931712742,6.590347174105517,0.14390244252223758,0.015980243682861328,0.5395337012592542,3.10130032290503e-266,0.5,1,1
1757356753.1779456,5.256340291228803,-3.8021279738065146,2.2507,0.0,0.0,1.0502437687409747,-0.7612091197377568,5.485425395648721,6.578675154714561,0.05044299266929604,0.01494443416595459,0.5388094920581906,1.550650161452515e-266,0.5,1,1
1757356753.209072,5.25379868038787,-3.7988383268358947,2.2574,0.0,0.0,1.050311854518101,-0.7612212104700538,5.526761894424781,6.601111075084228,0.2356235124586641,0.016731977462768555,0.5406942416290959,7.753250807262575e-267,0.5,1,1
1757356753.2453923,5.252151439310745,-3.7968574890602294,2.2658,0.0,0.0,1.0502648371632146,-0.7611019106151443,5.5784852417880835,6.631692135094006,0.25373140111277076,0.01731395721435547,0.5430036531444031,3.8766254036312874e-267,0.5,1,1
1757356753.2758586,5.250900170955274,-3.7953759324702627,2.2729,0.0,0.0,1.0501646983287731,-0.7608668129672477,5.572890942853739,6.6214683612962775,0.2331635361876678,0.015783071517944336,0.5427778903871187,1.9383127018156437e-267,0.5,1,1
1757356753.3074598,5.246802809207388,-3.790697747104841,2.2883,0.0,0.0,1.049854520149633,-0.7604422431938467,5.596286985947351,6.623537610736268,0.49914750230420296,0.01663661003112793,0.5437793163900951,9.691563509078218e-268,0.5,1,1
1757356753.3441575,5.243823698996836,-3.787502601763691,2.3109,0.0,0.0,1.0494570000820362,-0.7599319757748897,5.6128267856478615,6.616919566185308,0.6984794308637876,0.016477465629577637,0.5443501211209101,4.845781754539109e-268,0.5,1,1
1757356753.3778389,5.239819102666326,-3.7834464217679424,2.3442,0.0,0.0,1.0489347402486346,-0.7593204981780857,5.635654548568311,6.606295347354396,1.014967576360627,0.016643047332763672,0.5450150877105013,2.4228908772695546e-268,0.5,1,1
1757356753.4167714,5.244313963639366,-3.7881897413652776,2.3634,0.0,0.0,1.048799830755776,-0.7591722842509001,5.729173335717183,6.668031570909816,0.5327651874276981,0.019034266471862793,0.5488229761704823,1.2114454386347773e-268,0.5,1,1
1757356753.4442894,5.246610954786143,-3.7902442675317842,2.3774,0.0,0.0,1.0488613025251934,-0.7590653023782619,5.657699528793985,6.60705025233198,0.5044980902965972,0.01420736312866211,0.5450964183365973,6.057227193173887e-269,0.5,1,1
1757356753.4732895,5.2477361995546765,-3.7912289198585,2.3821,0.0,0.0,1.0489650684980694,-0.7591007266584688,5.669182663823621,6.613132909849582,0.15001719885274964,0.01643848419189453,0.5452525448044973,3.0286135965869433e-269,0.5,1,1
1757356753.5083702,5.248071554645103,-3.791486640312513,2.3876,0.0,0.0,1.0490577248402015,-0.7591471063877175,5.707333181277411,6.637667952675199,0.15872766638686653,0.017376422882080078,0.5466214138996368,1.5143067982934716e-269,0.5,1,1
1757356753.5441084,5.248723395925119,-3.792084418665179,2.3889,0.0,0.0,1.0491719187453612,-0.7591742784501067,5.6921499758919,6.625893062303405,0.049481161419110124,0.015888214111328125,0.5456326119832262,7.571533991467358e-270,0.5,1,1
1757356753.5740724,5.249196026437255,-3.7925164652352477,2.3893,0.0,0.0,1.0492831150488129,-0.7592292358117381,5.697298994455722,6.629694971848789,0.022920570419804605,0.01647019386291504,0.5456237534105575,3.785766995733679e-270,0.5,1,1
1757356753.6125364,5.245479983975954,-3.788848418786659,2.3909,0.0,0.0,1.0491479674713287,-0.7590609258130361,5.709520240867684,6.633433740770423,0.16303763949966324,0.01674795150756836,0.5459621964378011,1.8928834978668395e-270,0.5,1,1
1757356753.6467502,5.243514615537758,-3.787018373989119,2.3963,0.0,0.0,1.0489374748310722,-0.758823927496405,5.71221118756408,6.6295442245625145,0.18267007872061666,0.016507625579833984,0.5458714164877944,9.464417489334198e-271,0.5,1,1
1757356753.6866314,5.241090089660913,-3.7847969059425517,2.4082,0.0,0.0,1.0486416904674254,-0.7585287057636758,5.731538434294933,6.633049601491827,0.3623429781404864,0.0170363187789917,0.5464841613434815,4.732208744667099e-271,0.5,1,1
1757356753.764366,5.228833240448393,-3.773565694009794,2.4167,0.0,0.0,1.047687245123348,-0.7577036355504663,5.834878082504902,6.692711635892684,0.4678278632266032,0.01995539665222168,0.5509387990441268,2.3661043723335494e-271,0.5,1,1
1757356753.795634,5.218273619830029,-3.7645574664692396,2.4317,0.0,0.0,1.0462615020522548,-0.7566218063401754,6.176502397113229,6.9457293458977745,0.3548177381483569,0.028798699378967285,0.567416389017236,1.1830521861667747e-271,0.5,1,1
1757356753.8076484,5.210532732043758,-3.758148616452962,2.4452,0.0,0.0,1.0448568161302225,-0.7552644979794195,6.051689990391509,6.827341338536047,0.5402541959672924,0.015575885772705078,0.5599881184230487,5.915260930833874e-272,0.5,1,1
1757356753.817087,5.190734833341021,-3.7416458048216454,2.4535,0.0,0.0,1.0428313907947393,-0.7533814169416471,5.67020572940708,6.507970489856686,2.270832712840892,0.005962014198303223,0.542263823633037,2.957630465416937e-272,0.5,1,1
1757356753.8406172,5.172686127274624,-3.7273776684617315,2.4598,0.0,0.0,1.0402899032573854,-0.7513284202475123,5.5612044669769976,6.40749097232693,0.9521960437361391,0.01252591609954834,0.5376107576226175,1.4788152327084684e-272,0.5,1,1
1757356753.9315097,5.159548717706137,-3.717135480547627,2.4673,0.0,0.0,1.0372859013918951,-0.7494293277172758,6.191132150000543,6.8797758481183395,0.24755692427175466,0.036897897720336914,0.5671796641602054,7.394076163542342e-273,0.5,1,1
1757356753.9463234,5.156086852766368,-3.7147646493782833,2.4733,0.0,0.0,1.035226588761792,-0.7476267552600626,5.968156643040869,6.692940690004444,0.2969164374654774,0.012329339981079102,0.5550065527363637,3.697038081771171e-273,0.5,1,1
1757356753.9693098,5.148624237579397,-3.7090170887490443,2.4765,0.0,0.0,1.0334685557980783,-0.746037910244347,5.646981271644336,6.43984460142094,0.6740563598119581,0.007379293441772461,0.5405591687573572,1.8485190408855855e-273,0.5,1,1
1757356753.9858572,5.1389921789498745,-3.7016531255359104,2.4786,0.0,0.0,1.0316076273400456,-0.7445152344621077,5.509534438442713,6.331050431021788,0.5385138085163603,0.011425018310546875,0.5349670824621122,9.242595204427927e-274,0.5,1,1
1757356754.0160797,5.141542122856051,-3.703952702358562,2.4783,0.0,0.0,1.0303239917467741,-0.7435537847652841,5.565333383188542,6.374400106783601,0.10144359384808321,0.016988635063171387,0.5372580641289074,4.621297602213964e-274,0.5,1,1
1757356754.040292,5.139658705578693,-3.702495301286664,2.4762,0.0,0.0,1.0293118940758215,-0.7427503507512806,5.554778292577335,6.366894582864691,0.10539294280230185,0.015063166618347168,0.5368528763851821,2.310648801106982e-274,0.5,1,1
1757356754.0773337,5.1378334439331095,-3.7010784701218142,2.4748,0.0,0.0,1.028459957492465,-0.7420818827401027,5.57444590277819,6.380422146336992,0.08464568033986121,0.015958666801452637,0.5376600916991454,1.155324400553491e-274,0.5,1,1
1757356754.1119347,5.139837852903012,-3.7028401596499427,2.4775,0.0,0.0,1.0279235309057528,-0.7416914344432652,5.631950865489964,6.422452990559561,0.10974570766772553,0.017295479774475098,0.5400045299904025,5.776622002767455e-275,0.5,1,1
1757356754.1405172,5.140803768285725,-3.7035985568578385,2.4798,0.0,0.0,1.0276053829363487,-0.7414438553520982,5.645301916890508,6.431671990748678,0.0807484634304185,0.016144752502441406,0.5403763738593568,2.8883110013837273e-275,0.5,1,1
1757356754.177173,5.141503780714144,-3.704146636299824,2.4803,0.0,0.0,1.0274115695754666,-0.741293943906242,5.666519087094405,6.447538014160725,0.03097456924522037,0.016465187072753906,0.5410757235798805,1.4441555006918637e-275,0.5,1,1
1757356754.215547,5.141226327500234,-3.703883509627813,2.4828,0.0,0.0,1.0272474479278877,-0.7411691975555251,5.6989208937013665,6.4692786767182024,0.0746149270583949,0.016947507858276367,0.5422421507432499,7.220777503459318e-276,0.5,1,1
1757356754.2450387,5.141309601116832,-3.703947762625892,2.4861,0.0,0.0,1.0271444571274744,-0.7410802919508253,5.713992470542825,6.478167145690362,0.09973447740626444,0.016552329063415527,0.5426284691853975,3.610388751729659e-276,0.5,1,1
1757356754.3096037,5.141417061287346,-3.7040301164681035,2.4861,0.0,0.0,1.0270751811285792,-0.7410199297159559,5.736641265764565,6.495064098024401,0.004005398718994345,0.01690065860748291,0.5433811199035958,1.8051943758648296e-276,0.5,1,1
1757356754.3442981,5.148024063322162,-3.7094162698620194,2.4821,0.0,0.0,1.0273185680994414,-0.7412854230355298,5.8895017465054735,6.6206909997221635,0.21910451540674092,0.021487712860107422,0.5501087697144098,9.025971879324148e-277,0.5,1,1
1757356754.3705323,5.15195833010308,-3.7124805923768647,2.4767,0.0,0.0,1.0278175850661624,-0.7416405319729245,5.876267096312617,6.618302066747104,0.21597095749007172,0.017017126083374023,0.5491410507501195,4.512985939662074e-277,0.5,1,1
1757356754.3943925,5.15576173959469,-3.7154727924987574,2.4727,0.0,0.0,1.028499372290395,-0.7420597895643714,5.745430376035225,6.525355494098338,0.24154363542137822,0.012996554374694824,0.5432043770360314,2.256492969831037e-277,0.5,1,1
1757356754.412628,5.167863667118915,-3.725692966260816,2.468,0.0,0.0,1.0296567226726712,-0.7429459199078179,5.7391234256705514,6.535863945634704,0.5052794525020226,0.01635003089904785,0.5430702518286938,1.1282464849155185e-277,0.5,1,1
1757356754.4437828,5.178071752564028,-3.7341523376954138,2.4585,0.0,0.0,1.03112675280895,-0.7440611046955738,5.678867357626605,6.507469929560237,0.5611211251898338,0.014533400535583496,0.540652020178728,5.641232424577593e-278,0.5,1,1
1757356754.48311,5.1854081199736335,-3.740343039926797,2.4518,0.0,0.0,1.032597407314661,-0.7452367690965381,5.709132415579021,6.540885095553345,0.34007281516489596,0.017211437225341797,0.5421964269380684,2.8206162122887962e-278,0.5,1,1
1757356754.5204287,5.183998832885059,-3.738732290275422,2.4545,0.0,0.0,1.0335659442256278,-0.7460159948837308,5.811476931413262,6.613118040251431,0.08674506722613702,0.0198591947555542,0.5469071296599151,1.4103081061443981e-278,0.5,1,1
1757356754.5443883,5.1860708488363265,-3.740431155597108,2.4627,0.0,0.0,1.03446692773685,-0.7466388287851081,5.6821924005555635,6.512224784301677,0.3398537216083377,0.012691736221313477,0.5411690209985359,7.051540530721991e-279,0.5,1,1
1757356754.5802093,5.1887539341630715,-3.7425990764369454,2.469,0.0,0.0,1.035242562306931,-0.7472484890468373,5.723460721752897,6.54020769558959,0.20467803130059253,0.01754593849182129,0.5430396023864865,3.5257702653609953e-279,0.5,1,1
1757356754.6164405,5.183653101432709,-3.738327171116411,2.4779,0.0,0.0,1.0355050937229104,-0.7474526994427265,5.790908447149127,6.578476430914075,0.29749858603403495,0.018675804138183594,0.5459906290896406,1.7628851326804976e-279,0.5,1,1
1757356754.6447022,5.18161832638737,-3.7368069917015907,2.4965,0.0,0.0,1.0356205750591474,-0.7474839217689331,5.696973335437806,6.49342133459405,0.6912791206923008,0.013578176498413086,0.5416089202030374,8.814425663402488e-280,0.5,1,1
1757356754.6753113,5.179745675254866,-3.7354662479259573,2.5181,0.0,0.0,1.0355726460749084,-0.7474595103348393,5.744805276042886,6.511318863621759,0.6167534393584934,0.01761031150817871,0.5434572428012123,4.407212831701244e-280,0.5,1,1
1757356754.7119539,5.18192381101028,-3.7371529762190385,2.5464,0.0,0.0,1.0356779884775387,-0.7475212955449642,5.735719008976635,6.486774675179178,0.8973115164555036,0.015843868255615234,0.5425926160113742,2.203606415850622e-280,0.5,1,1
1757356754.745186,5.183014335429023,-3.7378154515404707,2.5661,0.0,0.0,1.0358180996163933,-0.747605864421029,5.746970534689436,6.4818031256938,0.6040909019161709,0.016339659690856934,0.5425574357195762,1.101803207925311e-280,0.5,1,1
1757356754.786551,5.183812036275036,-3.738282021356497,2.575,0.0,0.0,1.0359547220612368,-0.7477006238035813,5.82107644935644,6.5302509723803475,0.24221655395724515,0.01847076416015625,0.5452830624389606,5.509016039626555e-281,0.5,1,1
1757356754.8131855,5.1764866654122095,-3.7335286828534207,2.5789,0.0,0.0,1.0356546541974427,-0.747477704903581,5.77057345642207,6.483035797915728,0.32474594446009253,0.014724969863891602,0.542476095522518,2.7545080198132776e-281,0.5,1,1
1757356754.848674,5.172986056437533,-3.7314367305513048,2.5776,0.0,0.0,1.0352150434140333,-0.7472147376774314,5.821821097049498,6.5183541070681885,0.12017312807783598,0.01780867576599121,0.5443123598039326,1.3772540099066388e-281,0.5,1,1
1757356754.879364,5.169592293713167,-3.7294023853424005,2.5733,0.0,0.0,1.0347143881440055,-0.7468949721093341,5.797599418896839,6.50042416114418,0.18709250665237748,0.015616536140441895,0.5428664036724903,6.886270049533194e-282,0.5,1,1
1757356754.9203823,5.170359800765379,-3.729983608745937,2.5667,0.0,0.0,1.0343747878506557,-0.746705770451181,5.863888083989732,6.555352671641242,0.1798434947390769,0.018543481826782227,0.5455406766747342,3.443135024766597e-282,0.5,1,1
1757356754.9573042,5.1694588895498,-3.729391393982532,2.556,0.0,0.0,1.0341096395082723,-0.7465156188860428,5.793908879351677,6.51008633668155,0.37229623303253256,0.014443039894104004,0.5422685786906918,1.7215675123832985e-282,0.5,1,1
1757356754.978252,5.1688097271494,-3.72895541801095,2.5471,0.0,0.0,1.0338649720899877,-0.7463661980886436,5.81195927671642,6.529254176118417,0.2629489395789567,0.016988635063171387,0.543044163157339,8.607837561916492e-283,0.5,1,1
1757356755.011196,5.173134584266433,-3.7321922101638503,2.5315,0.0,0.0,1.0339479487331864,-0.7464332351053276,5.800923781817132,6.536482726360748,0.509184775528565,0.01621103286743164,0.5426417040043411,4.303918780958246e-283,0.5,1,1
1757356755.041897,5.175053974531619,-3.7336147642590785,2.5155,0.0,0.0,1.0341220969803127,-0.7465630187219114,5.7992745216228405,6.548489463956778,0.4889133540923152,0.016544222831726074,0.5427622716015911,2.151959390479123e-283,0.5,1,1
1757356755.082242,5.176890486474395,-3.7350292004470553,2.4947,0.0,0.0,1.034359376804312,-0.7467365444271507,5.796504923624704,6.563080809624331,0.6297193857714208,0.016617536544799805,0.542953556405459,1.0759796952395615e-283,0.5,1,1
1757356755.117062,5.173246198565796,-3.7319780614866933,2.463,0.0,0.0,1.0343220211366038,-0.7466929943086045,5.796054962621643,6.581886516681026,0.9502128657720881,0.01686692237854004,0.5434286942974461,5.379898476197808e-284,0.5,1,1
1757356755.1439385,5.1720985529140675,-3.7309889732544033,2.4417,0.0,0.0,1.0342355413686586,-0.7466034695595841,5.77383023903035,6.579723027996129,0.6562407135318528,0.016269803047180176,0.5430390415603092,2.689949238098904e-284,0.5,1,1
1757356755.1798704,5.171006134625671,-3.7300053445054377,2.4223,0.0,0.0,1.0341080232208875,-0.7464865927823006,5.775314392350086,6.594271211961662,0.5701462923146607,0.017061948776245117,0.5437787818264492,1.344974619049452e-284,0.5,1,1
1757356755.2143095,5.1605711221197454,-3.7200741823232515,2.4055,0.0,0.0,1.0333994631110905,-0.7458458647013402,5.810786784729306,6.623336983814252,0.6023132760298826,0.018371224403381348,0.5460736926710819,6.72487309524726e-285,0.5,1,1
1757356755.2433565,5.15406080749661,-3.7137947769867,2.3993,0.0,0.0,1.0325324009661234,-0.745016289895486,5.736970696548166,6.565768071482851,0.3660807275113167,0.014977693557739258,0.5434202511521652,3.36243654762363e-285,0.5,1,1
1757356755.2777069,5.148365349960175,-3.7082188822138558,2.3936,0.0,0.0,1.0315707948114978,-0.7441041527534613,5.7109589471277795,6.545306680259855,0.30308582795902467,0.01616525650024414,0.5429667924356697,1.681218273811815e-285,0.5,1,1
1757356755.3089347,5.1435710791206635,-3.7037474698897106,2.3807,0.0,0.0,1.0305947934903659,-0.7431859200747418,5.701244141997077,6.543458524896866,0.4347676126767527,0.01664137840270996,0.5432564283468071,8.406091369059075e-286,0.5,1,1
1757356755.3442714,5.139744055025272,-3.699952820986728,2.3644,0.0,0.0,1.0296702354700429,-0.7422993976297618,5.682794639427774,6.538396918621372,0.5235861380023235,0.016394495964050293,0.5431837623739393,4.2030456845295373e-286,0.5,1,1
1757356755.3878732,5.136101045362153,-3.6962016984968398,2.3419,0.0,0.0,1.028790272720747,-0.7414382999352829,5.670381911950081,6.542511772640662,0.6946736463370599,0.01662623882293701,0.5434521753201488,2.1015228422647686e-286,0.5,1,1
1757356755.4103765,5.129180241405345,-3.6886627934980036,2.3207,0.0,0.0,1.0277352930180679,-0.7403772333970849,5.702862266944016,6.576376163022201,0.6454743782112072,0.018235325813293457,0.545795807641785,1.0507614211323843e-286,0.5,1,1
1757356755.4453933,5.1246241247716595,-3.683569692294135,2.3182,0.0,0.0,1.0267440227577773,-0.739320709553951,5.632562831947871,6.520925015941893,0.24250302691033226,0.015002965927124023,0.5433603975490191,5.253807105661922e-287,0.5,1,1
1757356755.4795492,5.120219938644405,-3.678615670800841,2.3192,0.0,0.0,1.0257629857714181,-0.738260733774092,5.623664027055704,6.509833168405909,0.2013406923316806,0.0166475772857666,0.5436801862366119,2.626903552830961e-287,0.5,1,1
1757356755.5073366,5.112230118260593,-3.669953644298247,2.3178,0.0,0.0,1.0245958990987114,-0.736991849029128,5.613284833538318,6.495343159806976,0.35807490457837904,0.016570687294006348,0.5438448031524034,1.3134517764154804e-287,0.5,1,1
1757356755.5448263,5.104710175856321,-3.6617844664982058,2.3198,0.0,0.0,1.0233127098799162,-0.7355942308056258,5.61893973167738,6.491178036003687,0.3305721533523035,0.017064452171325684,0.5446349852211958,6.567258882077402e-288,0.5,1,1
1757356755.579125,5.098745471812561,-3.655328061960189,2.322,0.0,0.0,1.022048805157389,-0.7342097992742179,5.6041015647147425,6.4731460264979575,0.276029536823511,0.016413211822509766,0.5443876687187217,3.283629441038701e-288,0.5,1,1
1757356755.6341484,5.089377396563468,-3.645424940299375,2.323,0.0,0.0,1.0204575651088146,-0.7325546844804873,5.8251002321310335,6.635774320180691,0.2789456058244105,0.024500608444213867,0.5553088241778221,1.6418147205193505e-288,0.5,1,1
1757356755.663192,5.082927778169078,-3.638595336504799,2.3226,0.0,0.0,1.0191695626235053,-0.7311264395373647,5.559359799219982,6.42481018240466,0.5049180989758724,0.009310603141784668,0.5428682795468671,8.209073602596753e-289,0.5,1,1
1757356755.675665,5.077083653458858,-3.6324009428081974,2.3215,0.0,0.0,1.0178303492455,-0.7296448711752926,5.534000658185047,6.401422977320338,0.2724207945404701,0.015760302543640137,0.5421698973095541,4.1045368012983762e-289,0.5,1,1
1757356755.717391,5.0696612232797245,-3.6244826664911405,2.3248,0.0,0.0,1.0164270329835572,-0.7280932908682772,5.541392813858318,6.397524779042846,0.3398958681013767,0.01668715476989746,0.5428476023491898,2.0522684006491881e-289,0.5,1,1
1757356755.810535,5.064138592479358,-3.6186448245385465,2.3296,0.0,0.0,1.0145979898337285,-0.7262462797279369,6.255828339962694,6.974071326958069,0.11246020408615989,0.04161715507507324,0.5803958448987682,1.0261342003245941e-289,0.5,1,1
1757356755.8279226,5.0587536441782746,-3.613006562269977,2.3343,0.0,0.0,1.0134035164145432,-0.7251866617047198,6.015183012004403,6.760103906513807,0.3341012013677901,0.013624191284179688,0.5648963848198081,5.1306710016229703e-290,0.5,1,1
1757356755.8748605,5.058130355071661,-3.6125597321287355,2.3409,0.0,0.0,1.0126642631788967,-0.7243817570294878,5.684306193321325,6.488442786587766,0.38533611052879885,0.008621573448181152,0.5487892588363339,2.5653355008114852e-290,0.5,1,1
1757356755.887126,5.055473082727277,-3.6098903551860033,2.3457,0.0,0.0,1.0116741857551677,-0.7233842051618542,5.83710073570359,6.6041005883920905,0.13030099278274376,0.023412585258483887,0.5568352930380589,1.2826677504057426e-290,0.5,1,1
1757356755.9067662,5.053517528003353,-3.607934337030467,2.3428,0.0,0.0,1.0112439304035996,-0.7228175005799194,5.468607346476258,6.320864060063898,0.3315858357743696,0.006042957305908203,0.5401395768421725,6.413338752028713e-291,0.5,1,1
1757356755.927914,5.057168547807402,-3.61175608617672,2.3383,0.0,0.0,1.0111067878724629,-0.7225076325663817,5.279262778957872,6.192776704053849,0.35470810792022867,0.009784936904907227,0.5326602431000224,3.2066693760143564e-291,0.5,1,1
1757356755.9437513,5.059111364295488,-3.6137642343780145,2.3359,0.0,0.0,1.011109894931192,-0.722300876580468,5.218984730399214,6.154723082989182,0.14223914457854522,0.012947797775268555,0.5305356615967266,1.6033346880071782e-291,0.5,1,1
1757356755.9777853,5.060513727857799,-3.615222086129864,2.3317,0.0,0.0,1.0111576977092278,-0.7221484902887885,5.284113690349721,6.203656587656,0.13872459626086456,0.016802191734313965,0.5334712905126394,8.016673440035891e-292,0.5,1,1
1757356756.0146887,5.061618277503823,-3.616446255293756,2.3228,0.0,0.0,1.0112355937768207,-0.7221434599627745,5.3279370641638915,6.241331921769431,0.2751350038522712,0.01644909381866455,0.5355856378688758,4.008336720017946e-292,0.5,1,1
1757356756.0478494,5.062576711995372,-3.6175064958689664,2.3132,0.0,0.0,1.0113322446387247,-0.722223692752092,5.365062444376612,6.27509045680669,0.2943877010094388,0.016484737396240234,0.5373332118219767,2.004168360008973e-292,0.5,1,1
1757356756.0769854,5.063495490878383,-3.618545483863817,2.3009,0.0,0.0,1.0114449073435205,-0.7223625573329934,5.394958401186096,6.305917854000321,0.37530640746165156,0.016490459442138672,0.5387089448047049,1.0020841800044864e-292,0.5,1,1
1757356756.115507,5.066948803342459,-3.6225661975831267,2.2866,0.0,0.0,1.0116650851556725,-0.7226682513842149,5.510614325797857,6.405014260783671,0.3875537690854989,0.019675493240356445,0.5439525638024194,5.010420900022432e-293,0.5,1,1
1757356756.1434994,5.069928141443444,-3.6261659639626154,2.2651,0.0,0.0,1.0120611887595403,-0.7232172453690809,5.434650458825534,6.367317945791855,0.7861145120871986,0.013994097709655762,0.5405393621358017,2.505210450011216e-293,0.5,1,1
1757356756.2213917,5.072030190008364,-3.6288168565251797,2.2456,0.0,0.0,1.0124259599836412,-0.7237036393729919,5.493433083539366,6.4272988307769925,0.5439654451988745,0.01819169521331787,0.5434572171770147,1.252605225005608e-293,0.5,1,1
1757356756.233382,5.068997651845853,-3.6249184884605965,2.2302,0.0,0.0,1.0123917404066316,-0.7237670053498333,5.754738357224057,6.638754312418698,0.3141414380089672,0.025740981101989746,0.556283724764205,6.26302612502804e-294,0.5,1,1
1757356756.2490659,5.067980981564032,-3.6235224670570685,2.2282,0.0,0.0,1.0125945849857843,-0.7239780740381487,5.416094454783341,6.377800877326772,0.19082645804921003,0.006923675537109375,0.5404156415920789,3.13151306251402e-294,0.5,1,1
1757356756.2774067,5.0674881669354965,-3.6228451334855767,2.2312,0.0,0.0,1.0126240615284778,-0.7239569511972395,5.391418698947373,6.356970625661534,0.10121868579028744,0.015386223793029785,0.5397233475248411,1.56575653125701e-294,0.5,1,1
1757356756.3192737,5.061503465571008,-3.6151205093210574,2.231,0.0,0.0,1.0123040744168927,-0.7234852529767962,5.399902087751972,6.356118671818363,0.29915741407669766,0.016335487365722656,0.5404012644606575,7.82878265628505e-295,0.5,1,1
1757356756.3881674,5.058424412983093,-3.611142296431152,2.2313,0.0,0.0,1.011890506533855,-0.7229101685704178,5.4228705143124625,6.3695702343790845,0.1493662837105302,0.016869664192199707,0.5416373191927601,3.914391328142525e-295,0.5,1,1
1757356756.4087207,5.055430356822681,-3.6072875919576286,2.2357,0.0,0.0,1.0112560545000888,-0.7221312445429489,5.7576440635354995,6.623275511689243,0.11817231317207591,0.027804255485534668,0.5577642779350113,1.9571956640712625e-295,0.5,1,1
1757356756.4235494,5.056959893308106,-3.6092641158089354,2.2412,0.0,0.0,1.011102989388326,-0.7219657682414273,5.505016434925058,6.424155003183361,0.3050385841619094,0.009902358055114746,0.545292888327658,9.785978320356312e-296,0.5,1,1
1757356756.4849505,5.057019233668779,-3.6093275399584517,2.2472,0.0,0.0,1.0107572792149022,-0.7216062951357628,5.812137336763271,6.6625147743190185,0.10872233996898435,0.027596116065979004,0.5604603987451653,4.892989160178156e-296,0.5,1,1
1757356756.5001101,5.057067181943185,-3.609377712599889,2.2533,0.0,0.0,1.0107441250737992,-0.7216030531527691,5.561489488918585,6.45996254317538,0.2931555570960574,0.010404706001281738,0.5479524532159904,2.446494580089078e-296,0.5,1,1
1757356756.5150015,5.059419159721553,-3.6122334805335687,2.257,0.0,0.0,1.0109438870571914,-0.7217560067792442,5.280071023069937,6.251896398626905,0.3455294216531741,0.00757145881652832,0.5357156532281737,1.223247290044539e-296,0.5,1,1
1757356756.5453753,5.0611521024641615,-3.614303246339908,2.2569,0.0,0.0,1.0111144807241779,-0.7218351266142964,5.325277360432091,6.2859499626179485,0.08004233733650329,0.016874194145202637,0.5376334048886979,6.116236450222695e-297,0.5,1,1
1757356756.577918,5.062523155802631,-3.6159354328467916,2.2596,0.0,0.0,1.0113169610707036,-0.7220158036743283,5.333661770496765,6.2913342543346955,0.1086003952321961,0.015838027000427246,0.538024957232638,3.0581182251113476e-297,0.5,1,1
1757356756.6149383,5.070955309219767,-3.626107699665886,2.2661,0.0,0.0,1.0119271251413549,-0.7227318366124758,5.373686381459425,6.325455386900639,0.43589892959446014,0.016890406608581543,0.5396869881765173,1.5290591125556738e-297,0.5,1,1
1757356756.6453443,5.075669769279099,-3.631674382192956,2.2728,0.0,0.0,1.0126364515698836,-0.7235962006537553,5.394580867056295,6.340781876991134,0.30151204649562713,0.016425132751464844,0.5404373972829908,7.645295562778369e-298,0.5,1,1
1757356756.672925,5.079983825742689,-3.636688840278989,2.2817,0.0,0.0,1.0133953897032977,-0.7245248403191034,5.417351042462,6.355376238829248,0.3351320261921592,0.016544222831726074,0.5411876636994464,3.8226477813891845e-298,0.5,1,1
1757356756.7158039,5.081217483921021,-3.6380005103817528,2.2902,0.0,0.0,1.013996953970975,-0.7252714249891443,5.504573591560486,6.414289494972127,0.23071475362525296,0.018829822540283203,0.544779276704052,1.9113238906945923e-298,0.5,1,1
1757356756.7448373,5.083883259217766,-3.6409893465880527,2.2935,0.0,0.0,1.01462214482184,-0.7260253048921148,5.4467629971161085,6.37152546618506,0.17977245831166278,0.014433145523071289,0.5418384364162424,9.556619453472961e-299,0.5,1,1
1757356756.7737994,5.085974880862883,-3.6433265414989573,2.2912,0.0,0.0,1.015185058110527,-0.7266909943644743,5.4745908275696715,6.3952693421292635,0.11473041034125023,0.016950130462646484,0.542838279433234,4.778309726736481e-299,0.5,1,1
1757356756.8107443,5.08541881642209,-3.6426875375368755,2.287,0.0,0.0,1.0155709634719,-0.7271464945235255,5.47446378040614,6.396830842386896,0.1323395607781724,0.01618778705596924,0.5426402570572213,2.3891548633682403e-299,0.5,1,1
1757356756.8438864,5.085878347205224,-3.643214992269262,2.285,0.0,0.0,1.0158797942202622,-0.7275087753381952,5.4831902532458185,6.404775156683729,0.06427572279337461,0.016482234001159668,0.5428752156640495,1.1945774316841202e-299,0.5,1,1
1757356756.8757634,5.086207065366122,-3.643594453977657,2.2816,0.0,0.0,1.0161237263004597,-0.727795488015742,5.49918751021884,6.419101580394867,0.10231861327244494,0.016794919967651367,0.5434751400737513,5.972887158420601e-300,0.5,1,1
1757356756.916023,5.086929001164291,-3.6444647178234124,2.2767,0.0,0.0,1.0163285439503567,-0.728051207408578,5.573291747537517,6.479050464562151,0.13291616008423443,0.018917083740234375,0.5467754069893431,2.9864435792103004e-300,0.5,1,1
1757356756.944379,5.087468130895979,-3.6451158434948834,2.2692,0.0,0.0,1.0165419555833597,-0.7282915612445442,5.490932546918206,6.422928606464798,0.26698777177713,0.014134526252746582,0.5430248984691662,1.4932217896051502e-300,0.5,1,1
1757356756.9773743,5.088151854546946,-3.645962134228813,2.2513,0.0,0.0,1.0167281278320213,-0.7285053817892397,5.498199284650116,6.441783566889847,0.5362157622484305,0.01672184467315674,0.5434997758476131,7.466108948025751e-301,0.5,1,1
1757356757.0139349,5.086991330570577,-3.644482236534536,2.2385,0.0,0.0,1.0167890515704545,-0.7285745410915859,5.547002391282499,6.486490948313591,0.35404776603821314,0.01827073097229004,0.5459275823567756,3.7330544740128755e-301,0.5,1,1
1757356757.0415003,5.086404765970024,-3.643700011084536,2.2343,0.0,0.0,1.0168188555396305,-0.7285893544241625,5.495830861957604,6.45023149345236,0.14154099235738588,0.015233397483825684,0.5438246049419133,1.8665272370064378e-301,0.5,1,1
1757356757.0778317,5.0859814828515875,-3.643132587394607,2.2359,0.0,0.0,1.0168143309550575,-0.7285634619877981,5.495771721337925,6.448669321007199,0.05260237784060903,0.01663053035736084,0.5440090852972395,9.332636185032189e-302,0.5,1,1
1757356757.1121073,5.088329342944168,-3.6461813877437814,2.2373,0.0,0.0,1.0169509277147233,-0.728721017036355,5.482174631309887,6.440457578042309,0.12663845651545635,0.016167402267456055,0.5435480740676739,4.6663180925160944e-302,0.5,1,1
1757356757.1399982,5.089450173367027,-3.6476184070884856,2.241,0.0,0.0,1.0171138037793162,-0.7289174146340087,5.493416861430872,6.447584650763222,0.12196948257307377,0.016907811164855957,0.5441511357724546,2.3331590462580472e-302,0.5,1,1
1757356757.1773932,5.090901366859061,-3.649461913596923,2.2464,0.0,0.0,1.0173188652319154,-0.7291681984203593,5.493391326396427,6.445384597986648,0.17759010161979197,0.016576528549194336,0.5441943509061695,1.1665795231290236e-302,0.5,1,1
1757356757.210369,5.095229080346198,-3.6547276838883236,2.2471,0.0,0.0,1.0177194650077717,-0.7296539628879366,5.48727365309715,6.44527742975426,0.20931867714449756,0.016366958618164062,0.5439512975890451,5.832897615645118e-303,0.5,1,1
1757356757.2412903,5.0980169694014394,-3.65811642266378,2.2495,0.0,0.0,1.018170575325311,-0.7302029256032172,5.50259749109096,6.458014986754565,0.14669438881439387,0.017047643661499023,0.5446510922970962,2.916448807822559e-303,0.5,1,1
1757356757.2787304,5.101628722398548,-3.6624596801152207,2.2582,0.0,0.0,1.018708216363144,-0.7308535063564483,5.5142938541713615,6.464448183840885,0.30528736002996243,0.01698887348175049,0.5451268146817049,1.4582244039112795e-303,0.5,1,1
1757356757.3153982,5.101551868639443,-3.6623460309628353,2.2643,0.0,0.0,1.0190951488085036,-0.731322142437361,5.545630020407506,6.483118633435688,0.17216905414780226,0.017719626426696777,0.5464711429586682,7.291122019556398e-304,0.5,1,1
1757356757.3423722,5.103064900742432,-3.6641219531941114,2.2714,0.0,0.0,1.0194738005966535,-0.7317614590923871,5.488974051663065,6.436946047363138,0.25093759605103094,0.01489114761352539,0.5437813624252884,3.645561009778199e-304,0.5,1,1
1757356757.3827739,5.1041695314246,-3.6654003288681785,2.2792,0.0,0.0,1.0198044164975901,-0.7321621277835553,5.576299891235836,6.497858134852388,0.20576485990891957,0.019393205642700195,0.5476135557586265,1.8227805048890994e-304,0.5,1,1
1757356757.4064727,5.10744424423119,-3.669115241673174,2.2849,0.0,0.0,1.0202464440913712,-0.7326539961316998,5.476588188349559,6.422512682001103,0.278393109789078,0.013561367988586426,0.5429139451878087,9.113902524445497e-305,0.5,1,1
1757356757.4437203,5.110175094972719,-3.6721663851076998,2.2838,0.0,0.0,1.0207203964589,-0.7331956362790817,5.498279945003755,6.441889973437966,0.1245408604586693,0.017022252082824707,0.5437513928922345,4.5569512622227484e-305,0.5,1,1
1757356757.4825046,5.112304410207841,-3.674548925129856,2.2812,0.0,0.0,1.021189234131031,-0.7337240308791362,5.492686409030334,6.441452037856273,0.12684194935512477,0.016238808631896973,0.543402084489078,2.2784756311113742e-305,0.5,1,1
1757356757.505597,5.11073184358534,-3.6727402033058345,2.2764,0.0,0.0,1.021441225076081,-0.734006208066051,5.496356169227403,6.4452142639379435,0.16227323311839748,0.01653110980987549,0.5435054646990087,1.1392378155556871e-305,0.5,1,1
1757356757.5462162,5.110505402703357,-3.672471743045562,2.2718,0.0,0.0,1.0216115621791406,-0.7341993182562556,5.533405510643079,6.475623163941866,0.13018434841282486,0.01771867275238037,0.5451465166146298,5.696189077778436e-306,0.5,1,1
1757356757.5840752,5.110197315029988,-3.672102677329256,2.2669,0.0,0.0,1.0217176347776364,-0.7343196240476626,5.598211757802167,6.527837903141796,0.12975829412315754,0.018971920013427734,0.5481363050900023,2.848094538889218e-306,0.5,1,1
1757356757.606203,5.105660388856356,-3.666506780437385,2.2646,0.0,0.0,1.0215386074666082,-0.7340669431021586,5.484805959089905,6.43860474389388,0.28346080018105657,0.01333916187286377,0.5430022314450802,1.424047269444609e-306,0.5,1,1
1757356757.6442406,5.1021119286809675,-3.6621236378567263,2.2636,0.0,0.0,1.021203933954667,-0.733645836043206,5.485680331835187,6.435841277098209,0.1738488096457793,0.016472458839416504,0.543089729474804,7.120236347223045e-307,0.5,1,1
1757356757.6783671,5.099459592880935,-3.6588373955466302,2.2625,0.0,0.0,1.020808544018912,-0.7331490406874253,5.487375963159002,6.434986396437664,0.1322034772764314,0.016504764556884766,0.5432072827919474,3.5601181736115222e-307,0.5,1,1
1757356757.707537,5.093267002995448,-3.6512539642098996,2.2589,0.0,0.0,1.0201649369253378,-0.7323512422982186,5.50337794860871,6.442508351390835,0.3064362250749395,0.017020702362060547,0.5439764398238731,1.7800590868057611e-307,0.5,1,1
1757356757.7443712,5.087164736951146,-3.6436642099998924,2.2481,0.0,0.0,1.0193482303305228,-0.7313328819234217,5.489481582885714,6.433140261374197,0.44981147918108627,0.01616501808166504,0.5434709821368873,8.900295434028806e-308,0.5,1,1
1757356757.786773,5.082794395991877,-3.6381001769262373,2.2361,0.0,0.0,1.0185023825749442,-0.7302707346268817,5.49281801301408,6.439792584486731,0.4164523324267315,0.01672518253326416,0.5438011288533726,4.450147717014403e-308,0.5,1,1
1757356757.8179681,5.084497096094342,-3.640233871562811,2.2226,0.0,0.0,1.0179848347415206,-0.7296183865764689,5.486703167439671,6.447838643653893,0.41727420472106375,0.01650381088256836,0.5437748687644153,2.2250738585072014e-308,0.5,1,1
1757356757.8451173,5.083916489726349,-3.6394574701117537,2.2094,0.0,0.0,1.0175756312877122,-0.7290980475668856,5.482094953020599,6.453815067791508,0.398789845184427,0.016594648361206055,0.5438729769060816,1.1125369292536007e-308,0.5,1,1
1757356757.885115,5.0832083437899325,-3.6384798341275246,2.1932,0.0,0.0,1.017219860198664,-0.7286516528633358,5.592036090547194,6.549870105097105,0.3939869857081062,0.02061605453491211,0.5493235823666764,5.562684646268003e-309,0.5,1,1
1757356757.9132755,5.092437650586115,-3.6518962875466743,2.1828,0.0,0.0,1.0175118951756177,-0.72911544361619,5.506917983771053,6.504413287566057,0.6533948234472854,0.01478588581085205,0.5457855328917728,2.781342323134e-309,0.5,1,1
1757356757.9471495,5.097104344129334,-3.65900365266592,2.1747,0.0,0.0,1.0179959360748887,-0.7298547088641644,5.445760751994377,6.470086336143119,0.38914551265771075,0.015088438987731934,0.5434733904942435,1.390671161567e-309,0.5,1,1
1757356757.9735093,5.101565031768673,-3.6659434922810163,2.1652,0.0,0.0,1.0186035292631634,-0.7307892076584286,5.420547638814084,6.463692315313141,0.39406753563826596,0.015964388847351074,0.5427859824362088,6.953355807835e-310,0.5,1,1
1757356758.0160255,5.102119659002489,-3.6667838515085416,2.1495,0.0,0.0,1.0190774590164369,-0.7315213446651512,5.414823868048686,6.471004088165724,0.47519700243755086,0.016553401947021484,0.5430037694149732,3.4766779039175e-310,0.5,1,1
1757356758.043588,5.103958399282106,-3.6696728160779273,2.136,0.0,0.0,1.0195280079782496,-0.7322234075539333,5.409358071528686,6.478878324134801,0.41927884163059226,0.01660895347595215,0.5432561909273032,1.73833895195875e-310,0.5,1,1
1757356758.189052,5.105265728755856,-3.6717796904991364,2.128,0.0,0.0,1.0199226884325352,-0.7328787216001929,5.635415028507045,6.661803693436252,0.1697593459493596,0.024668574333190918,0.5543999426116913,8.691694759794e-311,0.5,1,1
1757356758.227773,5.101832049425972,-3.6663206531472894,2.1249,0.0,0.0,1.0199740868285945,-0.7330779203375104,6.595403554506839,7.518802603092114,0.06692913012542114,0.05345582962036133,0.611695353973674,4.345847379897e-311,0.5,1,1
1757356758.334651,5.100668541967357,-3.664381156974784,2.1229,0.0,0.0,1.0199917668224319,-0.7330040654567509,6.36615147575939,7.30544082049348,0.07842960239016981,0.01924765110015869,0.5935422905555643,2.1729236899484e-311,0.5,1,1
1757356758.3751972,5.099177701212554,-3.6618804437724304,2.121,0.0,0.0,1.0198533644464716,-0.7328184322184588,7.031797800045865,7.993894623796928,0.03255817752243957,0.05338931083679199,0.640622084255049,0.0,0.0,1,1
1757356758.3869078,5.099105144344486,-3.6617651092641386,2.1171,0.0,0.0,1.019818401455976,-0.7326573750327501,6.655690920279541,7.6157169891019025,0.0964932638198458,0.0,0.6152156797472461,0.0,0.5,1,1
1757356758.5542126,5.098569050541606,-3.6608685820145115,2.107,0.0,0.0,1.01977730710496,-0.7325212801292922,6.009460311438888,7.010701206250286,0.8782206959651779,0.0,0.5798870862828315,0.0,0.5,1,1
1757356758.6431444,5.098059691538626,-3.659993087303088,2.0912,0.0,0.0,1.019589347791343,-0.7324338726767502,7.152404216830471,8.230901608943011,0.09470841650752482,0.08358514308929443,0.6798057986445936,0.0,0.5,1,1
1757356758.7251804,5.095913716950854,-3.6560986354139535,2.0655,0.0,0.0,1.0193990855272652,-0.7320213797190621,7.048459171885584,8.175931955341671,0.2935214004960672,0.04442918300628662,0.6780061532266577,0.0,0.5,1,1
1757356758.7906728,5.094416282395244,-3.653128043089293,2.0413,0.0,0.0,1.0191678545262266,-0.7315493230333496,6.835277245896542,7.98895041686166,0.29777086665850744,0.04101741313934326,0.6781410857709116,0.0,0.5,1,1
1757356758.8097343,5.093377709244612,-3.650954707158563,2.0258,0.0,0.0,1.0189455187147407,-0.7311016061219366,6.486057355574397,7.638139782485539,0.24054976056175617,0.03260457515716553,0.6640132760963213,0.0,0.5,1,1
1757356758.821069,5.095184568716211,-3.6545645801487354,2.019,0.0,0.0,1.0189515945825145,-0.7310413340403109,5.821617434866197,6.983221843520641,0.41777502888488066,0.009464383125305176,0.6164904862847803,0.0,0.5,1,1
1757356758.8380978,5.095527162288748,-3.6553375030846573,2.0191,0.0,0.0,1.0189847434615238,-0.7310578531800488,5.26098693154062,6.497508961151578,0.07603875244512076,0.0055980682373046875,0.5794561579571225,0.0,0.5,1,1
1757356758.8552814,5.0959678437324225,-3.656332013230179,2.0221,0.0,0.0,1.019033724789547,-0.7311414630603238,4.88443425728409,6.209773809292625,0.18887363040422203,0.008447766304016113,0.5564767998443527,0.0,0.5,1,1
1757356758.8744712,5.09577774213768,-3.655926353337992,2.0286,0.0,0.0,1.0190642217728363,-0.7311847544687655,4.594622394753789,6.007641356081931,0.3818951399051731,0.008530378341674805,0.5406318192328395,0.0,0.5,1,1
1757356758.89449,5.095827114806493,-3.6560262191727224,2.0364,0.0,0.0,1.0190945712390376,-0.7312256891697078,4.3879018607541,5.8745754182662475,0.40909885068070995,0.009534120559692383,0.5303277404388085,0.0,0.5,1,1
1757356758.908659,5.095875605803362,-3.6561228196690436,2.0398,0.0,0.0,1.0191238123637878,-0.7312604903588258,4.234836768355021,5.78437136048064,0.17093167668653345,0.009950518608093262,0.5234047551865878,0.0,0.5,1,1
1757356758.9283385,5.0960848820461715,-3.6565126619025476,2.038,0.0,0.0,1.0191565067532564,-0.731295162460681,4.055778168133152,5.690042347134693,0.13191866555695791,0.007025480270385742,0.5163024299687222,0.0,0.5,1,1
1757356758.9463522,5.096251878083478,-3.6568334270009286,2.0351,0.0,0.0,1.0191956927787575,-0.7313435556150333,3.970586344369532,5.648613775587238,0.14942024252341482,0.00977933406829834,0.5128082036477712,0.0,0.5,1,1
1757356758.9688902,5.0963725361011285,-3.657065863585714,2.0343,0.0,0.0,1.0192310317652593,-0.731387277672139,3.888661264339548,5.609551245923928,0.04694277749827082,0.00896596908569336,0.5096524096097081,0.0,0.5,1,1
1757356758.9832973,5.0965220811187635,-3.6573727828556146,2.0326,0.0,0.0,1.0192698988188553,-0.7314395937282843,3.875372090880332,5.603812591157141,0.07765653583789424,0.011164188385009766,0.5087909809265948,0.0,0.5,1,1
1757356759.000737,5.096652543898845,-3.657637678660001,2.0294,0.0,0.0,1.0192986123844356,-0.7314816200808761,3.7782435029389996,5.561288930217168,0.22576407770974313,0.007117152214050293,0.5053525866525854,0.0,0.5,1,1
1757356759.0183265,5.096819479842444,-3.6579791297778432,2.0274,0.0,0.0,1.0193324638041568,-0.7315322615970128,3.7369701736805916,5.5441404870552375,0.1181145653726374,0.008617877960205078,0.5036528594012641,0.0,0.5,1,1
1757356759.0357575,5.099366061633764,-3.6630427661073552,2.0283,0.0,0.0,1.0194968443131227,-0.7318464410852266,3.7107318191967913,5.536809650618656,0.3292149556107067,0.008716106414794922,0.502405875437598,0.0,0.5,1,1
1757356759.0518222,5.100696218930037,-3.665767148786437,2.0311,0.0,0.0,1.019690095578116,-0.7322239073374534,3.6941252143641394,5.530632801585082,0.2377302275974526,0.008679866790771484,0.5014330697965015,0.0,0.5,1,1
1757356759.0710359,5.10199573128483,-3.668406763660337,2.0357,0.0,0.0,1.0199012643436631,-0.7326413218755865,3.6693823863299744,5.520435864511722,0.3412050212587226,0.00800168514251709,0.5002421863459836,0.0,0.5,1,1
1757356759.0860353,5.1083237946572915,-3.6806385659874046,2.035,0.0,0.0,1.0204071700753932,-0.7336186975229713,3.69502450507104,5.541886571271324,0.7205551006494773,0.00956869125366211,0.5003977706995993,0.0,0.5,1,1
1757356759.1033506,5.11182365362785,-3.6875939704804725,2.0312,0.0,0.0,1.0209633350280964,-0.7347067885045663,3.6667160360627173,5.537241734730779,0.578549925482051,0.007487773895263672,0.49916870727339846,0.0,0.5,1,1
1757356759.1213257,5.11519857897456,-3.6943530048685096,2.0287,0.0,0.0,1.0215586847966809,-0.7358720300878219,3.6782098410849002,5.5480787909255485,0.4625341665612178,0.008602261543273926,0.49897908873868635,0.0,0.5,1,1
1757356759.13944,5.119301314412523,-3.7029295103349296,2.0265,0.0,0.0,1.0222205607093238,-0.7371931350118148,3.7018165490025434,5.565289412417572,0.5481556780727991,0.008901238441467285,0.49910226834389837,0.0,0.5,1,1
1757356759.1562345,5.1223070236953205,-3.7091749507504788,2.0239,0.0,0.0,1.0228699306370952,-0.7385014769160125,3.730859852811864,5.582933198383024,0.41011690802598183,0.009025096893310547,0.49936867952960906,0.0,0.5,1,1
1757356759.1776245,5.1261448657844895,-3.717228764117821,2.0191,0.0,0.0,1.023552083746435,-0.7398960250597977,3.7405584298033494,5.595076443154145,0.6072400199574638,0.008341670036315918,0.49916253472818134,0.0,0.5,1,1
1757356759.19573,5.129762462218391,-3.7248205806536507,2.0174,0.0,0.0,1.0242604549450853,-0.7413461468725748,3.822898130986445,5.636931625078993,0.40288643890250764,0.010647892951965332,0.5007966736092134,0.0,0.5,1,1
1757356759.2139602,5.132838234259704,-3.731351762075966,2.0183,0.0,0.0,1.0249373476368528,-0.7427620249816984,3.8495928694280597,5.65296551914607,0.4030734945957055,0.009024500846862793,0.5010040405221914,0.0,0.5,1,1
1757356759.2292864,5.135833694304919,-3.7376836667445144,2.0223,0.0,0.0,1.0255953925123091,-0.7441482544505716,3.880252230317895,5.669394988580302,0.4436082558469345,0.009091734886169434,0.5013029168908,0.0,0.5,1,1
1757356759.2553425,5.14300414496657,-3.752083628378153,2.0244,0.0,0.0,1.0264981571119118,-0.7460131695247993,4.063945831768238,5.766601413200707,0.5826483388281277,0.013921737670898438,0.5057842866923113,0.0,0.5,1,1
1757356759.2756126,5.147355093601343,-3.7609865564166816,2.0218,0.0,0.0,1.0273477401089242,-0.7478059456264388,3.99277227052009,5.739927032679086,0.7708167946453675,0.006645321846008301,0.5032089840748445,0.0,0.5,1,1
1757356759.3009331,5.151564486083877,-3.769630449252482,2.0218,0.0,0.0,1.0282184716154577,-0.7496341441811167,4.0466282823539945,5.771968885185751,0.47944949049915936,0.01002645492553711,0.5041751080156985,0.0,0.5,1,1
1757356759.317843,5.155795773096209,-3.7781475036322614,2.0269,0.0,0.0,1.0290983903464719,-0.7515000082012553,4.182756275609935,5.843532512908267,0.42822335484998336,0.012600183486938477,0.5074707682777299,0.0,0.5,1,1
1757356759.3570704,5.159210418473829,-3.7849539326293042,2.0303,0.0,0.0,1.029956805304977,-0.7534475209738325,4.558577418805706,6.05373789890663,0.20517117652918568,0.02032327651977539,0.518856811737429,0.0,0.5,1,1
1757356759.3810363,5.163646516434345,-3.793694176439136,2.0355,0.0,0.0,1.0307377419122536,-0.7552542290312898,4.598800699126486,6.080846453969285,0.4639837450128133,0.01195681095123291,0.5189641713032564,0.0,0.5,1,1
1757356759.418788,5.159082228168648,-3.7850992400054713,2.0352,0.0,0.0,1.0310551597011417,-0.7562449836177941,4.854849013583278,6.232155424420429,0.26263781326748736,0.018535614013671875,0.5272368857583359,0.0,0.5,1,1
1757356759.4430468,5.1587019928388855,-3.7843560708888444,2.0311,0.0,0.0,1.0312175589817991,-0.7568212988042139,4.956243491972645,6.300636853194223,0.13751032971671967,0.015213847160339355,0.5296465783438677,0.0,0.5,1,1
1757356759.4807405,5.158335255016212,-3.7836339011253783,2.0296,0.0,0.0,1.031294892583016,-0.7572083594909695,5.087643902230961,6.390614892432518,0.05124021208648827,0.016634464263916016,0.5335349535025895,0.0,0.5,1,1
1757356759.508009,5.1519543432945785,-3.771091388843316,2.0325,0.0,0.0,1.0309854691108162,-0.7566836882682818,5.177757792113842,6.442205815544729,0.4461087486334902,0.016103744506835938,0.5359663238130546,0.0,0.5,1,1
1757356759.556213,5.147290039071308,-3.761749044417441,2.0372,0.0,0.0,1.0304850315079674,-0.7557318451997769,5.292973804805493,6.515777997960724,0.32963806996128053,0.01736903190612793,0.5397400512797148,0.0,0.5,1,1
1757356759.5864112,5.143882343862737,-3.7550018045302718,2.0423,0.0,0.0,1.0299215984973698,-0.7545821031001406,5.3349021739913765,6.538841712409027,0.2878943207402453,0.015836596488952637,0.5407088873453405,0.0,0.5,1,1
1757356759.6151357,5.138409430843091,-3.7450196647889844,2.0592,0.0,0.0,1.0291912487128192,-0.7531587734111562,5.411263711481867,6.577014442736739,0.5958078802911759,0.017099976539611816,0.5434194194077191,0.0,0.5,1,1
1757356759.7063909,5.134578792946187,-3.738175100076118,2.0755,0.0,0.0,1.0281875253277442,-0.7518532723465627,6.365975295218233,7.368558756913572,0.19944417261827652,0.045348525047302246,0.5919958451850795,0.0,0.5,1,1
1757356759.7255123,5.129739209889597,-3.729880042917292,2.0926,0.0,0.0,1.0274477249068443,-0.7501015223161401,5.913735427934613,6.948887382996094,1.2803457185991494,0.007658958435058594,0.5650198869346529,0.0,0.5,1,1
1757356759.7393286,5.126102445461996,-3.7237456579566928,2.0994,0.0,0.0,1.0266927155425651,-0.748590812293824,5.613533368278114,6.693633539871034,0.5203285474759239,0.009468793869018555,0.5509554394450882,0.0,0.5,1,1
1757356759.7566972,5.122487190312208,-3.7177461474091693,2.0984,0.0,0.0,1.0259975843988063,-0.7471925206048751,5.290351650430733,6.443373138252587,0.5191323921778247,0.006814837455749512,0.5377217008143804,0.0,0.5,1,1
1757356759.7777128,5.118990551131786,-3.7119209729454834,2.0928,0.0,0.0,1.025271771692372,-0.745869493100483,5.232037578503245,6.400297572167292,0.3335476781762999,0.013198256492614746,0.5357571604221548,0.0,0.5,1,1
1757356759.871849,5.11002579384847,-3.6964293443501215,2.094,0.0,0.0,1.0242246008023628,-0.7440071184533253,5.2991423329738705,6.435971500931901,0.5347881638198745,0.016771793365478516,0.5387103958926822,0.0,0.5,1,1
1757356759.8986459,5.101975398434746,-3.682531073717282,2.098,0.0,0.0,1.0227844845122003,-0.741689968475707,5.952966343098303,6.945889503768897,0.22880924035964706,0.036170005798339844,0.570060113297139,0.0,0.5,1,1
1757356759.9149678,5.095873565764872,-3.6720384366963934,2.097,0.0,0.0,1.021509901092448,-0.7395415126175621,5.756404112977558,6.775412415790203,0.4568596019414573,0.013329029083251953,0.5594337753526725,0.0,0.5,1,1
1757356759.9422672,5.0825384174407064,-3.6485622080859956,2.0941,0.0,0.0,1.019942719344125,-0.7367109336439909,5.439371059363878,6.507865357807841,1.669736997522963,0.00813138484954834,0.5451507880651287,0.0,0.5,1,1
1757356759.9514523,5.074219645801989,-3.633841499469509,2.094,0.0,0.0,1.018297618328382,-0.7337624645893445,5.353110991174292,6.432082736085808,0.6228635040090696,0.013573527336120605,0.5418866012295736,0.0,0.5,1,1
1757356759.9837024,5.066156001963614,-3.6195541761378136,2.0938,0.0,0.0,1.016679953783494,-0.7307960350242886,5.272224755928035,6.361858154095394,0.6220316680865041,0.01318824291229248,0.5387572881557217,0.0,0.5,1,1
1757356760.0090454,5.057119928212471,-3.6042498366911775,2.0886,0.0,0.0,1.014968328107,-0.7276631509038493,5.323589133354146,6.392734012644048,0.5456178646153595,0.016969680786132812,0.5411024237792498,0.0,0.5,1,1
1757356760.044121,5.046294737482269,-3.585181753177098,2.0753,0.0,0.0,1.0131261041112456,-0.7243214341616393,5.3028766842315065,6.373043849926631,0.8533560504864335,0.015025973320007324,0.5404896063489183,0.0,0.5,1,1
1757356760.0794792,5.038634756516839,-3.5712766090485646,2.0618,0.0,0.0,1.0113382580123669,-0.7210361604066668,5.330029732355317,6.394203420741056,0.6308528308803457,0.016516804695129395,0.5419330571583465,0.0,0.5,1,1
1757356760.106757,5.0316006679753515,-3.5565380051288678,2.0469,0.0,0.0,1.0096187753217492,-0.7177765328811446,5.3645793123190035,6.42258235828265,0.6491028364046643,0.01702880859375,0.5437763429574691,0.0,0.5,1,1
1757356760.1465137,5.02277262130367,-3.5380152721501283,2.0275,0.0,0.0,1.0078420022578567,-0.7143247347363979,5.401042925264896,6.453717091488098,0.8087434475236672,0.017457962036132812,0.5458300400584413,0.0,0.5,1,1
1757356760.177366,5.016621184698086,-3.5244895542533587,2.0135,0.0,0.0,1.006233009369239,-0.7111266623152235,5.358489252286584,6.423564112107282,0.6699950765204343,0.015235424041748047,0.544400838145932,0.0,0.5,1,1
1757356760.2133603,5.015562409961785,-3.5217560506993912,2.0047,0.0,0.0,1.004986107053464,-0.7085746938390363,5.3734960554485545,6.442200653091267,0.2738916751220282,0.01693260669708252,0.5455423266203105,0.0,0.5,1,1
1757356760.2483044,5.013010082782085,-3.5159777968330608,2.0007,0.0,0.0,1.003945554698276,-0.7064261902556372,5.3627708533999945,6.434562043445151,0.22990518726281112,0.016260623931884766,0.5455099531356088,0.0,0.5,1,1
1757356760.279548,5.010557037997491,-3.5103611549983036,1.9981,0.0,0.0,1.003043516386107,-0.704518507727593,5.372762327576644,6.4419957629066475,0.19652433031146727,0.016938447952270508,0.5463777059972004,0.0,0.5,1,1
1757356760.311083,5.009113636695838,-3.507203119975734,2.0022,0.0,0.0,1.0023111044278856,-0.7029765752324909,5.372257770654773,6.437759752326321,0.1609149000632591,0.01669442653656006,0.546707432655915,0.0,0.5,1,1
1757356760.3518713,5.006682473570173,-3.501862508580529,2.0085,0.0,0.0,1.0015650446351225,-0.7014193762165732,5.475159283928601,6.51223369209629,0.21346415599892185,0.02016603946685791,0.5517956338833825,0.0,0.5,1,1
1757356760.3737807,5.004908628189873,-3.4980021249617983,2.0092,0.0,0.0,1.0010677294396542,-0.700430596575217,5.32822892468502,6.394103171698848,0.17062311111141268,0.01261758804321289,0.5452944420819481,0.0,0.5,1,1
1757356760.41287,5.0079193109052405,-3.5040651861896097,2.0114,0.0,0.0,1.000822658265862,-0.6997968883985386,5.367116744800401,6.42820032549411,0.19951856272554325,0.0178377628326416,0.5472578334622102,0.0,0.5,1,1
1757356760.4439626,5.008973967193647,-3.506195368537205,2.0204,0.0,0.0,1.0007450235396218,-0.6995953474561357,5.325998521883866,6.39163907869843,0.30172866133049997,0.015425443649291992,0.5455444634440105,0.0,0.5,1,1
1757356760.4790804,5.009752315105686,-3.507730229286253,2.0292,0.0,0.0,1.0007278659839447,-0.6994796311261018,5.335276437738955,6.393714856550017,0.2666778624569323,0.016811847686767578,0.5460095396113788,0.0,0.5,1,1
1757356760.5194905,5.016370832388734,-3.520437396629618,2.0403,0.0,0.0,2.0854978555282035,-1.4712129069601352,2.9179064019247183,6.393846280507473,0.5503756356337941,0.016465306282043457,0.14993745909854683,0.0,0.5,1,0
1757356760.5376916,5.019619826110598,-3.5265305670390448,2.0544,0.0,0.0,2.266886531037,-1.6072916911031272,2.782869075788343,4.627948371273325,0.4705654678054625,0.016682147979736328,0.09610904985098781,0.0,0.5,1,0
1757356760.5704048,5.022868730488066,-3.5323898878663447,2.0737,0.0,0.0,2.3505623067664962,-1.6641914117283338,2.832481743516756,4.539751729955059,0.617047878583688,0.01655447483062744,0.08015754236334835,0.0,0.5,1,0
1757356760.6134567,5.023816424106555,-3.533870738180097,2.0915,0.0,0.0,2.400273341363105,-1.6946680102040148,3.0066562643009416,4.584745920763954,0.40949927993110274,0.021839618682861328,0.07667505486090606,0.0,0.5,1,0
1757356760.636974,5.026523493938821,-3.5382837468085047,2.1051,0.0,0.0,2.4397981625138168,-1.720086879185861,2.9417587174463473,4.5290994839707075,0.6288722415968379,0.011569976806640625,0.07259976782740118,0.0,0.5,1,0
1757356760.6702626,5.028388423646627,-3.5412493057440573,2.1107,0.0,0.0,2.463775266690486,-1.734457004677532,3.0002900552956984,4.54829189865231,0.20070293497465788,0.016455888748168945,0.07219739816057666,0.0,0.5,1,0
1757356760.702989,5.032669118602832,-3.5481450697363743,2.1225,0.0,0.0,2.4808155725661813,-1.7459502428189335,3.041529318281707,4.564067408324742,0.4294506553196055,0.01667463779449463,0.07210453865941359,0.0,0.5,1,0
1757356760.7357893,5.0364419031981,-3.553970534407901,2.1402,0.0,0.0,2.4929526826196224,-1.7551620564292143,3.0649046089295973,4.56965163466762,0.5739349835798838,0.016562938690185547,0.07191064038574105,0.0,0.5,1,0
1757356760.7695425,5.039506522165188,-3.5585339570143972,2.1553,0.0,0.0,2.501542199164026,-1.762323210702627,3.0786317677964354,4.57159596839026,0.4834493570669753,0.016619563102722168,0.0716570458437177,0.0,0.5,1,0
1757356760.803763,5.038520996492505,-3.557036339272102,2.1731,0.0,0.0,2.506924789631416,-1.766906509300711,3.0865196033140885,4.565161712960448,0.5383077724481806,0.01661694049835205,0.0713368696989116,0.0,0.5,1,0
1757356760.8364441,5.038898551555844,-3.557574221767393,2.1876,0.0,0.0,2.5105037064019475,-1.770079058363908,3.0941429017385276,4.56184557930634,0.4309192247820427,0.016841769218444824,0.07104735291445606,0.0,0.5,1,0
1757356760.869549,5.039397100471196,-3.55825947242005,2.2051,0.0,0.0,2.5129824828492207,-1.7724062060714356,3.0944125176888093,4.553848349133912,0.5312469426218289,0.01648998260498047,0.07062184070168376,0.0,0.5,1,0
1757356760.9093745,5.0388961408973225,-3.557576876124923,2.2188,0.0,0.0,2.5144217042062307,-1.773679536369371,3.123226613394649,4.560188582150091,0.3743277027461607,0.018334388732910156,0.07071284416350879,0.0,0.5,1,0
1757356760.948267,5.038682743267896,-3.557312481226833,2.2374,0.0,0.0,2.515420655193387,-1.775087346600279,3.1298187226896457,4.553983660259243,0.5328334827621276,0.017456769943237305,0.07039160535741448,0.0,0.5,1,0
1757356760.996202,5.038524845684795,-3.557123821278532,2.2516,0.0,0.0,2.51614296179614,-1.7761122912306817,3.1138631632661298,4.5393178045622955,0.44539527415286706,0.015943288803100586,0.06970965687797676,0.0,0.5,1,0
1757356761.0292978,5.039516339845935,-3.5583230159480816,2.2655,0.0,0.0,2.5166297406806963,-1.7765123704420607,3.184635616370392,4.566645155793778,0.32843452186653643,0.021293163299560547,0.07043966487824897,0.0,0.5,1,0
1757356761.0572367,5.040210682157988,-3.559105912509579,2.2832,0.0,0.0,2.5175590445214007,-1.7781171530146036,3.071727288214105,4.508980850903011,0.8684090149697095,0.010208845138549805,0.06832471415003966,0.0,0.5,1,0
1757356761.0745924,5.04072276836364,-3.559664153574645,2.2972,0.0,0.0,2.5180079901124026,-1.7773786124725452,3.099592753511589,4.514416835866001,0.4242256256973404,0.016524791717529297,0.0683028967657414,0.0,0.5,1,0
1757356761.1064148,5.0394731894686196,-3.558256470380983,2.3113,0.0,0.0,2.5180823808236577,-1.7771929057675298,3.1235743853224576,4.516584551797974,0.4308422506515319,0.01650846004486084,0.06822889231422564,0.0,0.5,1,0
1757356761.1364233,5.038961348704468,-3.557724552478987,2.3252,0.0,0.0,2.518049706398058,-1.7774361489023738,3.14970570424082,4.520539474513827,0.4141312536682191,0.01680576801300049,0.06818152357929454,0.0,0.5,1,0
1757356761.173478,5.038290735815811,-3.557051305338036,2.3439,0.0,0.0,2.5179367281924416,-1.7779830229166746,3.1691161767569893,4.519761194505519,0.5689393896913134,0.01645529270172119,0.06803195348897449,0.0,0.5,1,0
1757356761.20612,5.038565699963112,-3.5573485829393934,2.3579,0.0,0.0,2.517889523817741,-1.7788229974240315,3.2164542185994818,4.53347822983952,0.3814623107593399,0.01835811138153076,0.06823782751387422,0.0,0.5,1,0
1757356761.2365904,5.038510396374803,-3.55729419050948,2.372,0.0,0.0,2.5179740687635603,-1.7800710295041526,3.2024554604840563,4.521103803639442,0.47146885203392497,0.01495349407196045,0.06771163150481813,0.0,0.5,1,0
1757356761.2710197,5.038438007993059,-3.5572254003964052,2.3905,0.0,0.0,2.517984260978964,-1.780730823421075,3.2264528392754617,4.5228596348751395,0.5576050016975105,0.016589045524597168,0.06762960024835288,0.0,0.5,1,0
1757356761.30361,5.038852874726519,-3.557618272182843,2.4046,0.0,0.0,2.5180955027933427,-1.781676201055447,3.247445581538802,4.525547414445134,0.4285151214748082,0.01646566390991211,0.06752629609369348,0.0,0.5,1,0
1757356761.4735048,5.03912444022359,-3.5578516891129466,2.4232,0.0,0.0,2.5181492354178316,-1.7832043963762036,3.3285047558331082,4.552269202250933,0.4569136289190854,0.020357728004455566,0.06809673943213616,0.0,0.5,1,0
1757356761.5074685,5.039323892485241,-3.55801734298863,2.4372,0.0,0.0,2.51741239575969,-1.7970091912084731,4.0505895844549595,5.075095581101942,0.0967009003580617,0.07240056991577148,0.08060343371612447,0.0,0.5,1,0
1757356761.5154817,5.038800386928637,-3.5575614056353935,2.4514,0.0,0.0,2.5181131976085265,-1.7996913725990875,3.6668812724623168,4.731074661285538,0.6471279277112989,0.010984659194946289,0.07336781463451408,0.0,0.5,1,0
1757356761.5202248,5.038606736905068,-3.5574109941698633,2.4655,0.0,0.0,2.518510490857546,-1.7940652965349178,3.352677766545037,4.545820831704519,1.8064510951737531,0.0039032697677612305,0.06844652887845215,0.0,0.5,1,0
1757356761.5451734,5.03835399093225,-3.557221823297426,2.4844,0.0,0.0,2.518717416869876,-1.7889767681702162,3.133827767696372,4.456410110993509,4.053136538337843,0.002331852912902832,0.06580927073355794,0.0,0.5,1,0
1757356761.5599604,5.039738787669444,-3.5583075107400792,2.4986,0.0,0.0,2.5189294486178624,-1.7853337591247294,3.137559008878009,4.453978748626556,0.5739460509601834,0.012465119361877441,0.06543411713522469,0.0,0.5,1,0
1757356761.5782597,5.040591546757938,-3.558905366861353,2.5176,0.0,0.0,2.5193079351887007,-1.78319018012348,3.075530579117457,4.432180040405821,1.294064106843976,0.007352232933044434,0.06473402187190383,0.0,0.5,1,0
1757356761.5926907,5.04121650447847,-3.559327371860964,2.5316,0.0,0.0,2.519571803204539,-1.7809798395921044,3.1342550014189197,4.444243098694476,0.5246826110145519,0.013360738754272461,0.06486389217214114,0.0,0.5,1,0
1757356761.604112,5.039471554578165,-3.558056984995894,2.5458,0.0,0.0,2.519529737736712,-1.7802295505166268,3.0760324174618296,4.4240356376090135,1.1064968521936864,0.006490349769592285,0.06434150081138328,0.0,0.5,1,0
1757356761.6430163,5.038654776739661,-3.557537458001898,2.5645,0.0,0.0,2.5191513481451673,-1.7783259983586963,3.261253792316491,4.469469730486976,0.47685792496505247,0.019633769989013672,0.06526072622237651,0.0,0.5,1,0
1757356761.696519,5.038254810496437,-3.557291411156503,2.5739,0.0,0.0,2.518895599379276,-1.7805240091451235,3.34301336641005,4.493199506933601,0.28926228081886995,0.016268491744995117,0.06560995808767801,0.0,0.5,1,0
1757356761.7395532,5.038478608104858,-3.5574689080406077,2.5925,0.0,0.0,2.518700284887876,-1.7846650097451295,3.5101364342557866,4.551568934213594,0.4160241712486794,0.02235710620880127,0.06670230807496305,0.0,0.5,1,0
1757356761.7649395,5.038412984433431,-3.557429354837407,2.6064,0.0,0.0,2.5186770687427273,-1.7885947909374045,3.5235607426960334,4.551049935863521,0.4363247370469513,0.01592874526977539,0.06667746533968658,0.0,0.5,1,0
1757356761.8392453,5.038327655992758,-3.557379880281518,2.6248,0.0,0.0,2.518648847106287,-1.791297726148541,3.5466342570305427,4.552795475189131,0.5672267356371319,0.016219496726989746,0.06675113984176094,0.0,0.5,1,0
1757356761.8503175,5.039006691020316,-3.5577808244048414,2.6399,0.0,0.0,2.518622717232145,-1.798185368364937,3.78096724415554,4.661238900885162,0.2606338527812009,0.029007315635681152,0.06904278185979151,0.0,0.5,1,0
1757356761.8555017,5.039330846575579,-3.557946511474775,2.6538,0.0,0.0,2.518956464712044,-1.794286085472607,3.5488777704804426,4.541929714330382,1.271021409817898,0.005469918251037598,0.06658187343857407,0.0,0.5,1,0
1757356761.870481,5.039647675260962,-3.5581026662278252,2.6676,0.0,0.0,2.519183619254032,-1.7918042305537263,3.4428729070679185,4.495754367098887,0.8571100067081676,0.008052945137023926,0.0655538975907293,0.0,0.5,1,0
1757356761.9048753,5.0391380648868385,-3.5578108576069076,2.6862,0.0,0.0,2.519133079484598,-1.7918192280000547,3.5326927527922924,4.5214800300001325,0.5587301599470228,0.01665318012237549,0.06594190762364971,0.0,0.5,1,0
1757356761.9381936,5.038926146554211,-3.5577139640979634,2.7001,0.0,0.0,2.5190769961844355,-1.7929080803951056,3.597358534956868,4.541352269845233,0.42583706147602507,0.016323089599609375,0.06626426525980982,0.0,0.5,1,0
1757356761.9700146,5.038719144608134,-3.5576230394453234,2.714,0.0,0.0,2.519007698185133,-1.7944760622329927,3.6585097208282433,4.560981860199662,0.41363840203974295,0.01680433750152588,0.0666215092889519,0.0,0.5,1,0
1757356762.0032315,5.038994530048964,-3.557765996714003,2.7326,0.0,0.0,2.519029231043229,-1.795870173991437,3.7019406875789733,4.571986617736132,0.5670373655711214,0.01640331745147705,0.06686009479036174,0.0,0.5,1,0
1757356762.0501542,5.039096982591563,-3.5578061254098996,2.7464,0.0,0.0,2.519015521968245,-1.7996239953661988,3.8524006410502,4.637942772198741,0.3039958143394965,0.022698402404785156,0.06817947050453901,0.0,0.5,1,0
1757356762.074054,5.039229709911339,-3.5578555427530096,2.7648,0.0,0.0,2.519153915034886,-1.7973547039483142,3.7380984841254503,4.573617706847193,0.8763794485816022,0.010498046875,0.0669560227547376,0.0,0.5,1,0
1757356762.1066532,5.039172016508543,-3.557827331102126,2.7785,0.0,0.0,2.5191587417888925,-1.7983315634127837,3.812856471447448,4.601570565951619,0.37419314520599367,0.018306255340576172,0.06744094260262143,0.0,0.5,1,0
1757356762.1372104,5.039183945653768,-3.557831815001786,2.7923,0.0,0.0,2.519201357547,-1.7978681279314694,3.8092904079555248,4.593039605090509,0.45920870064119873,0.015025854110717773,0.06724184542004262,0.0,0.5,1,0
1757356762.1699667,5.039195561873023,-3.5578360523285477,2.8061,0.0,0.0,2.5192223416270614,-1.7978047066033298,3.8394875087689817,4.60050151747651,0.4213480071232658,0.016376018524169922,0.0673251872767989,0.0,0.5,1,0
1757356762.2030077,5.0394402265079385,-3.5579244529986456,2.8246,0.0,0.0,2.5192840905498857,-1.797837561561391,3.876120121542667,4.609201254087895,0.550917899204243,0.016791820526123047,0.06745935659756486,0.0,0.5,1,0
1757356762.2358403,5.039569819219211,-3.5579625501635084,2.8386,0.0,0.0,2.519356284495894,-1.7976273978792812,3.9014411072416557,4.614517329049515,0.425294686074505,0.016459941864013672,0.0674945378409639,0.0,0.5,1,0
1757356762.2697058,5.0396960839295435,-3.5579976811410234,2.8525,0.0,0.0,2.5194292071530873,-1.7973950988025653,3.9296697603549946,4.62138927988324,0.416429183358584,0.01669025421142578,0.06755250841109688,0.0,0.5,1,0
1757356762.3032398,5.039651083195973,-3.557975455219888,2.8713,0.0,0.0,2.5194728501075154,-1.797025655326097,3.955473533116011,4.624680372921657,0.565434231599804,0.01662445068359375,0.06757178064763955,0.0,0.5,1,0
1757356762.336594,5.039663650781408,-3.5579788891511526,2.8853,0.0,0.0,2.519507703734284,-1.7965740460745052,3.978960443266349,4.629161483000875,0.42175020775606975,0.016597509384155273,0.06756908615283583,0.0,0.5,1,0
1757356762.369856,5.039679875745581,-3.557983115988983,2.904,0.0,0.0,2.519536994150659,-1.7960734054366907,4.002875593114309,4.631632656218797,0.563022341332253,0.016606807708740234,0.06755587350079163,0.0,0.5,1,0
1757356762.4065342,5.039142215219627,-3.5578342970850985,2.9178,0.0,0.0,2.519450478967938,-1.7961246824866968,4.061184795838332,4.654003482629603,0.37407123935616293,0.018460750579833984,0.0678678267359183,0.0,0.5,1,0
1757356762.4377744,5.038877806000674,-3.5577808109624143,2.9319,0.0,0.0,2.519369370030095,-1.7950165135307223,4.048108181657949,4.639448936474294,0.45577522917663005,0.01547098159790039,0.06752862031689932,0.0,0.5,1,0
1757356762.4697623,5.038620504977995,-3.557732768701913,2.9461,0.0,0.0,2.519268159592762,-1.7941118717777975,4.052043445527086,4.6337950714470475,0.4498915038181373,0.015784263610839844,0.0673374554272089,0.0,0.5,1,0
1757356762.502854,5.038728597507102,-3.557773941719501,2.9648,0.0,0.0,2.519219384151311,-1.793642655973136,4.083869249784545,4.640405229707328,0.554577360331323,0.016860008239746094,0.0673782168780122,0.0,0.5,1,0
1757356762.5407834,5.038703133162001,-3.557769592006036,2.9788,0.0,0.0,2.5191819597610614,-1.7935561421378603,4.137746388445738,4.660985011220202,0.3848723280773479,0.018187880516052246,0.06762434577743312,0.0,0.5,1,0
1757356762.5700028,5.038678367233995,-3.5577657630937267,2.9927,0.0,0.0,2.519175244652341,-1.7924241827119538,4.11378715728458,4.640953001887975,0.4679609933035511,0.014851689338684082,0.06720511024892858,0.0,0.5,1,0
1757356762.6027517,5.0409308465835485,-3.5581663445076175,3.0115,0.0,0.0,2.519575228098641,-1.7919889255937012,4.138417530525841,4.64517813095036,0.5740948925429546,0.016494393348693848,0.06718483022616974,0.0,0.5,1,0
1757356762.6359692,5.042000901169199,-3.558278469009621,3.0254,0.0,0.0,2.5200306489932136,-1.7916236495675888,4.164640368178787,4.651924046748997,0.4185800550230446,0.01665341854095459,0.06718643307989686,0.0,0.5,1,0
1757356762.6751933,5.043313094700773,-3.558393706574876,3.0433,0.0,0.0,2.5205656809390713,-1.7913049085342054,4.193224875277145,4.658120131390238,0.5333105737959007,0.01682734489440918,0.06720336163243848,0.0,0.5,1,0
1757356762.7057328,5.040565116317351,-3.557982610126778,3.0573,0.0,0.0,2.520404347674971,-1.7911931991339496,4.246357390232836,4.677182979318272,0.3918391276886119,0.01821291446685791,0.06742800180903115,0.0,0.5,1,0
1757356762.7381015,5.03972606548774,-3.5579375715871886,3.0713,0.0,0.0,2.5201608959116397,-1.7904112165684707,4.238537420606509,4.664766420071009,0.4444018894935087,0.015779852867126465,0.0671617458963296,0.0,0.5,1,0
1757356762.769291,5.0389112852430475,-3.5579049028847884,3.0854,0.0,0.0,2.519856749678575,-1.7896989113953259,4.235944473438937,4.6552859014916645,0.45250282458230123,0.015606045722961426,0.06694759874291437,0.0,0.5,1,0
1757356762.8035333,5.038685409926446,-3.557940793427805,3.1045,0.0,0.0,2.519617798201455,-1.7893073496779957,4.261736308265096,4.658589579499868,0.5763477606524111,0.016571044921875,0.06694483018846795,0.0,0.5,1,0
1757356762.8369408,5.0383155573910745,-3.557935923249422,3.1191,0.0,0.0,2.519399111621841,-1.7890112996528371,4.293399683129226,4.667236236663081,0.4306407070485523,0.01695692539215088,0.06699105774611519,0.0,0.5,1,0
1757356762.8691475,5.037968410408849,-3.5579366285053426,3.1331,0.0,0.0,2.5192015582564284,-1.7885700580795432,4.306913066678923,4.666590125059482,0.4300022360116574,0.01628398895263672,0.06690543637338554,0.0,0.5,1,0
1757356762.9028692,5.039596251136785,-3.558026947883305,-3.1313,0.0,0.0,2.5193712107070545,-1.788278849566567,2.4919093376589876,9.07357185598552,186.3249480018887,0.01681041717529297,0.06691653825184299,0.0,0.5,1,0
1757356762.9362943,5.040295957002847,-3.558000183512961,-3.1173,0.0,0.0,2.519566219568824,-1.7827205389048226,1.168400088019982,7.469358125835868,0.4250430588886221,0.016489505767822266,0.06584938470162435,0.0,0.5,1,0
1757356762.9776313,5.04097467061772,-3.557964110065964,-3.1032,0.0,0.0,2.519950255920424,-1.7772655842113831,0.26606940301294557,6.476720068043955,0.3460028564908972,0.02039921283721924,0.06557101325678258,0.0,0.5,1,0
1757356763.0069652,5.0394369745293845,-3.5579014057250204,-3.0874,0.0,0.0,2.5199593326648397,-1.777031397940845,-0.47557477080745314,5.718391490530043,0.542234023943371,0.014638304710388184,0.06534943711111768,0.0,0.5,1,0
1757356763.0379133,5.038552510901005,-3.5579742593101495,-3.0707,0.0,0.0,2.5197951047990563,-1.7792048717644549,-0.9989189187836125,5.2523450026417215,0.5680434570937801,0.014720320701599121,0.06531754579086091,0.0,0.5,1,0
1757356763.0694325,5.037844979692354,-3.558044065543759,-3.0566,0.0,0.0,2.5195330129153595,-1.7822298969937502,-1.3377347040387981,4.992370039887815,0.41686779612335073,0.016933321952819824,0.06565033779132905,0.0,0.5,1,0
1757356763.106774,5.038056568571128,-3.5580890126035394,-3.0379,0.0,0.0,2.5193719765706604,-1.7844263982847117,-1.5850410709912106,4.820587914329085,0.5738901513814342,0.01629340648651123,0.06592155334971589,0.0,0.5,1,0
1757356763.1367807,5.037981093901711,-3.558097371511205,-3.0238,0.0,0.0,2.5192332373137223,-1.7858448801714593,-1.7505018130123533,4.718309070084758,0.4210340229898669,0.01674473285675049,0.06620688656764134,0.0,0.5,1,0
1757356763.1883647,5.037907990066939,-3.558106552368578,-3.0097,0.0,0.0,2.5191120932331286,-1.787179020097781,-1.8097061091432396,4.682501770503718,0.34263686700123314,0.020576000213623047,0.06696529462185571,0.0,0.5,1,0
1757356763.2129397,5.037946462724489,-3.5581097732591953,-2.9909,0.0,0.0,2.519039454369323,-1.7870776601695435,-1.9001111494516654,4.627827177613817,0.555502902227058,0.016921639442443848,0.0669502579460622,0.0,0.5,1,0
1757356763.269428,5.037946030120364,-3.5581098731256544,-2.9769,0.0,0.0,2.518979413090351,-1.7871904360423327,-1.9195080765678716,4.61332911778603,0.3572682726806987,0.019593119621276855,0.06732414018957317,0.0,0.5,1,0
1757356763.284375,5.037945618320276,-3.558110014120167,-2.963,0.0,0.0,2.518949176921389,-1.786294017746686,-2.0047126743416164,4.567534508989477,0.4862048672219544,0.01429438591003418,0.06676655709825197,0.0,0.5,1,0
1757356763.3387058,5.037945852122448,-3.5581099290460725,-2.949,0.0,0.0,2.5189173583627293,-1.7859559067751922,-2.016994590784921,4.556550649355252,0.41407697630120266,0.01690506935119629,0.06677994707841309,0.0,0.5,1,0
1757356763.3580637,5.037945855598483,-3.558109963214402,-2.9305,0.0,0.0,2.5189012151627184,-1.785373738835459,-2.047281669345632,4.536238690354225,0.6225199685520078,0.01485896110534668,0.06649963239115615,0.0,0.5,1,0
1757356763.3732347,5.037945867997406,-3.55811003134446,-2.9166,0.0,0.0,2.518893022649014,-1.784727284323262,-2.084216656076583,4.516051994460972,0.5241324571010726,0.01326000690460205,0.06610531680042644,0.0,0.5,1,0
1757356763.403723,5.039806999222919,-3.5577538920193708,-2.8979,0.0,0.0,2.519215590682932,-1.784576924737849,-2.0469921912249194,4.524172200287118,0.5663118283840367,0.016594886779785156,0.06629984277792628,0.0,0.5,1,0
1757356763.4417205,5.040715325520198,-3.557500958567275,-2.884,0.0,0.0,2.519592128391013,-1.7844287294097234,-2.0081676580196697,4.534427797870849,0.4126343700935286,0.016881704330444336,0.06647216002743606,0.0,0.5,1,0
1757356763.470088,5.041592940067637,-3.557242612618876,-2.8701,0.0,0.0,2.5199985578970394,-1.7841815631924804,-1.9817283509187154,4.539781125940432,0.4261444673003674,0.016344308853149414,0.06650477106365929,0.0,0.5,1,0
1757356763.503176,5.039316280798668,-3.557711029065243,-2.8515,0.0,0.0,2.5198456363339368,-1.7840830021520908,-1.9508905562017722,4.543653799485905,0.5672990260446812,0.016520977020263672,0.06654292756647914,0.0,0.5,1,0
1757356763.536455,5.03850642040301,-3.557977141860147,-2.8375,0.0,0.0,2.5196022330525207,-1.784034391490042,-1.9194198910810094,4.5504379743324455,0.4214957938612098,0.01663827896118164,0.06657503623241601,0.0,0.5,1,0
1757356763.578195,5.037724552358152,-3.5582469821001754,-2.8236,0.0,0.0,2.5193066335230547,-1.7840014009019052,-1.8900705714011226,4.556489293098184,0.4190628565997822,0.01661396026611328,0.06658258893410836,0.0,0.5,1,0
1757356763.6062224,5.03812880998543,-3.5581941709518277,-2.8097,0.0,0.0,2.519190643159404,-1.7840802207794102,-1.8342864937766756,4.5750086124932965,0.3809212339961058,0.018253087997436523,0.0668072467157199,0.0,0.5,1,0
1757356763.6373582,5.038015970328415,-3.558234003468718,-2.7914,0.0,0.0,2.5191051857095115,-1.7837582578478268,-1.8436443478210314,4.562422392661537,0.6114860998184115,0.014963865280151367,0.06648006551103622,0.0,0.5,1,0
1757356763.6725576,5.037934815587347,-3.558264281563151,-2.7777,0.0,0.0,2.519032947414836,-1.7836677862436328,-1.8129006183568177,4.569623466162897,0.4118688147871187,0.0166318416595459,0.06649279552028572,0.0,0.5,1,0
1757356763.7027183,5.037992305821281,-3.5582535505432196,-2.7592,0.0,0.0,2.518999977368418,-1.7835298324475757,-1.7878679296196793,4.572361173550028,0.5663208072100736,0.016333580017089844,0.06645153490692945,0.0,0.5,1,0
1757356763.7367914,5.037991837052924,-3.558253780927477,-2.7454,0.0,0.0,2.5189802714820564,-1.7834370409507403,-1.753909214610756,4.5811914168593395,0.40968117579810237,0.016842365264892578,0.06648410257949314,0.0,0.5,1,0
1757356763.7692425,5.037991399201248,-3.5582540433768406,-2.7316,0.0,0.0,2.518970793992981,-1.7832909146435518,-1.7305253219692256,4.58530266055359,0.42000562538261,0.016428351402282715,0.06644032173388972,0.0,0.5,1,0
1757356763.8026216,5.037991735181204,-3.5582538634276384,-2.7128,0.0,0.0,2.518966637539332,-1.7831547230583389,-1.7041822374675792,4.588602265502711,0.5695859925035798,0.016503214836120605,0.06641384916661504,0.0,0.5,1,0
1757356763.8358903,5.037991748645695,-3.558253899890101,-2.6985,0.0,0.0,2.5189660771049898,-1.7830271635634178,-1.6768194754340564,4.594419204240495,0.4307658682693643,0.01659834384918213,0.06640116021801815,0.0,0.5,1,0
1757356763.871518,5.037991777242129,-3.558253966154875,-2.6846,0.0,0.0,2.5189673825146217,-1.782983622766989,-1.6300598819867893,4.6098650451875125,0.3918829987079872,0.017734885215759277,0.06653401189807207,0.0,0.5,1,0
1757356763.9064589,5.040367951575996,-3.5572234522348185,-2.6707,0.0,0.0,2.5193988735586466,-1.782672496653396,-1.598683471941287,4.619077941190671,0.4075839448227396,0.017345190048217773,0.06655927055326358,0.0,0.5,1,0
1757356763.9365826,5.041940952227282,-3.55636638222046,-2.6523,0.0,0.0,2.5199603979133305,-1.7820943875658783,-1.6128193243742575,4.603616610507595,0.6166110084886108,0.014990806579589844,0.06626478305238764,0.0,0.5,1,0
1757356763.9700718,5.043069134452655,-3.5557265901871387,-2.6386,0.0,0.0,2.520521403944584,-1.7816816462300678,-1.5848341631641172,4.610551162539616,0.4145578204250268,0.016597509384155273,0.06627607547452871,0.0,0.5,1,0
1757356764.003886,5.042450920181685,-3.555924102326739,-2.6245,0.0,0.0,2.520772647901222,-1.7814043954884164,-1.5610706136318302,4.614712060302796,0.4286542811790471,0.0164642333984375,0.06626235122056864,0.0,0.5,1,0
1757356764.0364242,5.042571847707394,-3.5558544031462866,-2.6109,0.0,0.0,2.520957290167017,-1.7811782104997862,-1.536655462673565,4.619785409956964,0.4113969725531002,0.01652991771697998,0.06625806474442189,0.0,0.5,1,0
1757356764.0692296,5.042727991003353,-3.5557611243352563,-2.5925,0.0,0.0,2.521105578969915,-1.780976825682,-1.511828284639592,4.622851599208305,0.5566901377844218,0.01652705669403076,0.0662520867252354,0.0,0.5,1,0
1757356764.102864,5.041029824035349,-3.55669293218028,-2.5742,0.0,0.0,2.520898449718112,-1.780995662800792,-1.4842493824198286,4.6267230251240425,0.5523992903548176,0.01665663719177246,0.06626232862255868,0.0,0.5,1,0
1757356764.138378,5.040249913836431,-3.5572211665842493,-2.5603,0.0,0.0,2.52062806904679,-1.7811040785494012,-1.447210337109904,4.637909081269964,0.4037653857885068,0.017252445220947266,0.06634275762054755,0.0,0.5,1,0
1757356764.3279066,5.039500854068385,-3.557744835907401,-2.5464,0.0,0.0,2.5203568061421207,-1.784025542335916,-0.3179220405494547,5.596911234138137,0.08413234700408026,0.08278632164001465,0.07834928525900252,0.0,0.5,1,0
1757356764.3747065,5.039290348819182,-3.5579509298360668,-2.5325,0.0,0.0,2.5201506529944506,-1.7821591964658057,-0.8035865431192213,5.071395608753542,0.49339965206489445,0.014089107513427734,0.07203858237377876,0.0,0.5,1,0
1757356764.378854,5.038760027916561,-3.5583425087172884,-2.5138,0.0,0.0,2.5199194682736477,-1.7816989187775292,-0.9543798057567291,4.931606534778084,0.4011213804851004,0.023324131965637207,0.070872703274735,0.0,0.5,1,0
1757356764.3839462,5.0383809151309,-3.5586326503830845,-2.4999,0.0,0.0,2.5196552478223824,-1.780876775413308,-1.3808002076520496,4.6442204606943225,3.461824284450406,0.002008795738220215,0.06691129327071227,0.0,0.5,1,0
1757356764.3871465,5.038592166565434,-3.5585351035027957,-2.486,0.0,0.0,2.5195264936364774,-1.7803915287225731,-1.6522738961830923,4.515518706402856,2.739698056947595,0.0025371313095092773,0.06503875424759827,0.0,0.5,1,0
1757356764.397372,5.038551341563335,-3.558567112343976,-2.4674,0.0,0.0,2.5194358704214013,-1.7800545936307195,-1.8515429216332564,4.444708272505123,5.983613885393967,0.001554250717163086,0.06401964640913108,0.0,0.5,1,0
1757356764.404055,5.038522189980571,-3.5585907942316597,-2.4533,0.0,0.0,2.519369318548009,-1.7799808567294124,-1.92243441763113,4.423106933181938,1.391592456374339,0.0050661563873291016,0.063659696387217,0.0,0.5,1,0
1757356764.4131248,5.03854350305556,-3.5585791916343434,-2.4347,0.0,0.0,2.5193312354015993,-1.7798592366598283,-1.9986067650945358,4.40302475608591,2.814666839659361,0.003304123878479004,0.06338482819329776,0.0,0.5,1,0
1757356764.4422088,5.0385433513534075,-3.558579361502165,-2.4208,0.0,0.0,2.519290474575258,-1.780282563430632,-1.7742685865284944,4.452816795011206,0.4077322964712125,0.01704549789428711,0.06399856204966158,0.0,0.5,1,0
1757356764.4839194,5.0385432651997695,-3.5585794857771855,-2.4115,0.0,0.0,2.5192719742248304,-1.7807386627450148,-1.5232089270699238,4.534803687678582,0.21969106415600298,0.021166086196899414,0.06499034496674606,0.0,0.5,1,0
1757356764.5062325,5.040379917605742,-3.557089853298815,-2.3931,0.0,0.0,2.519602814548213,-1.780353762493947,-1.5414136583855402,4.521017287845903,0.8467914063319555,0.010953903198242188,0.06473902933413025,0.0,0.5,1,0
1757356764.5404305,5.041662512767966,-3.55583008040531,-2.3746,0.0,0.0,2.5200442971878125,-1.780017282303132,-1.4597508050374386,4.545963196670093,0.6165050811026311,0.015074610710144043,0.06498059355669324,0.0,0.5,1,0
1757356764.5694652,5.042575466047116,-3.554902279357772,-2.3608,0.0,0.0,2.520494450308702,-1.7796546732193081,-1.3644829626352326,4.580708837399749,0.4197196258761163,0.016512513160705566,0.06531188611170638,0.0,0.5,1,0
1757356764.6044,5.040730908293132,-3.556434176763978,-2.347,0.0,0.0,2.5204573155223975,-1.7797076312579303,-1.2724448971856959,4.616471235924353,0.40258604344224,0.017395973205566406,0.0656654426467657,0.0,0.5,1,0
1757356764.6413167,5.039994355766067,-3.557236614626797,-2.3287,0.0,0.0,2.520303922992171,-1.7798204819369972,-1.2265877565628376,4.629811898181589,0.5672647657684885,0.016158580780029297,0.06579815500626499,0.0,0.5,1,0
1757356764.669368,5.039471220380626,-3.5578267176947636,-2.3148,0.0,0.0,2.520112259632919,-1.7799868138870922,-1.1846367070298864,4.643699263332666,0.4262315714006161,0.016331911087036133,0.06593637577963347,0.0,0.5,1,0
1757356764.7049198,5.039176165181025,-3.558209275836052,-2.2963,0.0,0.0,2.5199365835978456,-1.7801559685316728,-1.1389730475251953,4.657638167245647,0.551889698637712,0.01676630973815918,0.06610909667547185,0.0,0.5,1,0
1757356764.7376337,5.038859971435194,-3.558584721977187,-2.2825,0.0,0.0,2.519766386772279,-1.7803027301899252,-1.1083109488278917,4.6663203288259165,0.41973822289689067,0.0164492130279541,0.06621034720759189,0.0,0.5,1,0
1757356764.77415,5.038558554190177,-3.558953461738124,-2.2686,0.0,0.0,2.519602322963133,-1.7804674976476007,-1.0652399368809182,4.681820003616593,0.40390672841357533,0.017217040061950684,0.06639907113354875,0.0,0.5,1,0
1757356764.8079693,5.039143278862651,-3.5583660360342084,-2.2533,0.0,0.0,2.5196057119708293,-1.7804748596481512,-0.9998629071035314,4.709696492384575,0.41051762430815125,0.018662333488464355,0.06675206238785883,0.0,0.5,1,0
1757356764.8376873,5.039328800215648,-3.558123140470244,-2.2348,0.0,0.0,2.5196394729002356,-1.7802919141541376,-1.0479195164651094,4.672954551473769,0.6612577788284596,0.013990402221679688,0.06636325131717147,0.0,0.5,1,0
1757356764.8701677,5.039460112565736,-3.5579449998043873,-2.221,0.0,0.0,2.5196866173638015,-1.7802145298045238,-1.013698076020671,4.683803141946102,0.4099195414255802,0.016834735870361328,0.06648203953288483,0.0,0.5,1,0
1757356764.9030983,5.039008284377159,-3.5584681780895786,-2.2073,0.0,0.0,2.519633151504629,-1.7802331227838846,-0.9951242923734637,4.68626254815666,0.4195016311971019,0.0163496732711792,0.06651059237091494,0.0,0.5,1,0
1757356764.9365284,5.038824797332727,-3.5587339748741638,-2.1889,0.0,0.0,2.519564802957262,-1.7802867484288996,-0.9703205436123854,4.68973823170539,0.5546204460918169,0.016590476036071777,0.0665713032049037,0.0,0.5,1,0
1757356764.9694974,5.0386953023627346,-3.5589287023225777,-2.1751,0.0,0.0,2.5194967832411534,-1.780344459401968,-0.9461142593298435,4.695337304753015,0.41388221464567715,0.016673803329467773,0.06663379711179022,0.0,0.5,1,0
1757356765.0064447,5.039803401107356,-3.557477270991231,-2.1614,0.0,0.0,2.519662315383532,-1.7801318274983375,-0.8853531421642524,4.721905180714672,0.37346130492909124,0.01850414276123047,0.06695310204637576,0.0,0.5,1,0
1757356765.0369062,5.0402194370762246,-3.5568160715991746,-2.1478,0.0,0.0,2.5198440103720783,-1.7797750731463744,-0.9214861319251892,4.6936779691751,0.46378208933861365,0.014686226844787598,0.0666243175787508,0.0,0.5,1,0
1757356765.0760338,5.040740535825586,-3.5559559475731515,-2.1295,0.0,0.0,2.5200592701429603,-1.7794250107490712,-0.8989203647062133,4.695961108204392,0.5541811510276086,0.01653575897216797,0.06666016677140685,0.0,0.5,1,0
1757356765.1071177,5.040189218410227,-3.5566767087156355,-2.1158,0.0,0.0,2.520096966266937,-1.7793638654693933,-0.8269564254343696,4.728954677351878,0.3627057342807225,0.01892721652984619,0.06704649982576077,0.0,0.5,1,0
1757356765.1372962,5.040088611344441,-3.5568613291566145,-2.0974,0.0,0.0,2.52009742029786,-1.7792598466377112,-0.8674940219977336,4.6954879988914096,0.6337468953142045,0.014517784118652344,0.06666731692022285,0.0,0.5,1,0
1757356765.1697035,5.040018189756263,-3.5569962901737804,-2.0837,0.0,0.0,2.5200856015973496,-1.7792573090719035,-0.8449030265723865,4.700279905787817,0.41376029291968075,0.016556501388549805,0.06670071882412143,0.0,0.5,1,0
1757356765.2029903,5.039551188300858,-3.5577486434737278,-2.0699,0.0,0.0,2.519989698617475,-1.779385391355103,-0.8228242798412161,4.704815715558839,0.4160749680028831,0.016617655754089355,0.06673744885650797,0.0,0.5,1,0
1757356765.236771,5.03929211272433,-3.558251120914099,-2.0562,0.0,0.0,2.5198788751833447,-1.7795505524240989,-0.8020946122236834,4.7087118516871085,0.4120014320853505,0.016640305519104004,0.06676905842778603,0.0,0.5,1,0
1757356765.2698898,5.038969532930314,-3.5589034443088905,-2.0379,0.0,0.0,2.519746250972684,-1.7797663617480743,-0.7831123528812326,4.709177384758359,0.5527355904925509,0.016567111015319824,0.06678142812651423,0.0,0.5,1,0
1757356765.3026803,5.039142673158135,-3.5586726338669306,-2.0242,0.0,0.0,2.5196937392058634,-1.7798537278729003,-0.7633710198906475,4.712483404943646,0.4116568578740463,0.016643762588500977,0.06680187740340907,0.0,0.5,1,0
1757356765.3364084,5.039119969357834,-3.5587199763685713,-2.0106,0.0,0.0,2.5196554451329485,-1.7799084009726738,-0.7462267827627092,4.714397371791867,0.4100506031083468,0.01658344268798828,0.0668068229464241,0.0,0.5,1,0
1757356765.369594,5.0390917578318595,-3.558781380406628,-1.9923,0.0,0.0,2.51962529753126,-1.7799473187408412,-0.7269033794678947,4.715003460410215,0.5498104401310261,0.016642212867736816,0.06681783465140553,0.0,0.5,1,0
1757356765.4061496,5.039329753120014,-3.558320242047011,-1.9785,0.0,0.0,2.5196521666812584,-1.7798999942272773,-0.6719309201931911,4.738720790458689,0.3765736807667316,0.018336057662963867,0.06708000132552888,0.0,0.5,1,0
1757356765.4376414,5.039462454388732,-3.5579877832638522,-1.96,0.0,0.0,2.5196924418639153,-1.7797480946140336,-0.7043399408164888,4.70933738185738,0.6213105895518881,0.014890670776367188,0.06673764814776348,0.0,0.5,1,0
1757356765.4700882,5.0395544401557935,-3.5577454548168475,-1.9462,0.0,0.0,2.519736307458639,-1.7796324017925316,-0.6825657561854873,4.713670385677265,0.415094748226641,0.016625642776489258,0.06675894464853996,0.0,0.5,1,0
1757356765.502792,5.039277318583751,-3.5583261833237465,-1.9322,0.0,0.0,2.5197113738617998,-1.7796561698926532,-0.6637183772938153,4.716392181156202,0.42280259905401624,0.016573667526245117,0.06676500945867092,0.0,0.5,1,0
1757356765.5360286,5.039171814085334,-3.5586339090092514,-1.9138,0.0,0.0,2.519674984089115,-1.779720129207542,-0.6454783978667048,4.716370571445744,0.5567057647225602,0.01652836799621582,0.06676029463662264,0.0,0.5,1,0
1757356765.5701733,5.039099268242381,-3.5588580518471487,-1.9001,0.0,0.0,2.519637799084232,-1.7798005345782195,-0.6173852564910096,4.724555174593681,0.402702368261621,0.017012596130371094,0.06682575608025396,0.0,0.5,1,0
1757356765.6040144,5.039615515019113,-3.5575644297838283,-1.8862,0.0,0.0,2.519712299216703,-1.779602046308969,-0.5985346809081931,4.727124091805724,0.41612421261128946,0.016785383224487305,0.06683291908547545,0.0,0.5,1,0
1757356765.6357927,5.039798160342489,-3.556943062428059,-1.8724,0.0,0.0,2.519794140550839,-1.779346715578377,-0.597496237091072,4.719562713158465,0.4308538537770821,0.01603233814239502,0.06672254199527565,0.0,0.5,1,0
1757356765.669881,5.0400195105154655,-3.5561392183961105,-1.8539,0.0,0.0,2.519888944220527,-1.7790397590425715,-0.575499078790996,4.7214110888427765,0.5544613899123672,0.016699790954589844,0.06674150352415945,0.0,0.5,1,0
1757356765.7087948,5.039533813252682,-3.557467689982733,-1.8401,0.0,0.0,2.5198582497206683,-1.7791004985551933,-0.5040336319380517,4.755499913329519,0.36404312177778353,0.019053101539611816,0.0670993127513689,0.0,0.5,1,0
1757356765.7376473,5.039383346557635,-3.558080768148887,-1.8219,0.0,0.0,2.5198065565215177,-1.7791970159630925,-0.5437912846088682,4.721638824601277,0.6140643630529877,0.014828205108642578,0.06670432560585654,0.0,0.5,1,0
1757356765.7698717,5.039314688440616,-3.5583792648976136,-1.8128,0.0,0.0,2.519760889826874,-1.7793336082461009,-0.5331254382964556,4.722382197963928,0.2786090649568015,0.01634037494659424,0.06666029451414127,0.0,0.5,1,0
1757356765.8033054,5.039312285493728,-3.558522165298061,-1.7932,0.0,0.0,2.519730899361626,-1.779443463779391,-0.5188045568453397,4.719471393137656,0.5992589963690109,0.016353964805603027,0.06662910978478531,0.0,0.5,1,0
1757356765.8387523,5.0392757144161955,-3.5587039696084712,-1.7795,0.0,0.0,2.5197046192607666,-1.7795453381026087,-0.4957909885632358,4.724759610139974,0.40965504418277443,0.016722917556762695,0.06665680415377234,0.0,0.5,1,0
1757356765.8858147,5.03924278278516,-3.5588808666125753,-1.7659,0.0,0.0,2.519681690197539,-1.7796445350976742,-0.45098967711683347,4.742943056183192,0.38147908492974075,0.01782691478729248,0.06682861266597369,0.0,0.5,1,0
1757356765.9157217,5.039339395674691,-3.558523036398358,-1.7477,0.0,0.0,2.5196869322291295,-1.7796556887385857,-0.3333057697322921,4.804285709966507,0.42155565811605866,0.0215911865234375,0.06750105444544374,0.0,0.5,1,0
1757356765.9374733,5.039357818332596,-3.5584033842263465,-1.7342,0.0,0.0,2.519688721000883,-1.779544449111698,-0.50085003234916,4.696366965655373,0.6572348235229087,0.01027071475982666,0.06627720095474013,0.0,0.5,1,0
1757356765.9744124,5.039374045896982,-3.5582870469783585,-1.7204,0.0,0.0,2.519695176434875,-1.7795240892959852,-0.46838767673279447,4.706543725790526,0.41727756484672324,0.016536355018615723,0.0663669235799702,0.0,0.5,1,0
1757356766.0037668,5.03940599813058,-3.5580580360921257,-1.7022,0.0,0.0,2.519705564488661,-1.7794653375101048,-0.42411192338698245,4.721239122873933,0.5280513331996746,0.01723456382751465,0.06652316883685039,0.0,0.5,1,0
1757356766.0400488,5.0394211297372955,-3.5579118588808454,-1.6887,0.0,0.0,2.5197148871522046,-1.7793877273748606,-0.394749315908274,4.730241130632801,0.39731453055154775,0.016990065574645996,0.06658909516799423,0.0,0.5,1,0
1757356766.0769482,5.039433780480575,-3.557769831387781,-1.675,0.0,0.0,2.5197226929730325,-1.7792990366890211,-0.3909167034024619,4.724422192236767,0.42668179189057054,0.016054987907409668,0.06649759735447935,0.0,0.5,1,0
1757356766.1116607,5.0396826270414365,-3.555826990384635,-1.6569,0.0,0.0,2.5197750012631457,-1.7788891070490926,-0.3771188198763066,4.721378981994184,0.5594927508347635,0.016269803047180176,0.0664629037772322,0.0,0.5,1,0
1757356766.1404133,5.039739650137123,-3.5548797880713905,-1.6432,0.0,0.0,2.5198193434920784,-1.7784525190989684,-0.35516710222757475,4.72570418283284,0.4135231310958897,0.01660466194152832,0.06648093241938169,0.0,0.5,1,0
1757356766.1929061,5.039781732394353,-3.553960018812979,-1.6296,0.0,0.0,2.5198573759258203,-1.778014576002006,-0.26790965845660175,4.769171037816653,0.3468526483727281,0.019649744033813477,0.06690931091633899,0.0,0.5,1,0
1757356766.2111013,5.0395407192843,-3.5559982645186765,-1.6112,0.0,0.0,2.5198321617735155,-1.7780585927001145,-0.33916823520503403,4.716914783479531,0.6809828426150107,0.013593673706054688,0.06634282612692532,0.0,0.5,1,0
1757356766.2398427,5.039533935584566,-3.5567474525820137,-1.5975,0.0,0.0,2.5198159551487107,-1.7782486708073615,-0.3142012073411693,4.7235161492575095,0.4131630390427739,0.016604185104370117,0.06638307915041616,0.0,0.5,1,0
1757356766.3631094,5.039541796858858,-3.5577118504983773,-1.5791,0.0,0.0,2.5198069435006705,-1.7785404736970714,-0.28464250590714746,4.730349336736231,0.5456204329880229,0.016884684562683105,0.06644235294526497,0.0,0.5,1,0
1757356766.385974,5.039574160585533,-3.5577979851794863,-1.5652,0.0,0.0,2.519819205428939,-1.7788587564024148,0.39681193743409626,5.233993326923069,0.14444335070966616,0.04811680316925049,0.07163915709303285,0.0,0.5,1,0
1757356766.4027536,5.039584279834376,-3.5581490996679594,-1.5514,0.0,0.0,2.519812906889786,-1.778875158264586,0.053561483928334375,4.937600717469978,0.6091225342538658,0.011331439018249512,0.06839741746292334,0.0,0.5,1,0
1757356766.4104972,5.0395990506543935,-3.5584895976151336,-1.5376,0.0,0.0,2.519811224134057,-1.7790015475953789,-0.2292235412503878,4.740420023393463,0.8292259657516137,0.0083235502243042,0.0664485897797895,0.0,0.5,1,0
1757356766.4176915,5.039645634125107,-3.5562444113571234,-1.5238,0.0,0.0,2.5198170383545966,-1.778698493282433,-0.5113545007730951,4.58569703692309,1.8205254171658496,0.0038399696350097656,0.06494446609969534,0.0,0.5,1,0
1757356766.4363065,5.039512764051821,-3.554479679788571,-1.5054,0.0,0.0,2.519798673503159,-1.7782501943324376,-0.5380606046718972,4.564971460946844,0.8335896078788616,0.011087536811828613,0.06476432020522548,0.0,0.5,1,0
1757356766.484041,5.0393947701513335,-3.5532039689846746,-1.4916,0.0,0.0,2.519767856374381,-1.7778023768121762,-0.3170802403332485,4.662588452984718,0.3233898381629663,0.021428227424621582,0.06577825523830486,0.0,0.5,1,0
1757356766.5032089,5.039436793489038,-3.555669284503047,-1.4732,0.0,0.0,2.519753248894985,-1.7778627087008563,-0.3717657149685076,4.626517455203451,0.7842103594464178,0.011836409568786621,0.06539989534132502,0.0,0.5,1,0
1757356766.537867,5.039556178093216,-3.5565969757658435,-1.4594,0.0,0.0,2.519767451520054,-1.77810018243419,-0.29356992074093924,4.659186281130635,0.41567867122317836,0.016637444496154785,0.06570908175173287,0.0,0.5,1,0
1757356766.5700176,5.039730371653549,-3.5577882501926985,-1.441,0.0,0.0,2.519809348310339,-1.7784509388861467,-0.23519791693294134,4.68079018079338,0.5587076392054001,0.016501784324645996,0.06590033595212669,0.0,0.5,1,0
1757356766.6081386,5.039766460958931,-3.5577251700722607,-1.4271,0.0,0.0,2.5198441238444054,-1.7786594615987181,-0.13259787247829402,4.73019563735922,0.36524117426998043,0.019028782844543457,0.06634093804480053,0.0,0.5,1,0
1757356766.6376076,5.039828233609238,-3.558090842092307,-1.4132,0.0,0.0,2.5198762126956904,-1.7788242882473009,-0.1635397913925331,4.704837518558437,0.48407277436449453,0.014362454414367676,0.06603343975530575,0.0,0.5,1,0
1757356766.6711073,5.03989333723877,-3.5584446498406934,-1.3993,0.0,0.0,2.519910153596224,-1.7790058888707136,-0.11321390831025785,4.725548115401418,0.4028149095569465,0.01725935935974121,0.06619875483574827,0.0,0.5,1,0
1757356766.7030313,5.0398168367153335,-3.5577569141832486,-1.3808,0.0,0.0,2.5199165973749733,-1.778984704282014,-0.10351084372014457,4.720265527614267,0.5821061471858064,0.015901684761047363,0.06613381612847505,0.0,0.5,1,0
1757356766.7374358,5.039764962109509,-3.5575203488374005,-1.3668,0.0,0.0,2.519911225947604,-1.778928564664167,-0.059401262585815406,4.7374727691151515,0.4040414541841251,0.017327547073364258,0.06626742847486353,0.0,0.5,1,0
1757356766.7693512,5.03971126819845,-3.5572915784159274,-1.3529,0.0,0.0,2.5198967296362103,-1.7788399388794849,-0.05874207345895771,4.7296091280452135,0.4390518279982822,0.015831828117370605,0.06616440014349237,0.0,0.5,1,0
1757356766.8037367,5.039828784994695,-3.55794761191918,-1.3329,0.0,0.0,2.5199099367341034,-1.7789013561463283,-0.03053373409345672,4.734770944460804,0.5972025913078277,0.01675403118133545,0.06621030084923549,0.0,0.5,1,0
1757356766.8361838,5.03987158882649,-3.558104479017927,-1.3236,0.0,0.0,2.519926228899945,-1.7789623173331857,-0.013732749819276302,4.739047890135292,0.2818633551317606,0.016499876976013184,0.06620614774335756,0.0,0.5,1,0
1757356766.876071,5.0399591986216965,-3.5584076703686174,-1.3051,0.0,0.0,2.5199546341465675,-1.7790526152017747,0.08153360414246458,4.785744216926327,0.46333825201673406,0.019966721534729004,0.06664077071925663,0.0,0.5,1,0
1757356766.9063616,5.03953484337467,-3.556600770082366,-1.2912,0.0,0.0,2.5198896053812874,-1.778766420996917,0.03682054919064803,4.749182086934814,0.46744989856663577,0.014999866485595703,0.06628763334857019,0.0,0.5,1,0
1757356766.940736,5.039162038657566,-3.555438779405795,-1.2727,0.0,0.0,2.519777516651821,-1.778383597748991,0.020381503250076483,4.728107078624334,0.6047944164069382,0.015327692031860352,0.06610468293384174,0.0,0.5,1,0
1757356766.9703028,5.038877693858979,-3.5546022612233426,-1.2588,0.0,0.0,2.5196518937524863,-1.7779911696390345,0.042548098128191714,4.73233381878408,0.420437156063192,0.016563773155212402,0.06613364444805649,0.0,0.5,1,0
1757356767.0039902,5.03957502627355,-3.557089066326518,-1.2404,0.0,0.0,2.5197036977754603,-1.7781796991259322,0.06713574628225238,4.737284506704858,0.5558573522619549,0.016713261604309082,0.06617089494080702,0.0,0.5,1,0
1757356767.0380275,5.0398704646481,-3.557881290757621,-1.2265,0.0,0.0,2.5197930365474646,-1.7784369789292966,0.09003430304492621,4.74294459394168,0.4149574909937356,0.016779661178588867,0.06620352892688194,0.0,0.5,1,0
1757356767.0695372,5.040168495604801,-3.558645798870724,-1.2125,0.0,0.0,2.5199064218330807,-1.7787351191689489,0.08819780875710403,4.734066151463068,0.4436075237840348,0.01580679416656494,0.06610690582010798,0.0,0.5,1,0
1757356767.103056,5.040049741730225,-3.5581826814897286,-1.1938,0.0,0.0,2.5199566605702963,-1.7788429244809083,0.11207570770118414,4.7368934745457265,0.5624672217767513,0.016628623008728027,0.06614247754948581,0.0,0.5,1,0
1757356767.136015,5.040083056130381,-3.558265315548549,-1.1799,0.0,0.0,2.519994951331704,-1.7789217542862459,0.1310729122939872,4.739847576053452,0.4201675081486567,0.016541361808776855,0.06615708826972569,0.0,0.5,1,0
1757356767.1688678,5.0401165092425675,-3.5583450307445266,-1.1661,0.0,0.0,2.52002562394255,-1.7789824420944997,0.14933074568887073,4.742454088525383,0.4163911296810276,0.0165712833404541,0.06617211137894169,0.0,0.5,1,0
1757356767.2072403,5.039118950816029,-3.5558284011879544,-1.1522,0.0,0.0,2.519855852578977,-1.778561842903399,0.2092358843809432,4.768536211659512,0.38329788812154303,0.018472790718078613,0.06642066346565415,0.0,0.5,1,0
1757356767.2369046,5.038344849238657,-3.554216050211987,-1.1337,0.0,0.0,2.5195999696909017,-1.7779964011159732,0.18028126647725207,4.739218810115452,0.6119411542914293,0.015186309814453125,0.06618280281033258,0.0,0.5,1,0
1757356767.2699182,5.037764425069276,-3.5530584707163286,-1.1198,0.0,0.0,2.5193263576941654,-1.7774278175918747,0.19607000585481948,4.73951626434433,0.42249585034255277,0.016521096229553223,0.06618828628448034,0.0,0.5,1,0
1757356767.3035657,5.038848106340345,-3.5555520954367474,-1.1013,0.0,0.0,2.519356366428585,-1.7775078639606499,0.21192529369318702,4.739528087440583,0.5672553751996995,0.016481757164001465,0.06619034940435317,0.0,0.5,1,0
1757356767.3359463,5.03924460766119,-3.5562754035590314,-1.0873,0.0,0.0,2.5194508182294877,-1.7776855105903109,0.23220300068724387,4.74363682810148,0.42010375439715775,0.01669144630432129,0.06622121972245681,0.0,0.5,1,0
1757356767.3698928,5.039639830553789,-3.5569713721059326,-1.0733,0.0,0.0,2.519586351483144,-1.7779210143408064,0.2488911605042191,4.745648147105079,0.4219204555099958,0.016617894172668457,0.06623760402353507,0.0,0.5,1,0
1757356767.4061267,5.039791162932107,-3.557174611427159,-1.0547,0.0,0.0,2.5197018576079975,-1.7781066075817313,0.2597416727485615,4.741308693574572,0.569386277816696,0.016334891319274902,0.06621786457260866,0.0,0.5,1,0
1757356767.437158,5.039976297097003,-3.55748427270655,-1.0409,0.0,0.0,2.519811069538802,-1.778276698822904,0.2930150016699655,4.752993097089654,0.39967124523767594,0.01727008819580078,0.06632577351720506,0.0,0.5,1,0
1757356767.4742413,5.040160285503102,-3.557782078732313,-1.027,0.0,0.0,2.5199157008334954,-1.7784352325582293,0.3073675521456688,4.753445572868417,0.41569058643529494,0.016724467277526855,0.06633875248228904,0.0,0.5,1,0
1757356767.5158525,5.039373360478735,-3.556351533576143,-1.015,0.0,0.0,2.5198340323900372,-1.7782620213953677,0.39773903203804395,4.800767177719629,0.3005199134801095,0.0201493501663208,0.06680399465970063,0.0,0.5,1,0
1757356767.5365307,5.0386338514782985,-3.5552412255425114,-0.9946,0.0,0.0,2.5196417415353576,-1.7779659041637914,0.29177901559133523,4.7237578566530525,0.8146863973386386,0.012546896934509277,0.0661404593930785,0.0,0.5,1,0
1757356767.5970194,5.038134379709409,-3.5545198377959353,-0.9809,0.0,0.0,2.519422720262814,-1.7776307176407877,0.4087012895928269,4.785022050825555,0.3326075797789726,0.020637035369873047,0.06671898272657992,0.0,0.5,1,0
1757356767.61692,5.039206001444068,-3.5562583215627175,-0.9624,0.0,0.0,2.5194867788496,-1.7777408738174756,0.32804871751478293,4.726822984226611,0.6958372490845544,0.013374090194702148,0.06619753243055237,0.0,0.5,1,0
1757356767.6530643,5.039631140068418,-3.5568345344411534,-0.9486,0.0,0.0,2.5196069510960633,-1.777920863698505,0.3289159666096332,4.719722770740465,0.4439044040184061,0.015564799308776855,0.06611689033575602,0.0,0.5,1,0
1757356767.676523,5.040051806348916,-3.5573875380406013,-0.9348,0.0,0.0,2.5197632394939418,-1.7781327090013905,0.36088859452567434,4.73048609091558,0.41355755154705537,0.016705632209777832,0.06620951092582485,0.0,0.5,1,0
1757356767.7025683,5.040063861933159,-3.5573459313918967,-0.9164,0.0,0.0,2.5198658592252254,-1.7782560651104826,0.38728894159322247,4.7351623253727215,0.5529354139693169,0.016638517379760742,0.06627810646122291,0.0,0.5,1,0
1757356767.7360077,5.040195617965188,-3.5575101446393576,-0.9026,0.0,0.0,2.519956336324392,-1.7783620298019582,0.40660682328713704,4.738441058767809,0.41850875409763866,0.016489028930664062,0.06631655673349846,0.0,0.5,1,0
1757356767.7709453,5.040325749648413,-3.5576676107380685,-0.8888,0.0,0.0,2.5200390523436087,-1.7784525139747593,0.4448833129991885,4.752981534825675,0.3968120565365929,0.01739048957824707,0.06647076082859046,0.0,0.5,1,0
1757356767.8071833,5.040258767778414,-3.5575660337437673,-0.8751,0.0,0.0,2.520079378124329,-1.7784849771130256,0.4827356215585634,4.767456000111521,0.3861039096290095,0.017742037773132324,0.06664093260117138,0.0,0.5,1,0
1757356767.8362014,5.040270882611637,-3.557580247220912,-0.8558,0.0,0.0,2.5201060364487913,-1.7785181839739033,0.4494226858230205,4.736269026342461,0.6475749378024515,0.01490175724029541,0.06638275012344425,0.0,0.5,1,0
1757356767.8695338,5.040279404226555,-3.557589885583323,-0.842,0.0,0.0,2.5201252743310256,-1.7785399369099544,0.46768749160863243,4.738797860299811,0.4190813478119388,0.016464591026306152,0.06640991467254498,0.0,0.5,1,0
1757356767.9031594,5.040106864227194,-3.557389218463861,-0.8281,0.0,0.0,2.5201050699882033,-1.7785143333836206,0.489863709105854,4.743431202287578,0.4166438603406398,0.0,0.0664669292546025,0.0,0.0,1,0
1757356767.9367723,5.039981719844686,-3.5572615626287316,-0.8098,0.0,0.0,2.5200683613295105,-1.7784726440444716,0.4978009307563678,4.7376966873798745,0.550246776707461,0.0,0.0665081436500346,0.0,0.0,1,0
1757356767.9709952,5.039889557912705,-3.557170713076662,-0.7959,0.0,0.0,2.520027423129871,-1.7784281689341483,0.5015678479729758,4.732327102996316,0.4112473006379871,0.0,0.06657648319082722,0.0,0.0,1,0
1757356768.0033069,5.038040806416316,-3.555249825733991,-0.7774,0.0,0.0,2.5196539767435886,-1.7780464923555404,0.4918654139026746,4.715277963712778,0.5622218039913229,0.0,0.06658438684485357,0.0,0.0,1,0
1757356768.0357888,5.037154813877474,-3.554422431484269,-0.7634,0.0,0.0,2.519248583189978,-1.7776537267002444,0.4699217459483275,4.695084832284201,0.43306059881970854,0.0,0.06652901346331307,0.0,0.0,1,0
1757356768.0748332,5.036284207739196,-3.5536314917703726,-0.7524,0.0,0.0,2.5188239479444534,-1.7772544187924555,0.47041730597322595,4.68943774164947,0.3176149397945395,0.0,0.0666456049210348,0.0,0.0,1,0
1757356768.106868,5.038383547812405,-3.5557232753125296,-0.7515,0.0,0.0,2.5189463867723365,-1.7773857577258476,0.4638464000540621,4.6880843273683634,0.08754897941508548,0.0,0.06676195953794777,0.0,0.0,1,0
1757356768.1367998,5.03933554068398,-3.5565776724196554,-0.7579,0.0,0.0,2.519205608191079,-1.7776438855420575,0.39434047035823105,4.655506040787947,0.21915883755445864,0.0,0.06644757029165986,0.0,0.0,1,0
1757356768.16938,5.040022878505449,-3.5571982829233786,-0.759,0.0,0.0,2.519500095295851,-1.7779271014287525,0.36558294600821994,4.642627321496323,0.04361469265907031,0.0,0.06642640447179166,0.0,0.0,1,0
1757356768.2071006,5.039367754487506,-3.5565286796864166,-0.7591,0.0,0.0,2.519566232168964,-1.7779898851703633,0.3372977169532517,4.628619330586044,0.02838122885937757,0.0,0.06641828383484315,0.0,0.0,1,0
1757356768.2360704,5.039338010896053,-3.5564996073800046,-0.7606,0.0,0.0,2.519603186361279,-1.7780296611020796,0.3066545372070156,4.6150117884266155,0.04527869242514296,0.0,0.06640049090531885,0.0,0.0,1,0
1757356768.2692628,5.03931652727496,-3.556478504549052,-0.7609,0.0,0.0,2.5196229034969293,-1.7780561665617751,0.2764281177996504,4.601399546133312,0.009064104738129476,0.0,0.0663869240403614,0.0,0.0,1,0
1757356768.3037403,5.039315481249502,-3.5564795579231645,-0.7611,0.0,0.0,2.5196353911290723,-1.7780781237376089,0.24660591389464798,4.588291639540442,0.0059922847253878215,0.0,0.06637599039675354,0.0,0.0,1,0
1757356768.3363183,5.039306711606759,-3.5564711705089236,-0.7616,0.0,0.0,2.5196417664712945,-1.7780957019488297,0.2149937622031045,4.574817002872742,0.015065096862315785,0.0,0.06634860882121058,0.0,0.0,1,0
1757356768.3742402,5.039298213809808,-3.556463017366364,-0.7617,0.0,0.0,2.5196442533641648,-1.7781094017388073,0.19179156549193388,4.56528912274477,0.0029365506922917565,0.0,0.06639089981620654,0.0,0.0,1,0
1757356768.4064443,5.039304707455967,-3.5564702006629836,-0.7619,0.0,0.0,2.519647087500467,-1.778121911087691,0.17671175130846134,4.559598315137452,0.005590942613729229,0.0,0.06651073748078802,0.0,0.0,1,0
1757356768.4378533,5.039304651339226,-3.5564701244071797,-0.7623,0.0,0.0,2.5196489206252832,-1.7781371187995019,0.11938300133686608,4.536008820416225,0.013187458414862178,0.0,0.06623785518533441,0.0,0.0,1,0
1757356768.4698374,5.039304622310092,-3.5564700570514867,-0.7624,0.0,0.0,2.5196500815714717,-1.778153622055887,0.0894060744460789,4.524547427621878,0.0030427029250755236,0.0,0.06620236463543311,0.0,0.0,1,0
1757356768.5022998,5.039136027217673,-3.556297855817239,-0.7626,0.0,0.0,2.519618895906601,-1.778137994160434,0.05951129837387348,4.513341331017227,0.009589105139910905,0.0,0.06616298481009303,0.0,0.0,1,0
1757356768.5375683,5.039006328412085,-3.556173799508875,-0.7628,0.0,0.0,2.5195742127440863,-1.7781098560868571,0.04209417519480574,4.50725263002902,0.0078041294370277715,0.0,0.06624213410754151,0.0,0.0,1,0
1757356768.5706787,5.0389434341122366,-3.5561136115042724,-0.7628,0.0,0.0,2.5195338054688636,-1.7780843505144133,0.008510426346943767,4.49525914196832,0.002708104317530508,0.0,0.06615476137507889,0.0,0.0,1,0
1757356768.6032078,5.0389549048809545,-3.5561334542795477,-0.763,0.0,0.0,2.5195100348499615,-1.778076661975449,-0.013111602931321908,4.488109275425818,0.005986650161371212,0.0,0.06618369138037672,0.0,0.0,1,0
1757356768.6381958,5.038945646097885,-3.5561245802085866,-0.763,0.0,0.0,2.5194930730437224,-1.7780736533217423,-0.03284354726838706,4.481703370493167,0.0003764207252757003,0.0,0.0662299624512804,0.0,0.0,1,0
1757356768.6706772,5.038936672939178,-3.556115959030776,-0.7631,0.0,0.0,2.5194807925700684,-1.7780730819355661,-0.06447914761033963,4.47145764417956,0.0031450643950250118,0.0,0.06613762585245808,0.0,0.0,1,0
1757356768.7067187,5.038942958979005,-3.556122944934227,-0.7632,0.0,0.0,2.5194737356689116,-1.7780803693733946,-0.06673806604413668,4.471262145702631,0.002710389004137384,0.0,0.06638311188776706,0.0,0.0,1,0
1757356768.7386353,5.038942898129456,-3.556122863537544,-0.7634,0.0,0.0,2.5194700193331565,-1.7780830860996362,-0.11268144789568613,4.456944439548799,0.006727571644059262,0.0,0.06609888772958905,0.0,0.0,1,0
1757356768.7691507,5.038942865037989,-3.5561227931470376,-0.7634,0.0,0.0,2.5194674338555973,-1.7780930099287253,-0.13420181398513167,4.4507624264016945,2.3674483015367713e-06,0.0,0.06610298078801365,0.0,0.0,1,0
1757356768.8027234,5.038942874941255,-3.5561228608346807,-0.7635,0.0,0.0,2.5194658146035183,-1.7781032201371998,-0.15129347846645141,4.446093854099145,0.0029736509875305053,0.0,0.06615756519363677,0.0,0.0,1,0
1757356768.8412924,5.038942887316841,-3.556122847019255,-0.7637,0.0,0.0,2.519464957294979,-1.7781118667060674,-0.1726764468178563,4.440337963047616,0.0060928740302275295,0.0,0.0661498666055909,0.0,0.0,1,0
1757356768.8693845,5.038942906918306,-3.5561228259368303,-0.7638,0.0,0.0,2.5194644691082297,-1.7781210700784367,-0.19067730535004945,4.435671801200137,0.002999573892431953,0.0,0.06618126931051017,0.0,0.0,1,0
1757356768.9040933,5.038942877457972,-3.5561228539325005,-0.7639,0.0,0.0,2.519464117257825,-1.778131190317267,-0.20156322003748056,4.433056556868748,0.002856435603001689,0.0,0.06631126711600892,0.0,0.0,1,0
1757356768.9429026,5.038942885613185,-3.556122845415596,-0.764,0.0,0.0,2.519464156466908,-1.778137442615446,-0.22298212661488262,4.427691709629341,0.0030273510282860135,0.0,0.0662784300326948,0.0,0.0,1,0
1757356768.9702325,5.038942902554645,-3.556122827730238,-0.7641,0.0,0.0,2.519464341473337,-1.7781436671288242,-0.24618295074548222,4.422071792520113,0.0031083425048604586,0.0,0.06620915660073835,0.0,0.0,1,0
1757356769.017986,5.038942879999785,-3.556122848092425,-0.7642,0.0,0.0,2.519464095502121,-1.7781578788823378,-0.24346902673141635,4.423080179603592,0.0026088686352874874,0.0,0.06656278586641465,0.0,0.0,1,0
1757356769.0369813,5.0389428930472,-3.5561228344809033,-0.7643,0.0,0.0,2.519464780380135,-1.7781545896048572,-0.285884089776519,4.4130846267568415,0.003575310557700416,0.0,0.06613864059895161,0.0,0.0,1,0
1757356769.0708473,5.038942912885873,-3.5561228137883076,-0.7644,0.0,0.0,2.5194649081627487,-1.7781647072190494,-0.2988864544205705,4.410367383647311,0.0029918924967967204,0.0,0.06621583735742556,0.0,0.0,1,0
1757356769.105753,5.038942882392618,-3.556122842530051,-0.7645,0.0,0.0,2.519465100191032,-1.7781719730726133,-0.3142098652259472,4.407208902695263,0.0030414888495855627,0.0,0.06624144116606963,0.0,0.0,1,0
1757356769.136561,5.038942895529014,-3.556122828833294,-0.7646,0.0,0.0,2.5194653019963713,-1.7781783408995409,-0.3290592826978932,4.404246578000282,0.0030436957653547695,0.0,0.06626523323257179,0.0,0.0,1,0
1757356769.1703932,5.0389429152397565,-3.5561228082849277,-0.7646,0.0,0.0,2.5194654525590097,-1.7781852947770163,-0.3404499588439337,4.402064369909283,8.436384194364273e-07,0.0,0.06634706914512717,0.0,0.0,1,0
1757356769.2030697,5.038942884755199,-3.5561228371359377,-0.7647,0.0,0.0,2.5194656633670616,-1.7781895801272196,-0.3549812807008058,4.399323807194292,0.003035435720199409,0.0,0.06635570222431578,0.0,0.0,1,0
1757356769.2365496,5.03894289343032,-3.5561228280948285,-0.7648,0.0,0.0,2.519465836814878,-1.7781944961721188,-0.36723767638247345,4.397109460544861,0.0029871619979379782,0.0,0.06640397996035041,0.0,0.0,1,0
1757356769.2716682,5.0389429178900365,-3.556122802607851,-0.7649,0.0,0.0,2.5194660375487183,-1.7781980671578599,-0.38053187899727164,4.394760758346747,0.003018158194774029,0.0,0.06642003975872687,0.0,0.0,1,0
1757356769.3065534,5.03894288699957,-3.5561228319675453,-0.765,0.0,0.0,2.5194660379111418,-1.7782069016191797,-0.383438883487524,4.3943964859363165,0.0027276657719611224,0.0,0.06667683795741161,0.0,0.0,1,0
1757356769.3364341,5.038942900488392,-3.5561228179180326,-0.7651,0.0,0.0,2.519466457895652,-1.778201370336817,-0.40817174724145394,4.390103629438651,0.0033461810345382353,0.0,0.06638914615232634,0.0,0.0,1,0
1757356769.3695242,5.038942920086247,-3.5561227975089595,-0.7652,0.0,0.0,2.5194666329109316,-1.7782048766570244,-0.42023990768684977,4.388188027916606,0.0030474110276447267,0.0,0.06640848762549177,0.0,0.0,1,0
1757356769.4040642,5.038942889247343,-3.556122826917179,-0.7652,0.0,0.0,2.5194667408679816,-1.7782095012316648,-0.42894537216883755,4.386865989272406,1.2564678051674842e-06,0.0,0.06650307848284484,0.0,0.0,1,0
1757356769.438101,5.038942902932173,-3.5561228126701,-0.7653,0.0,0.0,2.5194668681541064,-1.7782124582448287,-0.43830810476199367,4.385484119944027,0.002949269825153253,0.0,0.0665707819369355,0.0,0.0,1,0
1757356769.4879677,5.0389429224927875,-3.556122792308945,-0.7654,0.0,0.0,2.5194663017594667,-1.7782407885418454,-0.4100295818879284,4.390455623724469,0.001994466952540117,0.0,0.06782657150045548,0.0,0.0,1,0
1757356769.502453,5.038942890393948,-3.5561228228412403,-0.7655,0.0,0.0,2.5194675523236034,-1.7781977231424466,-0.4776515662720547,4.379847567999167,0.006860276438243108,0.0,0.06606582183127696,0.0,0.0,1,0
1757356769.5360327,5.038942896659384,-3.5561228163219223,-0.7656,0.0,0.0,2.519467566895652,-1.7782065911382012,-0.48251139361825623,4.379266062864686,0.0030015701046575086,0.0,0.06624897064109106,0.0,0.0,1,0
1757356769.569291,5.038942917146397,-3.556122795009822,-0.7657,0.0,0.0,2.5194676228751507,-1.7782115000765661,-0.4885804814319028,4.378531895131072,0.003001183630839106,0.0,0.06638142693282571,0.0,0.0,1,0
1757356769.6073103,5.039123923269862,-3.556305945470507,-0.7658,0.0,0.0,2.519501596727075,-1.778254276370725,-0.48769745494153627,4.378923845421134,0.007455808608368466,0.0,0.06673744809092849,0.0,0.0,1,0
1757356769.6366534,5.039221119056876,-3.55639948387017,-0.7659,0.0,0.0,2.5195417331081242,-1.7782853256389217,-0.5048034376087196,4.3768563063623045,0.0056269204124708505,0.0,0.06646636372686894,0.0,0.0,1,0
1757356769.6730301,5.039346234785867,-3.556519908518999,-0.7662,0.0,0.0,2.5195909938008705,-1.7783386846107283,-0.5068919653552151,4.376819666752704,0.009656638850806193,0.0,0.0667204513252323,0.0,0.0,1,0
1757356769.7026694,5.039287955659854,-3.55645673906907,-0.7662,0.0,0.0,2.5196114839053654,-1.7783504801895602,-0.5216111140016312,4.375017330826908,0.0028330564706075044,0.0,0.06649651820705743,0.0,0.0,1,0
1757356769.7359135,5.039300349501167,-3.5564686470239635,-0.7663,0.0,0.0,2.519626977811948,-1.7783650985318902,-0.5289491114361303,4.374238854393365,0.003079163601476739,0.01647627353668213,0.0665390297282755,0.5,0.0,1,0
1757356769.7695205,5.039309331445387,-3.556477260370726,-0.7664,0.0,0.0,2.52868016548157,-1.7783763808418789,-0.5352978389398613,4.373637853871716,0.0030084893561174208,0.01674783229827881,0.06660888614842037,0.5,0.0,1,0
1757356769.8030128,5.039301897804636,-3.5564694102565104,-0.7664,0.0,0.0,2.542999919364899,-1.7783806602245935,-0.5426344988129963,4.373141197561809,0.0003269572739002802,0.01653313636779785,0.06662680289135489,0.5,0.0,1,0
1757356769.8362732,5.039301963015742,-3.556469458693435,-0.7665,0.0,0.0,2.5606254632173644,-1.7783829912919782,-0.5495908534186137,4.373116805346371,0.0030113980972502077,0.016603589057922363,0.06665076938622316,0.5,0.0,1,0
1757356769.8698654,5.039302053791938,-3.5564695044523797,-0.7647,0.0,0.0,2.579861632796859,-1.7783835362365623,-0.5561474310638046,4.3734422486948485,0.054445946792917095,0.016530156135559082,0.06665776718778424,0.5,0.0,1,0
1757356769.9071496,5.042251728466308,-3.5594211061936774,-0.7632,0.0,0.0,2.606373166484119,-1.7789439472630786,-0.5549466037883953,4.3785130816084985,0.11743080719301552,0.018880248069763184,0.06700710778307375,0.5,0.0,1,0
1757356769.9400098,5.043710802362619,-3.560812590615192,-0.7626,0.0,0.0,2.6193649069144436,-1.779544113689582,-0.5693033969043428,4.379769213709844,0.07230592491198795,0.014546513557434082,0.0666012837081135,0.5,0.0,1,0
1757356769.9703672,5.0451271126322315,-3.5621620864803463,-0.7626,0.0,0.0,2.6410567842733186,-1.7801887367637617,-0.5749683304868277,4.383282408666693,0.05933642732325193,0.016484737396240234,0.06661931821605976,0.5,0.0,1,0
1757356770.0029519,5.055555210724185,-3.5725051129857937,-0.7617,0.0,0.0,2.664594344974386,-1.7825346102387185,-0.5798875721270362,4.395729880932928,0.4418793427538527,0.01665055751800537,0.06665633183667329,0.5,0.0,1,0
1757356770.0359626,5.062808550606928,-3.579445277504252,-0.7628,0.0,0.0,2.6872995751580433,-1.7853345826698943,-0.5857165747586308,4.405574829674677,0.30596180092190384,0.016503453254699707,0.06666024146680201,0.5,0.0,1,0
1757356770.0730407,5.066324255749629,-3.5828160619441185,-0.7638,0.0,0.0,2.7136380906072,-1.787772242038474,-0.5891133958586429,4.413607483309124,0.14216884998818982,0.0174868106842041,0.06680567238192954,0.5,0.0,1,0
1757356770.1076653,5.086569935560313,-3.6026070120205684,-0.7629,0.0,0.0,2.7325223130258207,-1.793011538328443,-0.5972453036576912,4.434403719521635,0.8958409342877812,0.01580989360809326,0.06665779832408802,0.5,0.0,1,0
1757356770.1807535,5.0978534686787,-3.6133458398440172,-0.7625,0.0,0.0,2.773146592771346,-1.7984657944861773,-0.5948798663429627,4.453919972616482,0.39717227699857155,0.019616246223449707,0.0671200037296933,0.5,0.0,1,0
1757356770.1883695,5.112371785221865,-3.627176766084087,-0.7647,0.0,0.0,2.8156421266449705,-1.8046226886272891,-0.5931478878316058,4.478286368940504,0.48268090826603305,0.020895957946777344,0.06763049088490489,0.5,0.0,1,0
1757356770.2069786,5.123571674955629,-3.638253153041784,-0.7653,0.0,0.0,2.7916831423417614,-1.8103222930706189,-0.6165744709043487,4.478532044345573,0.7115025207628471,0.011077523231506348,0.06648234824856371,0.5,0.0,1,0
1757356770.2464917,5.1340836486981205,-3.6484497653553243,-0.7635,0.0,0.0,2.8395113547704454,-1.8161798126604578,-0.6134009889357767,4.50124702321206,0.37100699921638364,0.01988518238067627,0.06702481840603564,0.5,0.0,1,0
1757356770.2723706,5.1442927845845094,-3.6583336241931828,-0.7631,0.0,0.0,2.821757458370438,-1.8214307158987515,-0.6306715181253804,4.5026796117513905,0.6154952343431142,0.01154792308807373,0.06619447609282328,0.5,0.0,1,0
1757356770.3030035,5.157839024332275,-3.670975647998049,-0.7647,0.0,0.0,2.853241195742642,-1.8273590799698802,-0.6332121354602891,4.522861419365277,0.5610673175979621,0.016573667526245117,0.06635459911045943,0.5,0.0,1,0
1757356770.3379583,5.170684493994153,-3.6831558017768313,-0.765,0.0,0.0,2.8876576109528216,-1.8334811865361367,-0.6345121849503453,4.544282056343029,0.5067172575152729,0.01746988296508789,0.06659214996541292,0.5,0.0,1,0
1757356770.3699067,5.179985963372636,-3.691975062833311,-0.7651,0.0,0.0,2.9047508847591588,-1.8389630012060196,-0.6397572128219292,4.557085437420433,0.40207531432991706,0.015940070152282715,0.06653454130527824,0.5,0.0,1,0
1757356770.4038725,5.195906655574326,-3.707639682105074,-0.7648,0.0,0.0,2.9281787620809263,-1.8454275834028073,-0.6432895732447478,4.577868659693979,0.675729749437302,0.016528010368347168,0.06658035930288259,0.5,0.0,1,0
1757356770.4394238,5.207741080098991,-3.718996739520818,-0.7649,0.0,0.0,2.949540425487393,-1.8516775385434692,-0.6470217770203597,4.5947895849069615,0.4982483043937127,0.016460299491882324,0.06660129979794911,0.5,0.0,1,0
1757356770.4692543,5.222967331144283,-3.7336244629935194,-0.7661,0.0,0.0,2.9719967800607057,-1.8584157823392886,-0.6507671168144129,4.615033481305381,0.6362049776360734,0.016620635986328125,0.06663796596436648,0.5,0.0,1,0
1757356770.506444,5.226919817094331,-3.73734727342666,-0.7663,0.0,0.0,3.007909400622599,-1.8635535415638542,-0.6513697086138258,4.633210682118735,0.14696917626806402,0.01848471164703369,0.06693316592371085,0.5,0.0,1,0
1757356770.544159,5.238891784833404,-3.7488967805240265,-0.7652,0.0,0.0,3.03879816469229,-1.8690089373487644,-0.6525180672428533,4.655971490816165,0.44659109842642064,0.018664956092834473,0.06715628112387326,0.5,0.0,1,0
1757356770.569451,5.247564362568817,-3.7572520278314774,-0.765,0.0,0.0,3.008246867950864,-1.873562209645744,-0.6639589539545785,4.647313727823771,0.4751922399683406,0.012673020362854004,0.06642677150771095,0.5,0.0,1,0
1757356770.603234,5.264969579899864,-3.774193280059636,-0.7661,0.0,0.0,3.0358074508410007,-1.8799631021971177,-0.6664007931528231,4.672170854630245,0.7243200159697238,0.016783833503723145,0.06653736562273498,0.5,0.0,1,0
1757356770.6357028,5.279563042365624,-3.7882453706367887,-0.766,0.0,0.0,3.0564263452269533,-1.8866386679985543,-0.6695772521186636,4.6918869531585745,0.6172908052562707,0.016409873962402344,0.06655974326932512,0.5,0.0,1,0
1757356770.6695156,5.29012909206795,-3.7984213407340484,-0.7663,0.0,0.0,3.078410318011607,-1.8928235184619129,-0.672330236381749,4.709584268620092,0.4391791480109577,0.016704440116882324,0.06661655501912203,0.5,0.0,1,0
1757356770.7034276,5.302802448576368,-3.810619927294215,-0.767,0.0,0.0,3.0987437773742403,-1.8990450750332184,-0.6753097314745127,4.7282279495209965,0.5262871414353247,0.01672494411468506,0.06665684338568065,0.5,0.0,1,0
1757356770.7367811,5.313957852603276,-3.821329934532557,-0.7672,0.0,0.0,3.1174789048299587,-1.9050087595623844,-0.6782969924402532,4.74513997136645,0.46210671772281786,0.016733884811401367,0.0666840415084373,0.5,0.0,1,0
1757356770.7761137,5.328314334400143,-3.835114454154284,-0.7671,0.0,0.0,3.168657780494772,-1.9117111421705377,-0.6772018738541613,4.7823791757291145,0.5016492890374338,0.019837617874145508,0.06715758409371013,0.5,0.0,1,0
1757356770.8074627,5.3392070683522705,-3.8457497018868727,-0.7673,0.0,0.0,3.153527480536869,-1.9174432509862789,-0.683658196793653,4.780813183217723,0.5071291730343206,0.015010952949523926,0.06675368891134627,0.5,0.0,1,0
1757356770.8375325,5.349689849017275,-3.8559037425909115,-0.7678,0.0,0.0,3.1524207339495223,-1.9230077654112503,-0.6885741702653987,4.786955336712506,0.478087867489195,0.015272140502929688,0.06653284043666574,0.5,0.0,1,0
1757356770.86952,5.359523738540579,-3.8654380534593202,-0.7681,0.0,0.0,3.167314916010472,-1.9284254202634263,-0.6916317727720698,4.801269432257648,0.4234518346820206,0.016176939010620117,0.06651589431916868,0.5,0.0,1,0
1757356770.9030569,5.373909980606498,-3.8792859761975573,-0.7688,0.0,0.0,3.188746612497644,-1.9345122889754145,-0.6940508050857004,4.822372512550199,0.5983231951092116,0.016697049140930176,0.06657831869059092,0.5,0.0,1,0
1757356770.9374776,5.38387828568683,-3.8888950418973005,-0.7695,0.0,0.0,3.213242435093462,-1.9402353136365371,-0.6960931959413361,4.842470214549332,0.4028775872254693,0.017205357551574707,0.06669214127166048,0.5,0.0,1,0
1757356770.973893,5.393545262901702,-3.8982201999307904,-0.7696,0.0,0.0,3.2446606334569177,-1.9457252360390234,-0.6972869328538163,4.866923435010541,0.36990219155154513,0.01815617084503174,0.06690498402587593,0.5,0.0,1,0
1757356771.0156746,5.4105819815346425,-3.915060579793541,-0.7697,0.0,0.0,3.301444632718603,-1.9526920596729922,-0.6963230126834983,4.91338299277512,0.5761864321848703,0.020787835121154785,0.06744346703227835,0.5,0.0,1,0
1757356771.0359669,5.421698404449108,-3.9259043206403588,-0.7697,0.0,0.0,3.2121416528689095,-1.9577756182677857,-0.7070044435002114,4.866468910934457,0.7631688065801828,0.010174274444580078,0.06624676735061588,0.5,0.0,1,0
1757356771.0732615,5.436007544506439,-3.939862872009429,-0.7695,0.0,0.0,3.242289820477107,-1.9644421355275954,-0.708355627790638,4.892531248109191,0.6019811843331166,0.016604185104370117,0.06637433108964336,0.5,0.0,1,0
1757356771.1067543,5.444066759898728,-3.9473934854211388,-0.7698,0.0,0.0,3.288879870043716,-1.970330788003185,-0.7082621355363343,4.9248458079078725,0.29904187154551093,0.018449068069458008,0.06672254271266367,0.5,0.0,1,0
1757356771.1363187,5.453076902212885,-3.9560747169281414,-0.7702,0.0,0.0,3.277176744417304,-1.9751943021949716,-0.7121812833133504,4.923244691721977,0.4202712108878582,0.014893054962158203,0.06645446432906833,0.5,0.0,1,0
1757356771.169593,5.46181876204204,-3.9645018931764002,-0.7706,0.0,0.0,3.2942862496179974,-1.9800557784718624,-0.7141225024530137,4.938827404938833,0.3697507726837444,0.016428589820861816,0.06649219953209654,0.5,0.0,1,0
1757356771.2027667,5.481176078147049,-3.983612982926222,-0.7711,0.0,0.0,3.3142164409331887,-1.986727110593602,-0.7159544992308056,4.963289757102726,0.8171051865104858,0.016648054122924805,0.0665486556176026,0.5,0.0,1,0
1757356771.2355752,5.492980803247033,-3.995097363860075,-0.7716,0.0,0.0,3.329338636570793,-1.993078996495726,-0.7180290808216315,4.979855474809886,0.49983130849772794,0.01648259162902832,0.06656318383300497,0.5,0.0,1,0
1757356771.2694538,5.504429945741691,-4.006244971569424,-0.7718,0.0,0.0,3.3462508568229206,-1.9992160209685697,-0.7198645955806908,4.997398754864493,0.4787726437674492,0.016689538955688477,0.06660170057019942,0.5,0.0,1,0
1757356771.3029308,5.519151042460125,-4.020771232168632,-0.7719,0.0,0.0,3.362070350219826,-2.0058159237396715,-0.7216593157139044,5.016491058820446,0.6194459993860923,0.016693711280822754,0.06662741524343949,0.5,0.0,1,0
1757356771.3361742,5.529810943855842,-4.031241349552174,-0.7722,0.0,0.0,3.3748006924509557,-2.0119349953234074,-0.7235517207664308,5.031047220784585,0.4506586114367759,0.016581058502197266,0.06662785552565106,0.5,0.0,1,0
1757356771.3742647,5.540149172697361,-4.041405449386665,-0.7726,0.0,0.0,3.3951658659698025,-2.0177957304238827,-0.7250202154844619,5.050468011795398,0.4222127312435594,0.01717543601989746,0.06671154663950096,0.5,0.0,1,0
1757356771.4072251,5.552876119561214,-4.053509137789645,-0.7731,0.0,0.0,3.427356800939361,-2.0239298803847223,-0.7259290986133651,5.079469424467269,0.4809581451149488,0.01826620101928711,0.06692350529669105,0.5,0.0,1,0
1757356771.4372816,5.562254647206104,-4.062574795161412,-0.7734,0.0,0.0,3.3965786441548054,-2.0288894700363875,-0.7297215111992514,5.064387982272802,0.4538663821648536,0.014373540878295898,0.06650586666645342,0.5,0.0,1,0
1757356771.4689367,5.571352907090132,-4.071372655703412,-0.7738,0.0,0.0,3.4120373718894967,-2.0340024825691123,-0.731402024038151,5.079757763599169,0.38326575453214395,0.01651930809020996,0.06653318230145752,0.5,0.0,1,0
1757356771.5061479,5.588941807070334,-4.08895414701562,-0.7743,0.0,0.0,3.4424061394042833,-2.0406824425638623,-0.7324531318665165,5.110644923855529,0.7068630589646678,0.01759481430053711,0.06670310966034178,0.5,0.0,1,0
1757356771.535798,5.599892016677485,-4.099729136981537,-0.7748,0.0,0.0,3.4393631088532124,-2.046627814471742,-0.7348374802730105,5.115033956231652,0.4866522971667235,0.015792250633239746,0.06656143541249473,0.5,0.0,1,0
1757356771.5696437,5.61051097940697,-4.110189659944458,-0.7752,0.0,0.0,3.4531355549156384,-2.052468359170564,-0.7364935035596699,5.130470767665033,0.4495302880566642,0.016585350036621094,0.06657855832687568,0.5,0.0,1,0
1757356771.7828233,5.621772496851758,-4.120989523624513,-0.7757,0.0,0.0,4.477025813974484,-2.070262493030136,-0.6999377289202315,6.593578843491022,0.07706905103564841,0.10128045082092285,0.08534819233703739,0.5,0.0,1,0
1757356771.802742,5.6306550523742125,-4.129656888273646,-0.7762,0.0,0.0,3.8949870768426345,-2.0689941142232517,-0.7223036641783175,5.5651686252546995,0.8850842506862486,0.007016658782958984,0.07416935320764126,0.5,0.0,1,0
1757356771.8110404,5.642083912370795,-4.140818371284963,-0.7768,0.0,0.0,3.6084045916120164,-2.070915475926831,-0.7350193218202105,5.2685992092451635,0.8096265900167707,0.00987255573272705,0.06958563049999222,0.5,0.0,1,0
1757356771.8169463,5.656420940308272,-4.155151969290386,-0.7771,0.0,0.0,3.3717975241792364,-2.073977329424419,-0.7456999658130519,5.111171267749815,2.475871925673087,0.004094600677490234,0.06651313094266939,0.5,0.0,1,0
1757356771.8248868,5.6671270464182575,-4.165693833997114,-0.7775,0.0,0.0,3.2140377179438486,-2.0776474505873175,-0.7535475907567545,5.045036508288541,2.564033221223072,0.0029309988021850586,0.06487246873898989,0.5,0.0,1,0
1757356771.8285997,5.677510720844907,-4.175926732202465,-0.778,0.0,0.0,3.130348662669032,-2.0819737131629097,-0.7588145896051224,5.025391376001171,1.8760202254259164,0.003887772560119629,0.06409947745634437,0.5,0.0,1,0
1757356771.837691,5.691289246486134,-4.189603435428882,-0.7783,0.0,0.0,3.053017171382485,-2.086877320684528,-0.7634560779735267,5.0182167546726175,5.307799670997122,0.0018290281295776367,0.06355965621750005,0.5,0.0,1,0
1757356771.8463907,5.708180813755276,-4.206250694603025,-0.7788,0.0,0.0,3.045369702288463,-2.093434852665265,-0.7658789932852985,5.031619071768904,2.6241564660473053,0.004519820213317871,0.06339620869303483,0.5,0.0,1,0
1757356771.8786216,5.719535521740144,-4.217450538800796,-0.7792,0.0,0.0,3.2503130418280044,-2.101981236941248,-0.7622457029863997,5.099338014082523,0.4234372949127695,0.01883852481842041,0.06421560582905825,0.5,0.0,1,0
1757356771.9025502,5.730462253259133,-4.228223052561804,-0.7797,0.0,0.0,3.2871848114544027,-2.108307135492149,-0.7625414040880736,5.122396433810284,0.643738333412142,0.011924266815185547,0.06436449567262885,0.5,0.0,1,0
1757356771.9359949,5.739397889405926,-4.237087410883358,-0.7801,0.0,0.0,3.384872156637916,-2.1147345946092146,-0.7612526791498156,5.173949355198644,0.3797527391699187,0.01658046245574951,0.06493134117940788,0.5,0.0,1,0
1757356771.9693213,5.748064246141732,-4.245691780701144,-0.7804,0.0,0.0,3.4529025636530584,-2.1204253664147625,-0.7605719657467227,5.2166201128965755,0.3663601334201523,0.016672134399414062,0.06538698220205091,0.5,0.0,1,0
1757356772.0033884,5.762058760359547,-4.259617309867825,-0.7808,0.0,0.0,3.5034312299942267,-2.126633945488426,-0.7603467437827649,5.25581871449107,0.5867444935303514,0.01682722568511963,0.06574568298718134,0.5,0.0,1,0
1757356772.0360122,5.773101239899808,-4.270524354960666,-0.781,0.0,0.0,3.5323248172915456,-2.13251123033002,-0.7606066728141471,5.280868119233961,0.47474077502584977,0.01634812355041504,0.06594519438153619,0.5,0.0,1,0
1757356772.0697172,5.787309597116325,-4.284564873208953,-0.7814,0.0,0.0,3.560521465836392,-2.138893765287153,-0.7609871251386942,5.307926063208743,0.598767996840633,0.01668369770050049,0.06613090296054148,0.5,0.0,1,0
1757356772.1028812,5.798775087639861,-4.296225913079094,-0.7817,0.0,0.0,3.5821210336843055,-2.145098984107279,-0.7615421861386216,5.32934546991663,0.4906321952651427,0.01666855812072754,0.0662601276854261,0.5,0.0,1,0
1757356772.1373556,5.809344807947767,-4.306828867032296,-0.782,0.0,0.0,3.599674857052549,-2.1509968374066406,-0.7622074613041917,5.347582761344981,0.44890709669069967,0.016678690910339355,0.06635228025974854,0.5,0.0,1,0
1757356772.1694963,5.822943790972571,-4.320485906557921,-0.7824,0.0,0.0,3.6120056757262096,-2.157231359547991,-0.7630323469818366,5.364174868285345,0.5845943129726779,0.016487598419189453,0.06639117464394878,0.5,0.0,1,0
1757356772.2026544,5.8356618252861345,-4.332789631756481,-0.7828,0.0,0.0,3.6250930117331803,-2.163475783956384,-0.7638832697518506,5.380572443433706,0.5342755233123612,0.016564488410949707,0.06642967074866613,0.5,0.0,1,0
1757356772.249225,5.844970717408026,-4.341956406664152,-0.783,0.0,0.0,3.637450378694385,-2.169136232227836,-0.7647000612377689,5.394534595419836,0.39328840318769775,0.016611456871032715,0.06646353191952425,0.5,0.0,1,0
1757356772.2766275,5.8540005535920665,-4.350849265226934,-0.7833,0.0,0.0,3.649169094775978,-2.174369672867288,-0.765518073573743,5.407935212432948,0.38057706338747843,0.01665520668029785,0.06649349750225747,0.5,0.0,1,0
1757356772.3067682,5.869828216664609,-4.366952397979569,-0.7835,0.0,0.0,3.6910301753836787,-2.1809987969869096,-0.765844638625537,5.447448121630121,0.6088840303333726,0.01854228973388672,0.06677634678082622,0.5,0.0,1,0
1757356772.3380568,5.885683121568991,-4.382788526374097,-0.7838,0.0,0.0,3.666359846478262,-2.1875327564557443,-0.7671818122440057,5.438785940899921,0.7395913652589027,0.015150904655456543,0.06649331291977849,0.5,0.0,1,0
1757356772.3693948,5.897158039437391,-4.394259047795876,-0.7842,0.0,0.0,3.671105478557789,-2.1939757844311503,-0.7681252221875892,5.448783992786356,0.5029386043055551,0.016134977340698242,0.06644315790640626,0.5,0.0,1,0
1757356772.4031973,5.903640852732238,-4.400596037892278,-0.7845,0.0,0.0,3.6864461268374598,-2.1993324901534717,-0.7688806682299972,5.463207476702338,0.27125825925197894,0.016719341278076172,0.06649060107173228,0.5,0.0,1,0
1757356772.436356,5.915014772086542,-4.411962955897895,-0.785,0.0,0.0,3.698573277399756,-2.204811518580405,-0.7697149905859562,5.478427582365958,0.4827432276114146,0.016663074493408203,0.06651579814113093,0.5,0.0,1,0
1757356772.4701717,5.92324699087025,-4.420198474004393,-0.7855,0.0,0.0,3.704484429826127,-2.2097457053301843,-0.7706456373036639,5.487347361370578,0.35559455590229183,0.016388297080993652,0.06649580001968568,0.5,0.0,1,0
1757356772.502769,5.9441590202713135,-4.441321924798108,-0.786,0.0,0.0,3.7172671391207244,-2.216825826887786,-0.7715303527771598,5.508819147306639,0.8943338214371536,0.016620278358459473,0.06651494222485922,0.5,0.0,1,0
1757356772.537773,5.95595653290104,-4.45313677083097,-0.7864,0.0,0.0,3.735971138762019,-2.223585965286191,-0.7723161620516814,5.5290590532306885,0.4894674715619081,0.01706063747406006,0.06658889602013161,0.5,0.0,1,0
1757356772.5691483,5.967398523644915,-4.464605931562236,-0.7869,0.0,0.0,3.7349591210865576,-2.2298143392390135,-0.773330331023987,5.534871862961624,0.5031065218088777,0.016108274459838867,0.06650737376108798,0.5,0.0,1,0
1757356772.6068244,5.97585760077452,-4.473196422605373,-0.7873,0.0,0.0,3.7783600612275854,-2.2358073205575058,-0.7738291717972118,5.571632839372075,0.3246617680349623,0.01857757568359375,0.06679642157307422,0.5,0.0,1,0
1757356772.6405933,5.988527216080694,-4.48602264536257,-0.788,0.0,0.0,3.751650886448462,-2.2413350450017484,-0.7751273360115141,5.559129446596008,0.5931764874574194,0.015208125114440918,0.06651820913681288,0.5,0.0,1,0
1757356772.6696904,5.994669539280639,-4.492248719440638,-0.7883,0.0,0.0,3.754335368433165,-2.2461632680439285,-0.776055131777873,5.564521656812469,0.2703120708210471,0.016187071800231934,0.06647072059362008,0.5,0.0,1,0
1757356772.7066755,6.010988054739266,-4.508686785384307,-0.7889,0.0,0.0,3.798002458618189,-2.2526828059729644,-0.7766267965671424,5.606033665634687,0.6286524785568947,0.018428564071655273,0.066749957862582,0.5,0.0,1,0
1757356772.7375054,6.025319052943012,-4.523102389191783,-0.7895,0.0,0.0,3.766196134109399,-2.2587795914434294,-0.7779139081503716,5.59096217449031,0.6886052090738647,0.01476597785949707,0.06642879142096769,0.5,0.0,1,0
1757356772.770071,6.03568908606464,-4.533544617078102,-0.79,0.0,0.0,3.784359820041288,-2.2649593695980315,-0.7787403185362052,5.609954806703285,0.4388147682504045,0.016778230667114258,0.06649260940083829,0.5,0.0,1,0
1757356772.8031518,6.045208226222945,-4.542975145575378,-0.7905,0.0,0.0,3.7905691380641042,-2.270523033301581,-0.779640475576316,5.619826255347697,0.410845486512829,0.016318678855895996,0.06647378218594155,0.5,0.0,1,0
1757356772.836917,6.055605718827195,-4.5533764314571625,-0.7911,0.0,0.0,3.804039581585803,-2.2760362349999794,-0.7804917070542079,5.635535417956983,0.4406369663070903,0.01670217514038086,0.06651449042947526,0.5,0.0,1,0
1757356772.8711236,6.06476035673006,-4.562540714732954,-0.7916,0.0,0.0,3.811771631743616,-2.2811740364604174,-0.7813612255407524,5.64636589238547,0.39251447277146106,0.01651287078857422,0.06651634789885602,0.5,0.0,1,0
1757356772.9066567,6.082391835018749,-4.5805960784143585,-0.7923,0.0,0.0,3.854859577191663,-2.288154745929995,-0.7820165264626698,5.6887054487022555,0.6822258466654407,0.01850259304046631,0.06679536438277442,0.5,0.0,1,0
1757356772.9448295,6.0976447387630275,-4.596066939624867,-0.7929,0.0,0.0,3.8899929654340335,-2.2955126688747787,-0.7827330310053943,5.724399306249261,0.5765347660614754,0.018848657608032227,0.06703392224737713,0.5,0.0,1,0
1757356772.970793,6.108682513270535,-4.607274423221498,-0.7934,0.0,0.0,3.8088422866061693,-2.301037460392517,-0.7842179315654045,5.670241338434344,0.6169684711371732,0.012754440307617188,0.0663344176723438,0.5,0.0,1,0
1757356773.0032783,6.115021137064257,-4.613624252337257,-0.7939,0.0,0.0,3.825003247457333,-2.3064263804318066,-0.7850318070459849,5.685244431505463,0.27423533946483253,0.016383767127990723,0.06637477813612441,0.5,0.0,1,0
1757356773.0388317,6.125971793647995,-4.624767005179578,-0.7944,0.0,0.0,3.844172453982342,-2.311958218771183,-0.7857928313376393,5.705398276414829,0.46710260366833434,0.016731858253479004,0.0664514849973539,0.5,0.0,1,0
1757356773.0701199,6.133896791804197,-4.632838752935423,-0.7948,0.0,0.0,3.851416226571085,-2.316859529217978,-0.7865689056630655,5.715205376607313,0.346516103603974,0.016332507133483887,0.06644998572934693,0.5,0.0,1,0
1757356773.1053011,6.14957851554578,-4.648989826117114,-0.7953,0.0,0.0,3.8831411851911883,-2.3232101914198595,-0.7871995236015152,5.747725846342481,0.6370326967975364,0.017673492431640625,0.06663431475581813,0.5,0.0,1,0
1757356773.1839576,6.160894013571773,-4.660534125671785,-0.7957,0.0,0.0,4.255564616724104,-2.333428468546912,-0.7859184232250281,6.101955531631547,0.20948299092595818,0.03859519958496094,0.07021522529785201,0.5,0.0,1,0
1757356773.1901379,6.175453710569377,-4.67540279178138,-0.7962,0.0,0.0,3.8675326694416845,-2.3355342141808264,-0.7886857620011348,5.75178629686213,3.9867238316226574,0.0026106834411621094,0.06664288935270468,0.5,0.0,1,0
1757356773.209735,6.185209384589545,-4.685677930012586,-0.7967,0.0,0.0,3.773583422349928,-2.3403578355846326,-0.7899974877094659,5.695065627113905,0.6636544377420094,0.010681390762329102,0.0658178657178208,0.5,0.0,1,0
1757356773.2429712,6.198273561590815,-4.699249010737993,-0.7972,0.0,0.0,3.7951237317877022,-2.3467769086823185,-0.7907182831217296,5.717007680880222,0.6302632548968158,0.014949321746826172,0.06582353021589699,0.5,0.0,1,0
1757356773.3572006,6.207725032857632,-4.709083470905696,-0.7977,0.0,0.0,3.9781850175699462,-2.3545854445175727,-0.7906521720286407,5.8539374340992545,0.27867283961259837,0.024489402770996094,0.06712304750126084,0.5,0.0,1,0
1757356773.4332926,6.218947701596015,-4.720128281805764,-0.7981,0.0,0.0,4.281161583107812,-2.363801192138218,-0.7900312294840984,6.149816167056219,0.21702632737165767,0.03628838062286377,0.0701452550253509,0.5,0.0,1,0
1757356773.4658024,6.232001427029501,-4.733320639415286,-0.7986,0.0,0.0,4.459964801202589,-2.37211352849474,-0.7900206092282331,6.375180927057367,0.2442958055590308,0.03799855709075928,0.07270311694514367,0.5,0.0,1,0
1757356773.4887557,6.241451538678203,-4.742873919290463,-0.7991,0.0,0.0,4.211442639166186,-2.374887806598658,-0.7917597355784697,6.086335244719554,0.41683347759120465,0.01612985134124756,0.06999333887821457,0.5,0.0,1,0
1757356773.4924142,6.25637184127075,-4.758497139530395,-0.7995,0.0,0.0,3.9938415585429627,-2.3786958843575836,-0.7933523747800347,5.894459564919518,0.9460621501355899,0.011419415473937988,0.06774321067010215,0.5,0.0,1,0
1757356773.5036964,6.267875454555691,-4.770331355401545,-0.7999,0.0,0.0,3.709849027115516,-2.3814243999279188,-0.7951186340933216,5.716067739773513,4.484365768862581,0.0018407106399536133,0.06537538527418535,0.5,0.0,1,0
1757356773.5111043,6.282677563191217,-4.785572432084604,-0.8004,0.0,0.0,3.598478789883509,-2.3866419807188723,-0.7962712718931618,5.676103904263133,1.915686400513832,0.0055468082427978516,0.06452049981092084,0.5,0.0,1,0
1757356773.5512192,6.288265421396582,-4.791243771832924,-0.8007,0.0,0.0,3.739106248490999,-2.3934144871734815,-0.7964937695446759,5.7456144529408855,0.2254746978025532,0.01766788959503174,0.06512084891155479,0.5,0.0,1,0
1757356773.567347,6.2990241422651945,-4.802341689381386,-0.8012,0.0,0.0,3.6304501933911304,-2.3974233394277333,-0.7974713158433688,5.70192881579892,1.2943923433485869,0.00597381591796875,0.064420984109635,0.5,0.0,1,0
1757356773.5713518,6.306809434738588,-4.810379954831762,-0.8017,0.0,0.0,3.6060404742331125,-2.4018974533509208,-0.7981870295393853,5.697982250424886,0.6780289859840407,0.008260369300842285,0.06420020380885343,0.5,0.0,1,0
1757356773.6041682,6.3233237892102965,-4.82759554556729,-0.8021,0.0,0.0,3.7329616848844958,-2.4094301886763967,-0.7984197077065951,5.7676123673968,0.752109291652695,0.01586151123046875,0.06473914694954978,0.5,0.0,1,0
1757356773.6463156,6.338244304312598,-4.843031331253169,-0.8028,0.0,0.0,3.919001545014229,-2.418227654991546,-0.7985390170516949,5.886313068838816,0.4990150151523379,0.021522045135498047,0.06583525516652827,0.5,0.0,1,0
1757356773.6700263,6.349041040135479,-4.8542141331234205,-0.8033,0.0,0.0,3.861235458208422,-2.4238728156095073,-0.7993024177815738,5.856576239082986,0.6651420413446327,0.011690974235534668,0.06545222765452749,0.5,0.0,1,0
1757356773.7458282,6.358605838196705,-4.864465903078123,-0.8036,0.0,0.0,4.201925840115649,-2.433621067036798,-0.7990069484622445,6.122726604006686,0.2140009406311715,0.03276634216308594,0.06810573621147789,0.5,0.0,1,0
1757356773.7600164,6.368370214436619,-4.874749912006059,-0.804,0.0,0.0,3.951774202797961,-2.436413482828629,-0.8001381786083126,5.927474516944419,1.027340182478394,0.00690460205078125,0.0661584912237933,0.5,0.0,1,0
1757356773.830993,6.380931587366672,-4.888000796616322,-0.8046,0.0,0.0,3.8755792023841313,-2.4414547764583703,-0.800930513624224,5.886895176594117,0.8306485621826981,0.010996460914611816,0.0655714357485051,0.5,0.0,1,0
1757356773.8521783,6.393759108848808,-4.900849510882831,-0.8051,0.0,0.0,4.24337280799894,-2.4517473212287535,-0.8007608218160291,6.17766376844435,0.26576060486464886,0.034171223640441895,0.0684356012474992,0.5,0.0,1,0
1757356773.87078,6.403695429623363,-4.911056097961737,-0.8056,0.0,0.0,4.000215654448099,-2.4547443774383244,-0.8018656585624037,5.982587057669833,0.9112619261982579,0.007820606231689453,0.06645706884763558,0.5,0.0,1,0
1757356773.8749483,6.41333438031764,-4.920961129852444,-0.806,0.0,0.0,3.8797430350502076,-2.4587507089808396,-0.8027025368546555,5.9109943165211565,0.7488938984693445,0.00923144817352295,0.06554143909695297,0.5,0.0,1,0
1757356773.9031339,6.429589124238691,-4.938110386736999,-0.8065,0.0,0.0,3.9041307320904104,-2.465511577583253,-0.80326834300449,5.936515028752657,0.8215343818500996,0.014384031295776367,0.06557839586259888,0.5,0.0,1,0
1757356773.9380174,6.440238800682798,-4.949231205237754,-0.807,0.0,0.0,3.971174412322708,-2.4724034558950527,-0.8037532412975573,5.985457684895631,0.4529662800951055,0.017005443572998047,0.06593435665717114,0.5,0.0,1,0
1757356773.9695022,6.4505689798699235,-4.960028475555645,-0.8074,0.0,0.0,4.000735367528405,-2.4785920286664918,-0.8042715390427609,6.0116189606395585,0.4618160309650681,0.016184329986572266,0.06608453253431006,0.5,0.0,1,0
1757356774.0031598,6.463540282525309,-4.973762857167228,-0.808,0.0,0.0,4.0304432318309935,-2.4851382116127283,-0.8048291377040798,6.0401111743991835,0.5686249573889275,0.01661992073059082,0.06624801283317516,0.5,0.0,1,0
1757356774.036514,6.473008642319656,-4.98375874714245,-0.8084,0.0,0.0,4.050341913640799,-2.491114528314361,-0.805372129431722,6.059864424184593,0.41566328692912186,0.016568899154663086,0.0663546582534793,0.5,0.0,1,0
1757356774.0736952,6.485188105068469,-4.996633337017741,-0.8089,0.0,0.0,4.068475341210104,-2.4973055042771852,-0.8059264779883232,6.080217655662577,0.5298241744287325,0.016731739044189453,0.06645012156632794,0.5,0.0,1,0
1757356774.106516,6.499070784953256,-5.010942038219742,-0.8092,0.0,0.0,4.113148180350553,-2.5042201560468853,-0.8063944768749818,6.121186323385414,0.541719658380996,0.018403291702270508,0.06674839254654318,0.5,0.0,1,0
1757356774.1382003,6.509921953838824,-5.022223915528007,-0.8096,0.0,0.0,4.080970461038523,-2.509963662514975,-0.8069504408819517,6.103995390857232,0.5202676662861784,0.015048503875732422,0.06647795953753946,0.5,0.0,1,0
1757356774.1702833,6.520448274220217,-5.033172835962201,-0.81,0.0,0.0,4.088186319805479,-2.515894169916072,-0.8074506610712976,6.115453614203959,0.46444912360970403,0.016356468200683594,0.06648034677158286,0.5,0.0,1,0
1757356774.203721,6.534279979576571,-5.047725435491911,-0.8104,0.0,0.0,4.106936221431968,-2.5224634146479086,-0.8079316217324594,6.13731483233795,0.591911361710977,0.01696300506591797,0.06656616051812589,0.5,0.0,1,0
1757356774.2461884,6.5442113127354204,-5.0581350157283405,-0.8108,0.0,0.0,4.1065917378095245,-2.528374420582713,-0.8084267219447051,6.143003052023821,0.4442608278216025,0.01619851589202881,0.0665178489249636,0.5,0.0,1,0
1757356774.2702973,6.553844038097269,-5.068238270052432,-0.8112,0.0,0.0,4.120586209044218,-2.534109202883018,-0.8089026311319145,6.158864935893981,0.41463066056390163,0.016840457916259766,0.06657439190072659,0.5,0.0,1,0
1757356774.3048189,6.567535028433297,-5.0830507671379594,-0.8116,0.0,0.0,4.124252103402087,-2.5403790822175347,-0.8093846609606281,6.169949759827391,0.6144449105444564,0.01641690731048584,0.0665532666468456,0.5,0.0,1,0
1757356774.3357995,6.57707745360452,-5.093263642107719,-0.8119,0.0,0.0,4.129528475311915,-2.5462348955202576,-0.8098319694677357,6.179547471053059,0.42473083251390165,0.01645791530609131,0.06654473858893285,0.5,0.0,1,0
1757356774.375788,6.586330569873786,-5.103177541465358,-0.8121,0.0,0.0,4.162420689672644,-2.5520793627270333,-0.8102034130513357,6.209206468446568,0.3777785261369459,0.01795053482055664,0.06674748940008274,0.5,0.0,1,0
1757356774.4067612,6.601887756575417,-5.119204460984762,-0.8125,0.0,0.0,4.170714600347511,-2.5585641007664095,-0.8106144160302119,6.224478680671824,0.6507179555724062,0.017165184020996094,0.06677093922415309,0.5,0.0,1,0
1757356774.4371517,6.61208718877609,-5.129844595857222,-0.8128,0.0,0.0,4.1367462648119036,-2.5641450635028247,-0.8110385259343028,6.205917801897662,0.4933815646304081,0.01493990421295166,0.06647478300584134,0.5,0.0,1,0
1757356774.472685,6.621982007168382,-5.140170182024017,-0.8132,0.0,0.0,4.149587178169922,-2.569936161217583,-0.8114474232410254,6.220996678565811,0.43078883435009363,0.016605377197265625,0.06650930161342256,0.5,0.0,1,0
1757356774.502521,6.638412308902411,-5.157635399023299,-0.8137,0.0,0.0,4.157065410289509,-2.5767812966680563,-0.8119009655427061,6.236455458326297,0.7315222379180947,0.016393303871154785,0.06650394906118046,0.5,0.0,1,0
1757356774.538231,6.649206870438012,-5.169023423871701,-0.814,0.0,0.0,4.177501779737225,-2.5833724338586275,-0.8123180996626751,6.257622541212924,0.4585520312713419,0.01711249351501465,0.0666000102952348,0.5,0.0,1,0
1757356774.5731578,6.659677978616314,-5.180076085046966,-0.8144,0.0,0.0,4.175993061067032,-2.5893879104863586,-0.8127542582788354,6.26287225872875,0.46890625429422905,0.016240358352661133,0.06654304558239348,0.5,0.0,1,0
1757356774.6028821,6.671765264354085,-5.192982123702595,-0.8149,0.0,0.0,4.183883977045663,-2.5956448203003597,-0.8132202211207352,6.275935741639596,0.5338662423066463,0.016567349433898926,0.06655027719017567,0.5,0.0,1,0
1757356774.6443024,6.680933111651303,-5.202739908364144,-0.8152,0.0,0.0,4.212803298368232,-2.601655272812085,-0.8136438698805856,6.302445527167162,0.3771208137708047,0.017755985260009766,0.06672083689920318,0.5,0.0,1,0
1757356774.6700685,6.692726996096524,-5.215306714754473,-0.8159,0.0,0.0,4.189768801860846,-2.607264224262698,-0.8141795805577199,6.2930086212097525,0.5581173362108847,0.015452384948730469,0.06651226291856946,0.5,0.0,1,0
1757356774.7148077,6.705297854664314,-5.228593978642368,-0.8163,0.0,0.0,4.239409809433651,-2.6139799185804367,-0.8146702263237128,6.336695816865155,0.4885240000941137,0.01872563362121582,0.06683075401227195,0.5,0.0,1,0
1757356774.7872,6.715237081017206,-5.239135008176126,-0.8166,0.0,0.0,4.614872944102265,-2.624263785344351,-0.8150428336834572,6.688314206386721,0.19004562855919943,0.03812527656555176,0.07030908584382445,0.5,0.0,1,0
1757356774.7966535,6.7248776722878,-5.249365901198266,-0.8171,0.0,0.0,4.213274823016069,-2.6251615720780896,-0.8156319723341569,6.3299114053463645,2.0394961131470457,0.003448486328125,0.06680442891180732,0.5,0.0,1,0
1757356774.8160563,6.737036167711585,-5.26258465844206,-0.8176,0.0,0.0,4.121326548503797,-2.6299388260877032,-0.8161535738002486,6.276289851573706,0.7739153261744225,0.011607885360717773,0.06602930914273275,0.5,0.0,1,0
1757356774.8362064,6.751502448933266,-5.278148737677072,-0.8183,0.0,0.0,4.061282655570512,-2.6357345256303715,-0.8167298423095686,6.250607665663011,0.9504130716870354,0.01118481159210205,0.06551166418173712,0.5,0.0,1,0
1757356774.8696473,6.761458204684863,-5.288877321441525,-0.8189,0.0,0.0,4.12904439278513,-2.642573917194443,-0.8173085819127414,6.2974461747320145,0.4418234414623269,0.01657736301422119,0.06582106019852337,0.5,0.0,1,0
1757356774.9073126,6.772650333068801,-5.3005275727193375,-0.8197,0.0,0.0,4.174508711011367,-2.6490589782573166,-0.8179665649390923,6.333534500600241,0.4875253846681071,0.016588926315307617,0.0660490687508351,0.5,0.0,1,0
1757356774.9489088,6.7812925597833615,-5.309706048176019,-0.8202,0.0,0.0,4.205133572661953,-2.654853952775635,-0.8185949175695355,6.359327644675052,0.38009886223208594,0.016596674919128418,0.06621200761526957,0.5,0.0,1,0
1757356775.026612,6.789674682363481,-5.318614760180115,-0.8207,0.0,0.0,4.720474575842302,-2.6660008298130204,-0.8192406143323572,6.833709663560809,0.1378336560327371,0.044409871101379395,0.07093918189576989,0.5,0.0,1,0
1757356775.0358655,6.802606382540286,-5.332641638858389,-0.8213,0.0,0.0,4.272128553586931,-2.6666209518012627,-0.8198508184979378,6.420046890429871,4.065601544320369,0.0023474693298339844,0.06694236315574546,0.5,0.0,1,0
1757356775.0452201,6.816156762979395,-5.347206937397502,-0.8219,0.0,0.0,4.042633091874941,-2.6701737790103697,-0.8204440302301402,6.287425317407225,2.167198478124129,0.004591822624206543,0.06527930752661865,0.5,0.0,1,0
1757356775.077325,6.82272519395144,-5.354273909852395,-0.8222,0.0,0.0,4.132455902498657,-2.676398719993689,-0.8209855212602011,6.3415175456797845,0.2857437225001243,0.016890645027160645,0.0656742403716126,0.5,0.0,1,0
1757356775.1027007,6.839368956785573,-5.372553634547532,-0.8229,0.0,0.0,4.155852194245525,-2.6832783738272035,-0.8215770974218614,6.367095942913849,0.8297559914805759,0.014902949333190918,0.06572707275430638,0.5,0.0,1,0
1757356775.1368568,6.848846831522825,-5.3829317062673825,-0.8234,0.0,0.0,4.203863078093901,-2.6899097485269783,-0.8221590344034068,6.403164218235891,0.4257756578140783,0.016515254974365234,0.06597071973906438,0.5,0.0,1,0
1757356775.2831278,6.858035927017182,-5.393007940396464,-0.8238,0.0,0.0,4.302301725472803,-2.696742973869389,-0.8227176799350512,6.47561082236709,0.3396487461727829,0.020083904266357422,0.06662488722082963,0.5,0.0,1,0
1757356775.309705,6.872881896784618,-5.408638776277289,-0.8243,0.0,0.0,4.961085220333528,-2.7111494118054544,-0.8234717059537685,7.163280356627342,0.1959265576893236,0.05502903461456299,0.07352625196114516,0.5,0.0,1,0
1757356775.3158534,6.882739231489217,-5.419170023306104,-0.8247,0.0,0.0,4.611783725599499,-2.7132640602543336,-0.8239220156456634,6.755390472395662,0.5459750847063292,0.013215184211730957,0.06994798592380647,0.5,0.0,1,0
1757356775.3216946,6.8923052567461305,-5.429394056153626,-0.8252,0.0,0.0,4.233569303062557,-2.7144265238580925,-0.8243150994336466,6.451808781506854,2.32653551665444,0.003010988235473633,0.06656955977318843,0.5,0.0,1,0
1757356775.3336809,6.905294489644082,-5.4435561421091645,-0.8256,0.0,0.0,4.0006123393121085,-2.71770840316668,-0.8246980507531756,6.335998472766459,3.4003332042234216,0.0028263330459594727,0.06490325646152734,0.5,0.0,1,0
1757356775.3384984,6.919716316810412,-5.459142759994513,-0.8262,0.0,0.0,3.9154605425238644,-2.7232870563369374,-0.8251587437262438,6.313807962997769,1.782650829165497,0.005958437919616699,0.06429798905253106,0.5,0.0,1,0
1757356775.3820126,6.9301524281058065,-5.470431973122874,-0.8266,0.0,0.0,4.16984028902583,-2.7324683309404674,-0.825727769435582,6.439141773114224,0.34339245006930214,0.022392988204956055,0.06549644505176508,0.5,0.0,1,0
1757356775.403718,6.939084039166581,-5.480130956619983,-0.8271,0.0,0.0,4.1096368025271,-2.7374866849353925,-0.8261941865328932,6.413350157919477,0.6372677429717485,0.010352373123168945,0.06508164451332853,0.5,0.0,1,0
1757356775.4371831,6.946906560421115,-5.488636782610607,-0.8275,0.0,0.0,4.1935011247797735,-2.743603755635465,-0.8266970251299101,6.464444743575247,0.34703659779654333,0.01665949821472168,0.06551198583695102,0.5,0.0,1,0
1757356775.4695795,6.954494116908785,-5.496894791088586,-0.828,0.0,0.0,4.246547544982812,-2.7489703062499857,-0.8272061186597325,6.5012794788556025,0.3390207659957317,0.0165560245513916,0.06581965540793466,0.5,0.0,1,0
1757356775.5059783,6.9735089764433384,-5.51769409074096,-0.8285,0.0,0.0,4.2885794457389,-2.756258081803631,-0.8277225321450109,6.5407091041182595,0.8385620722638811,0.01680588722229004,0.06607300428980552,0.5,0.0,1,0
1757356775.5377183,6.984412941598454,-5.5295841028698485,-0.8289,0.0,0.0,4.319298120692652,-2.7630959852247137,-0.8282137753771456,6.567962077972224,0.47698386480275756,0.016916513442993164,0.06626637619631263,0.5,0.0,1,0
1757356775.5695205,6.994988690740239,-5.541124658010671,-0.8292,0.0,0.0,4.325639143163441,-2.769376757025161,-0.8286481089335477,6.579108688549716,0.4859754759116719,0.016108155250549316,0.06629245190011412,0.5,0.0,1,0
1757356775.6083333,7.004538116868908,-5.5518744778976234,-0.8296,0.0,0.0,4.38771014329497,-2.7759855408816945,-0.8291069941969228,6.627968601564319,0.3763273869706451,0.0191115140914917,0.06672346187354267,0.5,0.0,1,0
1757356775.6395106,7.017287000703236,-5.566022571160404,-0.8302,0.0,0.0,4.366995774669326,-2.7820601355541132,-0.8295802804176322,6.6217672415193425,0.6009904733714224,0.01585233211517334,0.06656029343666284,0.5,0.0,1,0
1757356775.6730347,7.026508508986555,-5.576273869496003,-0.8307,0.0,0.0,4.370614071209235,-2.787954791829323,-0.8300742130343993,6.630245334540889,0.41536207379584444,0.01660919189453125,0.06655700816598034,0.5,0.0,1,0
1757356775.7041504,7.041149296192264,-5.591843588121044,-0.8313,0.0,0.0,4.34920171719714,-2.794242575488876,-0.8305888694382617,6.625314097856677,0.704506337493545,0.015174150466918945,0.06636055763141271,0.5,0.0,1,0
1757356775.7379253,7.050840561337279,-5.602343754855634,-0.8318,0.0,0.0,4.364677489464872,-2.800463234521893,-0.8311199981403333,6.6418674847369825,0.43168238388334623,0.01656043529510498,0.06641915235435081,0.5,0.0,1,0
1757356775.770219,7.0602416033910105,-5.612533870120241,-0.8322,0.0,0.0,4.381571050775078,-2.8063330908356834,-0.8316221426039694,6.659281674617918,0.41186543504802897,0.01683807373046875,0.06649791137945409,0.5,0.0,1,0
1757356775.8075638,7.077669252661264,-5.631770754285414,-0.8329,0.0,0.0,4.412456979418439,-2.8138071044310924,-0.8321987017941354,6.69181594248924,0.7313577107566704,0.017752408981323242,0.066678259432213,0.5,0.0,1,0
1757356775.844691,7.088719471359437,-5.643886577958465,-0.8334,0.0,0.0,4.386430134357783,-2.820215462282352,-0.8327289458450459,6.681353387085698,0.5381657068938343,0.015242338180541992,0.06645108445370013,0.5,0.0,1,0
1757356775.870221,7.099086291845456,-5.655261992478382,-0.8338,0.0,0.0,4.400189646753566,-2.826691516527254,-0.8332441469162015,6.697329803770841,0.4613567142357423,0.0166853666305542,0.06649883901518863,0.5,0.0,1,0
1757356775.908837,7.1091814110044,-5.66672734578249,-0.8343,0.0,0.0,4.454192614240986,-2.833418954577519,-0.8337900826467128,6.741277309456202,0.40191727140237943,0.019014477729797363,0.06685778649273982,0.5,0.0,1,0
1757356775.9375067,7.122135289566452,-5.681194626653727,-0.8349,0.0,0.0,4.400094052595868,-2.8392754160607687,-0.834295228857537,6.712796290522477,0.6813964367650059,0.01425635814666748,0.06643110274382572,0.5,0.0,1,0
1757356775.9731085,7.1315063232430855,-5.691676847276563,-0.8353,0.0,0.0,4.4207784604731115,-2.845524016471475,-0.8348099155690237,6.732769672587653,0.41414337818520297,0.016982078552246094,0.06652496672167466,0.5,0.0,1,0
1757356776.0034509,7.141198872059167,-5.701958842599382,-0.8358,0.0,0.0,4.416782491420149,-2.8511402725751047,-0.8353112180564919,6.7363336133198,0.44228841330511676,0.015984058380126953,0.06645223500393863,0.5,0.0,1,0
1757356776.0365322,7.1532369958771,-5.715121641158232,-0.8364,0.0,0.0,4.427686603271242,-2.857243064288323,-0.8358531988634825,6.751513119849737,0.5392964816410383,0.016547083854675293,0.06648146965615026,0.5,0.0,1,0
1757356776.0726876,7.161950535582075,-5.724653865723707,-0.8368,0.0,0.0,4.463289329719512,-2.863173372416882,-0.8363790223726947,6.781284933387716,0.35915099127769956,0.017988085746765137,0.06670135989092212,0.5,0.0,1,0
1757356776.103137,7.177881952056172,-5.7424846716928615,-0.8373,0.0,0.0,4.435934151272739,-2.8695937530328806,-0.836861900279661,6.77347746492985,0.785425371796226,0.01522517204284668,0.06646457572788578,0.5,0.0,1,0
1757356776.1372173,7.187863452331792,-5.753561505431084,-0.8377,0.0,0.0,4.447117803266671,-2.876003216193558,-0.837343354819845,6.78750737153997,0.4499839851680296,0.01657390594482422,0.06649348245393802,0.5,0.0,1,0
1757356776.1753454,7.197544111916783,-5.7643131818410644,-0.8381,0.0,0.0,4.457213655902145,-2.8820485745204905,-0.837805016617683,6.800647742051104,0.43507729151877284,0.016632914543151855,0.06652165334027509,0.5,0.0,1,0
1757356776.2068315,7.20932931291761,-5.777596720857432,-0.8384,0.0,0.0,4.5014362689779235,-2.888747763493148,-0.8382500361598153,6.838630583110773,0.4791451814019153,0.01853346824645996,0.06680648691973494,0.5,0.0,1,0
1757356776.237748,7.223001865061702,-5.792918700194179,-0.8389,0.0,0.0,4.47309425313177,-2.8951188180396725,-0.8386675616235749,6.828376406148425,0.6636508443492368,0.015476107597351074,0.06656619956759309,0.5,0.0,1,0
1757356776.2793171,7.232895485037108,-5.804017964870667,-0.8392,0.0,0.0,4.478761491978382,-2.901443442493888,-0.8390687871636433,6.838760039117019,0.4486834446844703,0.01657259464263916,0.06655967079806215,0.5,0.0,1,0
1757356776.3164103,7.242256844285385,-5.814294586723604,-0.8396,0.0,0.0,4.5391995918835315,-2.9079950870815674,-0.839514799260241,6.88644306592704,0.35635355751435843,0.01951289176940918,0.0669705542064966,0.5,0.0,1,0
1757356776.3443925,7.254454338829938,-5.827852900876312,-0.84,0.0,0.0,4.520908100784428,-2.913945351812518,-0.8399032748348583,6.881540372014936,0.5527289365328607,0.016501665115356445,0.0668121878610447,0.5,0.0,1,0
1757356776.4003038,7.263280749912412,-5.837670434598196,-0.8403,0.0,0.0,4.655426435492892,-2.9212514702224577,-0.8403825877090999,6.987341564899717,0.27157265593134045,0.024312615394592285,0.06787047830598439,0.5,0.0,1,0
1757356776.405725,7.279780808807696,-5.856049200621346,-0.8407,0.0,0.0,4.399017034396154,-2.925135535698292,-0.8405657413308245,6.8218931891224495,2.0300145478376543,0.0060842037200927734,0.06594105562873817,0.5,0.0,1,0
1757356776.4365144,7.2900879934085,-5.867517207563908,-0.8408,0.0,0.0,4.435951577178602,-2.932010663615126,-0.8408769876812336,6.850937037119581,0.4767071147096994,0.01617300510406494,0.0660724532080544,0.5,0.0,1,0
1757356776.4741116,7.30008669537919,-5.878645812194823,-0.8412,0.0,0.0,4.470948695324677,-2.9385273583783156,-0.8412207403468016,6.879350233555602,0.44901769094828803,0.016665220260620117,0.06623332088497988,0.5,0.0,1,0
1757356776.5072906,7.309003968450919,-5.888752129804344,-0.8415,0.0,0.0,4.527830736059829,-2.9449070639814545,-0.8415777038398398,6.922215304847368,0.36587595321766864,0.01842331886291504,0.06658569258425964,0.5,0.0,1,0
1757356776.5412195,7.318046950584928,-5.8989140539872285,-0.8418,0.0,0.0,4.532815821857095,-2.9504204168831185,-0.8418925190004077,6.931614963808122,0.4057733683497571,0.016765832901000977,0.06659686798724584,0.5,0.0,1,0
1757356776.5731487,7.329683695933145,-5.91200248625168,-0.8423,0.0,0.0,4.50196773654124,-2.955874806447067,-0.8422320881870367,6.9194769912296366,0.5902353343731988,0.014842033386230469,0.06634214765743662,0.5,0.0,1,0
1757356776.604396,7.341117413797739,-5.924703413567143,-0.8426,0.0,0.0,4.515199152070955,-2.962015514016609,-0.8425835927261992,6.935727974607752,0.5216757040110936,0.01638174057006836,0.06638293977693892,0.5,0.0,1,0
1757356776.6367872,7.353812840693976,-5.938887176715105,-0.843,0.0,0.0,4.530649736755885,-2.9685693347931568,-0.8429529497642779,6.954353768923462,0.5728326593084427,0.016618967056274414,0.0664442125595845,0.5,0.0,1,0
1757356776.6699638,7.3630009414931195,-5.949159468713914,-0.8434,0.0,0.0,4.54267676539903,-2.974609191849744,-0.8433321020879827,6.968388004074052,0.41413847503954193,0.016646265983581543,0.06649010266295269,0.5,0.0,1,0
1757356776.7038226,7.37845390481383,-5.966821361252672,-0.8439,0.0,0.0,4.554691598966714,-2.9817112732899123,-0.8437484581096707,6.986920053439758,0.7016343083071134,0.016727447509765625,0.06653249716586407,0.5,0.0,1,0
1757356776.737947,7.3884276675404905,-5.978130636704257,-0.8442,0.0,0.0,4.560325956764206,-2.988243631178135,-0.8441291186857467,6.997408768466954,0.4562316569852313,0.016528844833374023,0.06653365885304122,0.5,0.0,1,0
1757356776.774708,7.398101332361861,-5.989111322089229,-0.8446,0.0,0.0,4.568051602672323,-2.9944224767905223,-0.8445178632259813,7.009069920278202,0.43968889262773037,0.0166475772857666,0.06655091779624803,0.5,0.0,1,0
1757356776.8070445,7.407189765361674,-5.999058004820916,-0.845,0.0,0.0,4.607099079292345,-3.000547015323214,-0.8449367912560044,7.041152658026375,0.36688034536750946,0.018370389938354492,0.06680365801210697,0.5,0.0,1,0
1757356776.8376667,7.41853402119433,-6.011745990465105,-0.8455,0.0,0.0,4.57478439884054,-3.0060466859518797,-0.8453336986438937,7.027260704928898,0.5558902789782398,0.01531529426574707,0.06654237699583077,0.5,0.0,1,0
1757356776.87007,7.426745433713574,-6.020935821194299,-0.846,0.0,0.0,4.570636619800206,-3.0113728279956833,-0.845772927526716,7.030158064528776,0.3846835222775041,0.016031503677368164,0.06647026142751511,0.5,0.0,1,0
1757356776.9033275,7.442057579946666,-6.038366536377405,-0.8464,0.0,0.0,4.583891477747741,-3.018109612394331,-0.846212824039147,7.0493405589416005,0.6950289094613984,0.01669323444366455,0.0665136885992356,0.5,0.0,1,0
1757356776.9371495,7.4564030327262065,-6.054585131480221,-0.847,0.0,0.0,4.598521742393261,-3.025415105963312,-0.8467043344512143,7.0686994358856,0.6413776302553208,0.016886234283447266,0.06656990649095401,0.5,0.0,1,0
1757356776.9851058,7.463358569366299,-6.06245641134754,-0.8474,0.0,0.0,4.688099845702255,-3.0324472224679875,-0.8472384422259763,7.134681626956273,0.24896890231669205,0.02111053466796875,0.06721464027208447,0.5,0.0,1,0
1757356777.0038543,7.471975071904088,-6.07221118813915,-0.8479,0.0,0.0,4.568916740025873,-3.036548313624981,-0.8476184356894046,7.0607474921376365,0.547796752676749,0.011888504028320312,0.06632932972768663,0.5,0.0,1,0
1757356777.0379827,7.479724700383946,-6.081005965285195,-0.8484,0.0,0.0,4.595972819135358,-3.0419366969699277,-0.8481168127591321,7.083113732294118,0.34475210221195585,0.017016053199768066,0.06645863106066316,0.5,0.0,1,0
1757356777.0742757,7.489694733732163,-6.092333631889676,-0.849,0.0,0.0,4.609533547365441,-3.0473553115835426,-0.8486433067599564,7.09870983939284,0.4508040429075176,0.016750335693359375,0.06651161484956332,0.5,0.0,1,0
1757356777.1402888,7.503545880679379,-6.108136055212899,-0.8494,0.0,0.0,4.745478979300616,-3.055210720810748,-0.8492453101429801,7.2024218002285085,0.44850110216550837,0.023430705070495605,0.06751981785911224,0.5,0.0,1,0
1757356777.1472945,7.516723298329371,-6.123148938772606,-0.85,0.0,0.0,4.62940383959458,-3.0605152378396037,-0.8496755160159706,7.1304237364052,0.7785897910062262,0.012833952903747559,0.06663570574547154,0.5,0.0,1,0
1757356777.1720908,7.523113590703139,-6.13043605620651,-0.8503,0.0,0.0,4.562112728769419,-3.0652264032309207,-0.8500701754104253,7.093384414495624,0.37531097279815545,0.012918353080749512,0.06610934416187937,0.5,0.0,1,0
1757356777.2030475,7.540372360549984,-6.150132364632589,-0.8508,0.0,0.0,4.596426894833636,-3.0727079861711,-0.8505592943949266,7.12638719186533,0.7862497587477316,0.01665675640106201,0.06625798641968209,0.5,0.0,1,0
1757356777.2417495,7.555310089825911,-6.167183901316133,-0.8513,0.0,0.0,4.651387601936285,-3.0809793465478634,-0.8510811918910326,7.1713207453077565,0.6204541892788492,0.01827263832092285,0.0665829327663211,0.5,0.0,1,0
1757356777.2698395,7.5661204463603005,-6.179535027701269,-0.8517,0.0,0.0,4.623250172584172,-3.0877139963016518,-0.8515127756241281,7.161189999381555,0.5503570179920332,0.014916419982910156,0.06634447329774813,0.5,0.0,1,0
1757356777.3026,7.575863584192704,-6.190726617719628,-0.852,0.0,0.0,4.641634532557688,-3.0944469472094327,-0.8519368888296621,7.179504339994257,0.44556760957427954,0.016654610633850098,0.066422611433927,0.5,0.0,1,0
1757356777.3438985,7.585688890551028,-6.201996136030846,-0.8524,0.0,0.0,4.652464509597354,-3.1007479989896347,-0.8523522253873047,7.19323072245854,0.45270261573320836,0.01651918888092041,0.06645806481177188,0.5,0.0,1,0
1757356777.3858244,7.5983299611405855,-6.2165104094217485,-0.853,0.0,0.0,4.683741565951121,-3.107682153110492,-0.8528419175395329,7.222088869984683,0.5445152181005913,0.017682433128356934,0.0666430335106819,0.5,0.0,1,0
1757356777.4118087,7.6062507313827865,-6.225393482043116,-0.8533,0.0,0.0,4.740070564406251,-3.1141353262900635,-0.8533101867009623,7.265077669964552,0.30364113879083765,0.01960432529449463,0.06704374170863876,0.5,0.0,1,0
1757356777.4370224,7.617274529040983,-6.237941533959681,-0.8538,0.0,0.0,4.646994477443374,-3.1189279321891314,-0.8536716528338195,7.2122654971050215,0.6524116093874555,0.012806415557861328,0.06634961412652685,0.5,0.0,1,0
1757356777.4697719,7.625254395468147,-6.247029754034323,-0.8542,0.0,0.0,4.659943442295289,-3.1244560835909674,-0.8541058965894699,7.225844274056111,0.3701114960081355,0.016347765922546387,0.06638301084138985,0.5,0.0,1,0
1757356777.5058427,7.640156969560961,-6.264248472262562,-0.8546,0.0,0.0,4.67856844515993,-3.131219256780751,-0.8545377496713885,7.248088652345552,0.68019586699327,0.01674199104309082,0.06646105384529656,0.5,0.0,1,0
1757356777.5362923,7.65442008198707,-6.280642621013774,-0.8551,0.0,0.0,4.687877483564844,-3.138466258576195,-0.8549855675608293,7.2640580768447425,0.6594916650822957,0.01647937297821045,0.0664786798806109,0.5,0.0,1,0
1757356777.5976832,7.664742360937232,-6.2925172272964245,-0.8555,0.0,0.0,4.763392574869398,-3.1460829078403885,-0.8554822928238882,7.320419241811692,0.39226393034137286,0.020061731338500977,0.06699622026726293,0.5,0.0,1,0
1757356777.6129584,7.670674554009587,-6.299380053986619,-0.8558,0.0,0.0,4.683507508704149,-3.1505782490496053,-0.8558067126823367,7.2729688004825865,0.33848845087666357,0.013407111167907715,0.06640223615318934,0.5,0.0,1,0
1757356777.6370378,7.678571670925115,-6.308498971620705,-0.8562,0.0,0.0,4.6946518386288085,-3.1558020205476214,-0.8562054728645713,7.285465193286059,0.3671802602840611,0.016435742378234863,0.06643107460178699,0.5,0.0,1,0
1757356777.6770062,7.688729139207912,-6.320240659043065,-0.8568,0.0,0.0,4.769037118285428,-3.162055839730418,-0.8567230101506805,7.340538838127438,0.39048294614740153,0.019894719123840332,0.06693652349419918,0.5,0.0,1,0
1757356777.737989,7.704222851944104,-6.3381476957488445,-0.8572,0.0,0.0,4.817497346384313,-3.1693292449600095,-0.8572086312758239,7.384443436153545,0.591888211125677,0.020006179809570312,0.0673016869679545,0.5,0.0,1,0
1757356777.7496085,7.7184656851617515,-6.354620906740258,-0.8578,0.0,0.0,4.7375464930668745,-3.175594685416439,-0.8576260464350888,7.3409297703222585,0.771742703745798,0.014114141464233398,0.06668102085828552,0.5,0.0,1,0
1757356777.7699254,7.728772065702967,-6.3665548309027375,-0.8583,0.0,0.0,4.660827405288172,-3.181379466849326,-0.8580399418499857,7.302375265792788,0.6306385775742941,0.012508153915405273,0.06608444237426814,0.5,0.0,1,0
1757356777.802676,7.738122199185601,-6.377621482575684,-0.8588,0.0,0.0,4.693261720464719,-3.188028475781373,-0.8585511460054335,7.328116925155411,0.4388064057819416,0.0,0.06622248150955343,0.0,0.0,1,0
1757356777.837088,7.747116844936473,-6.388156985668464,-0.8593,0.0,0.0,4.713181416867412,-3.194228648783243,-0.8590656862011644,7.346715951715001,0.4135217974762642,0.0,0.06635292374746002,0.0,0.0,1,0
1757356777.8712602,7.755836053794923,-6.398382891794796,-0.8597,0.0,0.0,4.714494713471004,-3.1999471500825623,-0.8595431322209184,7.354157106907548,0.40898614760196017,0.0,0.06639936389206197,0.0,0.0,1,0
1757356777.9043224,7.771372501975236,-6.416051243758647,-0.8602,0.0,0.0,4.716409148555743,-3.206885944081998,-0.8600332986119049,7.3668966477729025,0.704589527226478,0.0,0.06646747669399658,0.0,0.0,1,0
1757356778.002512,7.7812420299971725,-6.427410682119325,-0.8606,0.0,0.0,5.1063228043860605,-3.218736680953281,-0.8609106718492042,7.669445240235542,0.1872572882430031,0.0,0.07037458721438702,0.0,0.0,1,0
1757356778.0347552,7.793943949099875,-6.4420344721103735,-0.8607,0.0,0.0,4.842316073943257,-3.2221694912734016,-0.8610430566934735,7.4650813318124545,0.8646980565041875,0.0,0.06798349880006355,0.0,0.0,1,0
1757356778.0408342,7.80360957213537,-6.453374080522265,-0.8602,0.0,0.0,4.758818748759637,-3.2275636507666836,-0.8610711185361416,7.417746815256132,0.463597139245409,0.0,0.06734763970881176,0.0,0.0,1,0
1757356778.0466018,7.812723230833412,-6.463944256186434,-0.8609,0.0,0.0,4.495528522725927,-3.229870104812745,-0.8610727309569213,7.289569695190048,2.3654819320311926,0.0,0.06530561505693817,0.0,0.0,1,0
1757356778.071399,7.821551075559929,-6.474216648534598,-0.8642,0.0,0.0,4.489920867847096,-3.235515390213212,-0.8621841590292325,7.294863399248129,0.5448890518063811,0.0,0.06522056761045167,0.0,0.0,1,0
1757356778.1104934,7.820088565253814,-6.472550132647665,-0.8637,0.0,0.0,4.571084029228867,-3.2400937195384,-0.8629510215467552,7.329187128837088,0.06165630890963643,0.0,0.06582933887826639,0.0,0.0,1,0
1757356778.1368656,7.823299507353118,-6.476304781530937,-0.8608,0.0,0.0,4.558295309611828,-3.2427644694079083,-0.8625975861056137,7.326086987392662,0.1955589265322722,0.0,0.06580481122611687,0.0,0.0,1,0
1757356778.170107,7.826421441505039,-6.47994244340519,-0.8607,0.0,0.0,4.576501389685121,-3.245527003307035,-0.8623360923010343,7.33730481731749,0.1442742624442825,0.0,0.06604084183198106,0.0,0.0,1,0
1757356778.207048,7.824399073471559,-6.477565363617485,-0.8631,0.0,0.0,4.61136379076412,-3.247196590820745,-0.8628660733542493,7.3528952023797025,0.10574840197947198,0.0,0.06647572411616451,0.0,0.0,1,0
1757356778.2434247,7.824981311481941,-6.478244483304625,-0.8621,0.0,0.0,4.56884894286069,-3.247414805075115,-0.8628859108991871,7.332972428075426,0.045990023308004606,0.0,0.06622998530912595,0.0,0.0,1,0
1757356778.2700117,7.8257315769247295,-6.47911815950311,-0.8614,0.0,0.0,4.567077929614591,-3.248084686993248,-0.8627223024453601,7.332994516769389,0.040559457161770854,0.0,0.0663390672961643,0.0,0.0,1,0
1757356778.307315,7.824703673955783,-6.477917331909731,-0.8619,0.0,0.0,4.587862518359247,-3.2486026747590095,-0.8627693596439036,7.342387431897167,0.04455160753366516,0.0,0.06668940145068414,0.0,0.0,1,0
1757356778.3371003,7.824584724470459,-6.47777895586408,-0.8617,0.0,0.0,4.544139049852038,-3.2480494120852414,-0.8626808372169473,7.321953248201121,0.00911239246292444,0.0,0.06640605185094062,0.0,0.0,1,0
1757356778.3701203,7.824469269330023,-6.477644731169038,-0.8614,0.0,0.0,4.536104554256149,-3.2479551235724387,-0.8625479387133442,7.318466934356267,0.010489682317635134,0.0,0.06645839439826351,0.0,0.0,1,0
1757356778.4083345,7.82453334390998,-6.477719681515835,-0.8619,0.0,0.0,4.555105823742359,-3.24824782217013,-0.8626194935825943,7.327497368584536,0.013509952392510335,0.0,0.06680941573989413,0.0,0.0,1,0
1757356778.4363916,7.824518479717151,-6.4777023492127475,-0.8622,0.0,0.0,4.500941413714653,-3.2474477503262027,-0.8626880519744976,7.30360878121883,0.01067036281706902,0.0,0.06638048492513166,0.0,0.0,1,0
1757356778.4706545,7.824504058901635,-6.477685530869122,-0.8619,0.0,0.0,4.495529931441177,-3.2473526150350587,-0.8626789753160582,7.301519301658612,0.00903427342033902,0.0,0.06644745299973184,0.0,0.0,1,0
1757356778.5044682,7.824516603930851,-6.477700239567007,-0.8616,0.0,0.0,4.4901987387735804,-3.247255206851727,-0.8625802970796483,7.2995067005657255,0.008912031908327095,0.0,0.06652359606533009,0.0,0.0,1,0
1757356778.536696,7.8245164876591025,-6.477700103729112,-0.862,0.0,0.0,4.476100688092498,-3.2470260593787317,-0.8626124239895826,7.2938913325961465,0.012237836852503061,0.0,0.06650309938620182,0.0,0.0,1,0
1757356778.5746279,7.824516375865679,-6.477699973355756,-0.8621,0.0,0.0,4.479882217873902,-3.2470527533917855,-0.8626758397332208,7.295657200551945,0.0028084892500139925,0.0,0.06669205616030409,0.0,0.0,1,0
1757356778.6098676,7.824516479471545,-6.477700094631976,-0.862,0.0,0.0,4.484155877301925,-3.247082789441913,-0.8626919439163797,7.297669940815838,0.0027119548270985224,0.0,0.0669094253185174,0.0,0.0,1,0
1757356778.638787,7.824516478966021,-6.477700094038261,-0.8622,0.0,0.0,4.432501023865766,-3.246313634691456,-0.862706697852882,7.277355822831269,0.0071523280897496135,0.0,0.06642665620250518,0.0,0.0,1,0
1757356778.6974838,7.824516478476643,-6.477700093461222,-0.8626,0.0,0.0,4.449383399022429,-3.2465258331214906,-0.8628826624781589,7.284028496822311,0.010652877008084845,0.0,0.06677205300716105,0.0,0.0,1,0
1757356778.7088199,7.82451647892559,-6.477700093996466,-0.8625,0.0,0.0,4.405750298427754,-3.2458786205543966,-0.8629254507650442,7.267865422538783,0.0035357673341217177,0.0,0.06636168663447865,0.0,0.0,1,0
1757356778.7375157,7.824516478924191,-6.477700093991676,-0.8623,0.0,0.0,4.40138806150639,-3.2457921412584034,-0.8629202511423132,7.266460859696186,0.006026082396468327,0.0,0.06642627872101584,0.0,0.0,1,0
1757356778.7744606,7.824516478924208,-6.477700093985848,-0.8624,0.0,0.0,4.395297021403976,-3.245680753695023,-0.8629406642014904,7.264461562300003,0.00300503238379392,0.0,0.066477291738057,0.0,0.0,1,0
1757356778.8043401,7.824516478922762,-6.477700093992652,-0.8625,0.0,0.0,4.38686981927254,-3.2455367959733925,-0.8629786678626264,7.2616764528233775,0.003020527149646801,0.0,0.0665005244120544,0.0,0.0,1,0
1757356778.8387375,7.824516478924491,-6.477700093991136,-0.8625,0.0,0.0,4.389003693673195,-3.2455406325476686,-0.863011916457877,7.262568011698091,6.497784574778418e-11,0.0,0.06667481717484774,0.0,0.0,1,0
1757356778.8698611,7.824516478927526,-6.477700093988504,-0.8626,0.0,0.0,4.365584562730527,-3.2451886308269673,-0.8630398053376592,7.25477364305709,0.003219453484801613,0.0,0.06649011281487684,0.0,0.0,1,0
1757356778.903354,7.8245164789225665,-6.477700093992774,-0.8627,0.0,0.0,4.358409513993214,-3.2450650844975777,-0.8630955340077818,7.252555132609377,0.003002880953062478,0.0,0.06652212421713669,0.0,0.0,1,0
1757356778.9404635,7.82451647892457,-6.477700093991058,-0.8627,0.0,0.0,4.363719287060072,-3.245114055288844,-0.8631440470607243,7.254434019673706,7.280642709955123e-11,0.0,0.06674832822076936,0.0,0.0,1,0
1757356778.9722729,7.824516478927565,-6.477700093988495,-0.8628,0.0,0.0,4.337092369803138,-3.244723146492893,-0.8631783497395094,7.246042116076674,0.003286067737916735,0.0,0.06649388712578472,-0.5,0.0,1,0
1757356779.003352,7.824516478922952,-6.477700093992429,-0.8629,0.0,0.0,4.329470061662003,-3.24459654912984,-0.8632403728542266,7.243817886228166,0.0030210710555692334,0.016550421714782715,0.06651005709474753,-0.5,0.0,1,0
1757356779.0388513,7.82451647892468,-6.477700093990951,-0.863,0.0,0.0,4.314513010960823,-3.2444628295019737,-0.8633102886359274,7.239542588520626,0.003025953207176587,0.01652371883392334,0.06651783348647614,-0.5,0.0,1,0
1757356779.0705569,7.824516478927662,-6.477700093988398,-0.8631,0.0,0.0,4.296625986840067,-3.2443490620936064,-0.8633876909514868,7.234643377320886,0.0029941563216090037,0.01669919490814209,0.06654752751592719,-0.5,0.0,1,0
1757356779.1045928,7.824516478923053,-6.477700093992327,-0.8633,0.0,0.0,4.2748584062038635,-3.2442164996826186,-0.8634975958193789,7.22895398225745,0.00602508690780524,0.016597270965576172,0.06655338461119398,-0.5,0.0,1,0
1757356779.1368527,7.8245164789247985,-6.477700093990833,-0.8632,0.0,0.0,4.251806418910597,-3.2440886568203187,-0.8635444976106089,7.223286122148138,0.0030073162687312967,0.01662611961364746,0.06656125173550155,-0.5,0.0,1,0
1757356779.1737154,7.824516478927774,-6.477700093988288,-0.8635,0.0,0.0,4.227748086958343,-3.243958345811796,-0.8636622375323664,7.217759190260142,0.009038539227378906,0.01659560203552246,0.06656222653614072,-0.5,0.0,1,0
1757356779.2079594,7.8231094333323625,-6.476049542278978,-0.8651,0.0,0.0,4.215335397206589,-3.243753952680867,-0.8642326882820683,7.213853162957355,0.07136309034739251,0.018883705139160156,0.06688468526451057,-0.5,0.0,1,0
1757356779.237026,7.822306490603742,-6.475103883694566,-0.8683,0.0,0.0,4.176004226597367,-3.2429593309192843,-0.8655435122192415,7.205050467739922,0.11761257294233723,0.01459050178527832,0.06649412637881488,-0.5,0.0,1,0
1757356779.2707684,7.82172636174798,-6.474418190601305,-0.8681,0.0,0.0,4.151159767601919,-3.242468440390261,-0.8664499831822615,7.200066201293813,0.02820137611368708,0.016314387321472168,0.06647633488453321,-0.5,0.0,1,0
1757356779.3031309,7.806244621206699,-6.456092361032951,-0.8666,0.0,0.0,4.125169488056134,-3.238717319264762,-0.8666695621066598,7.1804832147970865,0.7252249396075982,0.016571998596191406,0.06650066414016283,-0.5,0.0,1,0
1757356779.3366773,7.800279307242114,-6.449051558645957,-0.8664,0.0,0.0,4.099384479544912,-3.2349588463147296,-0.8667660733004072,7.170689211665907,0.27793611237018706,0.016605019569396973,0.06652208717474756,-0.5,0.0,1,0
1757356779.3699932,7.794489717339277,-6.442223461269788,-0.8658,0.0,0.0,4.073957435567168,-3.2312383368172677,-0.866655883109632,7.161477970120795,0.2693852211383439,0.01665329933166504,0.0665433453728403,-0.5,0.0,1,0
1757356779.4041383,7.776692684625796,-6.421306573340455,-0.866,0.0,0.0,4.0474002222654555,-3.2249301457869266,-0.8666322262164522,7.140327894460085,0.8069960006683067,0.01701641082763672,0.06660782570939046,-0.5,0.0,1,0
1757356779.4488301,7.767246154505148,-6.410199074268101,-0.866,0.0,0.0,4.019149027515755,-3.218716907120917,-0.8666019312696666,7.1277130741881045,0.4510297699065327,0.016164422035217285,0.06653266618194821,-0.5,0.0,1,0
1757356779.474393,7.758078081863624,-6.399423415434692,-0.8655,0.0,0.0,3.9929818926011853,-3.212728912866012,-0.8664340948787765,7.115954155970528,0.4228600102370777,0.016739487648010254,0.06656208753174965,-0.5,0.0,1,0
1757356779.5074193,7.751502787385368,-6.39170746989675,-0.8652,0.0,0.0,3.9693893014621024,-3.20750031631922,-0.8662325435490997,7.107398441194273,0.2740540006586773,0.018503665924072266,0.06682933481242768,-0.5,0.0,1,0
1757356779.5376291,7.741547785234121,-6.380019474534214,-0.8654,0.0,0.0,3.942315093344832,-3.2017629337160285,-0.8661116259398395,7.095400354605258,0.5123403826114382,0.014984369277954102,0.06651255408424078,-0.5,0.0,1,0
1757356779.5733476,7.734338092947692,-6.371556455884664,-0.865,0.0,0.0,3.9178804309333892,-3.1966149168726257,-0.8659250593844858,7.086748783426071,0.310136814593241,0.01793539524078369,0.06671262005964246,-0.5,0.0,1,0
1757356779.6221423,7.718999520243277,-6.3535869013244435,-0.8647,0.0,0.0,3.8904024413935776,-3.1900535638803786,-0.8657305160023872,7.069747975259618,0.4978329959154194,0.02373051643371582,0.06771308524036891,-0.5,0.0,1,0
1757356779.6396344,7.70469565661187,-6.3368380657299594,-0.8649,0.0,0.0,3.8702003065968427,-3.1823035920958485,-0.8655506018452614,7.054183981951468,1.1868498681676238,0.009279370307922363,0.06626644730314465,-0.5,0.0,1,0
1757356779.6700327,7.69433999340914,-6.324708762509466,-0.8652,0.0,0.0,3.8454307823569005,-3.175272534388678,-0.8655449716763997,7.042958588121854,0.5279654206095127,0.015106558799743652,0.06615628084005859,-0.5,0.0,1,0
1757356779.703049,7.682453350832784,-6.311050748846024,-0.8658,0.0,0.0,3.8192486775944503,-3.168232547557453,-0.8657222216821522,7.030503771171206,0.5452036824559051,0.016614079475402832,0.06628501266530458,-0.5,0.0,1,0
1757356779.7368584,7.673386095137957,-6.300534446096926,-0.8654,0.0,0.0,3.794255480173716,-3.161738591102014,-0.86573252448709,7.021293770537479,0.4147395059352063,0.016746997833251953,0.06639344457557232,-0.5,0.0,1,0
1757356779.7744782,7.66458233840172,-6.290335735663266,-0.865,0.0,0.0,3.7709472202910947,-3.155658693827279,-0.8656185320851769,7.012607512080629,0.40821758346213,0.016509413719177246,0.06643591798480478,-0.5,0.0,1,0
1757356779.8082957,7.653228548192691,-6.27658806652775,-0.8654,0.0,0.0,3.7417289092379833,-3.149161584977148,-0.8656624293351456,7.001496493099681,0.47131299946247285,0.018919944763183594,0.06680057757004498,-0.5,0.0,1,0
1757356779.8382525,7.639867642763125,-6.260713219546587,-0.8656,0.0,0.0,3.725358772668696,-3.142057480607497,-0.8657283532039274,6.987704614915947,0.6883864956367746,0.015071511268615723,0.06650544877993714,-0.5,0.0,1,0
1757356779.869956,7.6306634368161,-6.249777304663681,-0.8647,0.0,0.0,3.705178484625295,-3.135468449569192,-0.8655154924921596,6.978916639060222,0.4518051453311644,0.015849828720092773,0.06641996563144308,-0.5,0.0,1,0
1757356779.904296,7.618817383949027,-6.235931948323545,-0.8642,0.0,0.0,3.68180313109995,-3.1286492593841873,-0.8652155330750091,6.967751824130879,0.5487783775238094,0.016608119010925293,0.06646747706479285,-0.5,0.0,1,0
1757356779.938058,7.608848308471426,-6.224200958884529,-0.8645,0.0,0.0,3.6576483362832075,-3.122074088399121,-0.865083758569334,6.958969183981654,0.45115932364926525,0.017064571380615234,0.06656301677243465,-0.5,0.0,1,0
1757356779.9717345,7.596020042276614,-6.20909372448424,-0.8649,0.0,0.0,3.6349781828744288,-3.1150421619603614,-0.8651017126027369,6.947045941607168,0.5859575396601312,0.016915082931518555,0.06660648664616907,-0.5,0.0,1,0
1757356780.0050707,7.583795601859145,-6.194922579129972,-0.8648,0.0,0.0,3.6156711865752476,-3.107919181699942,-0.8650808676285247,6.935656717820216,0.5738348576145474,0.016307353973388672,0.0665509403304665,-0.5,0.0,1,0
1757356780.064093,7.574910148759205,-6.184544919998413,-0.8646,0.0,0.0,3.595176279334073,-3.101416811138308,-0.8650062091951743,6.92831720438744,0.4120789832970038,0.0165785551071167,0.06655148897496066,-0.5,0.0,1,0
1757356780.074361,7.566286656823338,-6.174477823320856,-0.8645,0.0,0.0,3.577194193726273,-3.0954003445758267,-0.8649193999233677,6.921086117982116,0.4083043263555994,0.016232967376708984,0.06650459405578492,-0.5,0.0,1,0
1757356780.1082814,7.555462543022818,-6.161635477053031,-0.8643,0.0,0.0,3.5467596485207045,-3.089038573247168,-0.864802555261153,6.913516251341558,0.4562809635606086,0.018406033515930176,0.06677597580714158,-0.5,0.0,1,0
1757356780.1370273,7.543286760148362,-6.147312297104873,-0.8641,0.0,0.0,3.542454109558032,-3.0825224724068514,-0.8646450861771264,6.900089449609784,0.645523430146845,0.014561891555786133,0.06642164089451277,-0.5,0.0,1,0
1757356780.171425,7.534469277989784,-6.13694279829772,-0.8639,0.0,0.0,3.5183787330948983,-3.0762872904671412,-0.8644779340973938,6.894125369711231,0.40033355202334825,0.017002105712890625,0.06652288039586994,-0.5,0.0,1,0
1757356780.21278,7.521987296337048,-6.122577824520022,-0.8637,0.0,0.0,3.4951627053126373,-3.0696129686955946,-0.8642959335084658,6.884158887289581,0.5552382617904074,0.017138004302978516,0.0666105953610778,-0.5,0.0,1,0
1757356780.2367208,7.508763940307161,-6.107219756990566,-0.8635,0.0,0.0,3.4822721205093856,-3.0625842655263917,-0.864100585638493,6.871308682899902,0.6416638322052268,0.0157928466796875,0.06648335449308385,-0.5,0.0,1,0
1757356780.2722375,7.499186461273746,-6.09610381887086,-0.8633,0.0,0.0,3.4545171346923107,-3.0558825743554197,-0.8639019772115155,6.866008926827562,0.4145655604724967,0.017698287963867188,0.06666200309430376,-0.5,0.0,1,0
1757356780.3036203,7.486635023312133,-6.08120194594821,-0.863,0.0,0.0,3.4456530223420945,-3.0489997902798853,-0.8636650599827513,6.853030723862882,0.6267909680396819,0.01554405689239502,0.0664827958583902,-0.5,0.0,1,0
1757356780.3371282,7.477624176827067,-6.070630457205733,-0.8628,0.0,0.0,3.424881359029544,-3.0425446912318344,-0.8634349442476197,6.847114325180911,0.4146295080256313,0.01675248146057129,0.0665304747986324,-0.5,0.0,1,0
1757356780.3720758,7.468880073316642,-6.0603736742364545,-0.8626,0.0,0.0,3.406880188891731,-3.0365318136724575,-0.8632078035683405,6.8410330577884215,0.4056752792254523,0.01661384105682373,0.06654373379135191,-0.5,0.0,1,0
1757356780.4078166,7.456158748780804,-6.045562354873563,-0.8624,0.0,0.0,3.3736153110355773,-3.029758662201611,-0.8629833796996474,6.834509249667713,0.5265344251240799,0.018541574478149414,0.0668227309297133,-0.5,0.0,1,0
1757356780.4371278,7.442719437658203,-6.029878697752097,-0.8621,0.0,0.0,3.37638888866989,-3.0228703952099027,-0.8627308822131404,6.817569398450292,0.6957091399794202,0.014845490455627441,0.06648985533969855,-0.5,0.0,1,0
1757356780.4725027,7.432988169451449,-6.0185275198795685,-0.862,0.0,0.0,3.359668049962382,-3.0162334808608087,-0.8625182422397389,6.81031915593851,0.45828709395514405,0.016312718391418457,0.06647378266812479,-0.5,0.0,1,0
1757356780.5035877,7.422546038180599,-6.006258966386385,-0.8618,0.0,0.0,3.339435856384436,-3.0096792923872493,-0.8623045888176898,6.803304311035911,0.4812254610811835,0.01674056053161621,0.06652262547399178,-0.5,0.0,1,0
1757356780.5363243,7.409740665387869,-5.991272050176633,-0.8616,0.0,0.0,3.3227897474452313,-3.0027436335718742,-0.8620906047774074,6.7925848001078295,0.5983713390836847,0.016472697257995605,0.0665189900129483,-0.5,0.0,1,0
1757356780.5846472,7.4004687736366375,-5.980421928053041,-0.8615,0.0,0.0,3.305013806339348,-2.9962892515482524,-0.8619054926185589,6.786568960998333,0.42835805276536715,0.01665949821472168,0.06654257897867535,-0.5,0.0,1,0
1757356780.6175284,7.386534677436846,-5.964338843066798,-0.8614,0.0,0.0,3.2587531926402926,-2.988825785179797,-0.8617376024740381,6.784503580473642,0.5387449855401178,0.01974952220916748,0.06699599778014492,-0.5,0.0,1,0
1757356780.637096,7.38020015753192,-5.956989539310761,-0.8614,0.0,0.0,3.2855065044944594,-2.9834488745575234,-0.8616237009988417,6.767870543084452,0.3611894324184594,0.013431310653686523,0.06640551436921047,-0.5,0.0,1,0
1757356780.670386,7.367904213873429,-5.9427292068134765,-0.8612,0.0,0.0,3.265005243133051,-2.9770134453485495,-0.8614790239425896,6.759370202617777,0.5672481419603294,0.016598105430603027,0.06645551150831933,-0.5,0.0,1,0
1757356780.7073638,7.3585587362082325,-5.93171051902901,-0.8611,0.0,0.0,3.2274067486964113,-2.970630539058482,-0.86134167680519,6.760488901509599,0.3894043548949918,0.018552064895629883,0.06676204476404288,-0.5,0.0,1,0
1757356780.7372806,7.346824240189079,-5.91799824919964,-0.8608,0.0,0.0,3.234848461634086,-2.9644685326522917,-0.8611603435424114,6.743334580660677,0.6027515575069877,0.014973282814025879,0.06646815839222611,-0.5,0.0,1,0
1757356780.7703824,7.338326751634573,-5.908070669993325,-0.8607,0.0,0.0,3.219417315575509,-2.9585329928615547,-0.8609975044613888,6.738086841276997,0.39839083644974627,0.016401052474975586,0.06647116018898931,-0.5,0.0,1,0
1757356780.810891,7.325345879657429,-5.893132861876343,-0.8607,0.0,0.0,3.2024380375254937,-2.951967212445288,-0.8608794188025929,6.728092818695091,0.5981218899632424,0.01654338836669922,0.06649364666044857,-0.5,0.0,1,0
1757356780.842797,7.311214216066091,-5.876779148678038,-0.8605,0.0,0.0,3.18265214366122,-2.9447107480725636,-0.8607351149510543,6.7177835626090046,0.6415987559406519,0.01684427261352539,0.06655065691708015,-0.5,0.0,1,0
1757356780.8756313,7.301474159044995,-5.865513908046526,-0.8603,0.0,0.0,3.1702030535424575,-2.938065354730052,-0.8605733924299938,6.710251574788298,0.45423044062981044,0.01639413833618164,0.0665268971571408,-0.5,0.0,1,0
1757356780.9171913,7.294418894315627,-5.857166197185255,-0.8601,0.0,0.0,3.1546957514713343,-2.9322574580334853,-0.860397392445656,6.707192264715946,0.3276358818480507,0.01668262481689453,0.06655099360272704,-0.5,0.0,1,0
1757356780.9376097,7.286293544136855,-5.847690292536676,-0.8599,0.0,0.0,3.142463516851567,-2.9268421214357243,-0.8602121834035964,6.701691131374694,0.37826677064689973,0.016501784324645996,0.06654225994940544,-0.5,0.0,1,0
1757356780.971655,7.275831920278581,-5.835492828161275,-0.8597,0.0,0.0,3.127872860302329,-2.9211211166944326,-0.8600194279322673,6.694288513760191,0.481942214648996,0.016672730445861816,0.06656014147962255,-0.5,0.0,1,0
1757356781.0075397,7.260136146076787,-5.817350615566602,-0.8596,0.0,0.0,3.092439466843041,-2.91385885970756,-0.8598456839963308,6.689197830780404,0.6505477840321432,0.018438100814819336,0.06681963980049926,-0.5,0.0,1,0
1757356781.0415375,7.245758250128989,-5.800696523473705,-0.8593,0.0,0.0,3.1036319857555306,-2.90662818850467,-0.8596423887498342,6.666344205308484,0.7251716599863126,0.015171527862548828,0.06653276416637882,-0.5,0.0,1,0
1757356781.0700839,7.238780064962518,-5.792617869275054,-0.8591,0.0,0.0,3.092456830916864,-2.900372213562399,-0.8594339118278511,6.662050252529569,0.32725481126881256,0.01631307601928711,0.06650230386104801,-0.5,0.0,1,0
1757356781.1045763,7.230020209822116,-5.782487192115726,-0.8588,0.0,0.0,3.077821577263799,-2.89448702938709,-0.8591949087757045,6.657067199714647,0.40417607215646173,0.016572117805480957,0.06651831748534165,-0.5,0.0,1,0
1757356781.1437833,7.222231853548817,-5.773478158375175,-0.8586,0.0,0.0,3.0453149789018883,-2.8888491513529337,-0.8589578479427357,6.661312641428978,0.32832398443112465,0.018138408660888672,0.06674754771698878,-0.5,0.0,1,0
1757356781.1701047,7.21220297556679,-5.761883494750289,-0.8583,0.0,0.0,3.0588045540203272,-2.8836010985989216,-0.85871068378562,6.642550522076126,0.5083010462935059,0.015082716941833496,0.06647431112699684,-0.5,0.0,1,0
1757356781.2037075,7.1955445908432285,-5.742561955268063,-0.858,0.0,0.0,3.042481168683799,-2.8764568092320464,-0.8584390549292915,6.628550686237164,0.7702113873236535,0.016562342643737793,0.06649786520708696,-0.5,0.0,1,0
1757356781.247849,7.184588587278154,-5.729889093199782,-0.8578,0.0,0.0,2.957721160926912,-2.8686792082696666,-0.8581596781894455,6.654814368318881,0.37893383183096374,0.022105932235717773,0.06731117856270863,-0.5,0.0,1,0
1757356781.2719357,7.173955534689804,-5.717594877901687,-0.8576,0.0,0.0,3.0409902737602,-2.8632161536314555,-0.8579482399869068,6.601748950452021,0.7233044842208415,0.011237144470214844,0.06629890435137631,-0.5,0.0,1,0
1757356781.3095958,7.160974712871441,-5.7026167809881505,-0.8572,0.0,0.0,2.981971505852049,-2.8556594998574876,-0.8576422368165947,6.6120817228274555,0.5134864787575265,0.01930367946624756,0.06675316005155446,-0.5,0.0,1,0
1757356781.338717,7.14820563174368,-5.6878818495821815,-0.857,0.0,0.0,3.0063695221641664,-2.8489545508188514,-0.8573873016134849,6.584338244433801,0.6808442402307413,0.014319658279418945,0.06637143422413541,-0.5,0.0,1,0
1757356781.3713405,7.13895683100324,-5.677214488030291,-0.8568,0.0,0.0,2.9849812188224307,-2.8423243269307257,-0.8571335801585411,6.5822836396225535,0.4223150590835498,0.01671731472015381,0.06644701610854281,-0.5,0.0,1,0
1757356781.4038882,7.1313616414611065,-5.6683705947210505,-0.8563,0.0,0.0,2.9761166057537225,-2.836589864202481,-0.8568082359802295,6.576591407595098,0.36233105200746,0.016101837158203125,0.06641573608629417,-0.5,0.0,1,0
1757356781.4388506,7.123202801321672,-5.658935167425354,-0.856,0.0,0.0,2.9523252970128664,-2.8310358463780356,-0.8564799422958098,6.577443835263324,0.3636510381101048,0.01715564727783203,0.06653976853421063,-0.5,0.0,1,0
1757356781.471518,7.112697081310703,-5.6467917896521875,-0.8557,0.0,0.0,2.9521986588223452,-2.8255091287688123,-0.8561636195153451,6.563931629568053,0.508755790302484,0.01578354835510254,0.06643543093398852,-0.5,0.0,1,0
1757356781.5038252,7.09662069096409,-5.628329587171208,-0.8554,0.0,0.0,2.930363195362926,-2.818379016842568,-0.8558410267723295,6.553991884804273,0.7215884351189321,0.016964316368103027,0.06652812267623737,-0.5,0.0,1,0
1757356781.538819,7.085892360194559,-5.61599536531974,-0.8551,0.0,0.0,2.9228482610361572,-2.811698678166561,-0.8555256369808724,6.543840011054112,0.5035470626061962,0.016234755516052246,0.06649050635335071,-0.5,0.0,1,0
1757356781.577513,7.07207496116755,-5.600122337336096,-0.8547,0.0,0.0,2.9052193287931303,-2.8044155279192977,-0.8551780127249452,6.534866642098056,0.6259357352375687,0.01681351661682129,0.06654538406114083,-0.5,0.0,1,0
1757356781.6248407,7.061849533272938,-5.588299836517835,-0.8544,0.0,0.0,2.822740810394512,-2.7967402807927844,-0.8548061943515666,6.566317586512641,0.3613707152505366,0.021631479263305664,0.0672768164128457,-0.5,0.0,1,0
1757356781.6420424,7.048840450839279,-5.573328431745108,-0.8541,0.0,0.0,2.913624409811057,-2.7909475592968205,-0.8545225964681921,6.500606977430125,0.8680974156921496,0.011425018310546875,0.06630472134212939,-0.5,0.0,1,0
1757356781.6706161,7.039418563059755,-5.562489500468493,-0.8539,0.0,0.0,2.885775818621007,-2.7842716271064933,-0.8542220183010308,6.502350813903756,0.42429138877036043,0.016925811767578125,0.06643066461242611,-0.5,0.0,1,0
1757356781.7047613,7.031013248091622,-5.552965894114664,-0.8536,0.0,0.0,2.8628277098915342,-2.778255406871161,-0.8539174519735546,6.503375901843427,0.3720947905301309,0.017073392868041992,0.0665384347367071,-0.5,0.0,1,0
1757356781.7361505,7.02246779491387,-5.54320711802771,-0.8534,0.0,0.0,2.865938288297257,-2.7729100472017008,-0.8536513067819723,6.490585810429856,0.4144558536459452,0.015650629997253418,0.06641664323450808,-0.5,0.0,1,0
1757356781.769628,7.011464495658205,-5.53065210195364,-0.8529,0.0,0.0,2.847318947890103,-2.7670026074286005,-0.8533063109332709,6.486123444089391,0.49830376251060704,0.01675868034362793,0.06648758847975542,-0.5,0.0,1,0
1757356781.8237538,6.99882835631829,-5.516021184888315,-0.8527,0.0,0.0,2.7701862775164936,-2.7597762431622965,-0.8529666654441175,6.513219631230185,0.4616784096288451,0.02093803882598877,0.06713192751906444,-0.5,0.0,1,0
1757356781.8372245,6.988390793278559,-5.504026046198119,-0.8526,0.0,0.0,2.8453604975358417,-2.75456428112233,-0.8527615496229358,6.457068328672444,0.6360607005072374,0.012499451637268066,0.06636254297525505,-0.5,0.0,1,0
1757356781.8836265,6.9758061212802405,-5.489566160384678,-0.8523,0.0,0.0,2.8193898332568175,-2.7477434356326027,-0.852491956134258,6.454568441412932,0.5643523148657242,0.016985535621643066,0.06647881857487095,-0.5,0.0,1,0
1757356781.9410586,6.964424208606059,-5.476851251304771,-0.852,0.0,0.0,2.7125936877155503,-2.73996256116656,-0.8521638254972389,6.502854497289798,0.3740929735674408,0.0228121280670166,0.06740254312586744,-0.5,0.0,1,0
1757356781.9746227,6.954609923378239,-5.465744185417878,-0.8517,0.0,0.0,2.6675351149843447,-2.733260582819522,-0.8518524489711611,6.519350948635956,0.3458117177727108,0.021434903144836426,0.06783527594855002,-0.5,0.0,1,0
1757356781.9808302,6.945084038317242,-5.454973395611278,-0.8515,0.0,0.0,2.8047842373022367,-2.7291571662988656,-0.8516646721194986,6.4226920090156465,0.6978267340562953,0.010303616523742676,0.06646778106974999,-0.5,0.0,1,0
1757356782.0037324,6.933613449879019,-5.44156000713054,-0.8512,0.0,0.0,2.8674685330725644,-2.7238748359323637,-0.8514350401552069,6.375322100037669,0.7720761690924833,0.011431336402893066,0.06581474176637246,-0.5,0.0,1,0
1757356782.036675,6.922273637740851,-5.4284975331026155,-0.8509,0.0,0.0,2.818746989580748,-2.7170833260530998,-0.8511383513801878,6.38525600748757,0.5161526121531897,0.016759157180786133,0.06606343712923275,-0.5,0.0,1,0
1757356782.071048,6.914062121496468,-5.419040011391266,-0.8507,0.0,0.0,2.7898246545054524,-2.7110933331129514,-0.8508702210742664,6.389976138403858,0.38075524178425535,0.016449570655822754,0.06620142341829008,-0.5,0.0,1,0
1757356782.1030447,6.8985188523159895,-5.401430083528284,-0.8504,0.0,0.0,2.7640700424397826,-2.704002027846492,-0.8505895122757363,6.384053402506547,0.705455547405402,0.01664900779724121,0.06632514021740915,-0.5,0.0,1,0
1757356782.1379063,6.887661946581539,-5.3890617504447595,-0.8502,0.0,0.0,2.7439442173488957,-2.69721333936152,-0.8503303246313382,6.381258450835107,0.49331973356653414,0.016681551933288574,0.06641518141637084,-0.5,0.0,1,0
1757356782.1762943,6.873680182360729,-5.3731413746028425,-0.8499,0.0,0.0,2.7306888746367504,-2.6900057872547785,-0.8500598957588411,6.370569853163048,0.6432710817266125,0.016470909118652344,0.06644811913519942,-0.5,0.0,1,0
1757356782.2083175,6.869033031273895,-5.367870345853301,-0.8497,0.0,0.0,2.6864594572391027,-2.6840540048834534,-0.8497895849617763,6.390982168429477,0.1890115720907258,0.018596529960632324,0.0667665106704195,-0.5,0.0,1,0
1757356782.2392852,6.861430120450881,-5.359222267575086,-0.8494,0.0,0.0,2.701465203376377,-2.679262831990696,-0.8495346284592801,6.3716211304960755,0.36435235645826863,0.015807271003723145,0.0665874641468997,-0.5,0.0,1,0
1757356782.2737408,6.854050427135822,-5.35083318202417,-0.8491,0.0,0.0,2.693512485171069,-2.6745219374519706,-0.8492573265252199,6.36661290250763,0.3346705398330031,0.016698598861694336,0.06659270800815922,-0.5,0.0,1,0
1757356782.317951,6.83509892982158,-5.329275205803912,-0.8488,0.0,0.0,2.665107887915346,-2.667299451678865,-0.84896118045234,6.359098621434833,0.8033445379218316,0.017866134643554688,0.06675939674465659,-0.5,0.0,1,0
1757356782.36638,6.820933712374493,-5.313194803746583,-0.8484,0.0,0.0,2.6494152243983993,-2.6598089927779816,-0.8486357841184088,6.350151394237015,0.6109635513975145,0.017540693283081055,0.0668237731748621,-0.5,0.0,1,0
1757356782.3718297,6.810671655753105,-5.30155261011578,-0.8481,0.0,0.0,2.7011334899326807,-2.653721666990017,-0.8483534183590993,6.304858374778965,0.5722063546123951,0.01356351375579834,0.06631583608129316,-0.5,0.0,1,0
1757356782.404628,6.799687661930292,-5.289341003224374,-0.8478,0.0,0.0,2.681927829508333,-2.6470261615446606,-0.8480370010832929,6.301822172302533,0.4998314391281992,0.016433000564575195,0.06637299145634196,-0.5,0.0,1,0
1757356782.442717,6.789609159168581,-5.278023279465134,-0.8475,0.0,0.0,2.6635418564892355,-2.640658116122747,-0.8477214185620396,6.299624831001998,0.45587387419602515,0.016624927520751953,0.06643968995424178,-0.5,0.0,1,0
1757356782.4694092,6.776627659643015,-5.263460756824735,-0.8471,0.0,0.0,2.65208648925753,-2.6339812002444183,-0.847381360764427,6.2895203703245866,0.5947970964134787,0.016402840614318848,0.06645540632040364,-0.5,0.0,1,0
1757356782.506873,6.768870620948476,-5.254325787977398,-0.8469,0.0,0.0,2.606940501882485,-2.627632460802899,-0.8470584184813525,6.307683295945076,0.3231413677208639,0.01854574680328369,0.06676454545710345,-0.5,0.0,1,0
1757356782.5368216,6.7603845687828334,-5.244643642541748,-0.8466,0.0,0.0,2.636112453178108,-2.622576444219006,-0.8467762334005333,6.277610147067973,0.42994898317630703,0.0149763822555542,0.06647250047045493,-0.5,0.0,1,0
1757356782.5695732,6.752149470937557,-5.235249959509257,-0.8463,0.0,0.0,2.6283643742331826,-2.6173754326510066,-0.8464739588114458,6.271438075179891,0.38263142100438235,0.016328930854797363,0.0664667338861681,-0.5,0.0,1,0
1757356782.604595,6.736245911503255,-5.217353276738171,-0.846,0.0,0.0,2.602293690471291,-2.610567492131483,-0.8461603841726723,6.266962458197355,0.6899624171911257,0.017351508140563965,0.06660456100686937,-0.5,0.0,1,0
1757356782.6425505,6.726366195005719,-5.206197561491301,-0.8459,0.0,0.0,2.5848628755018113,-2.6042181597638887,-0.8459086966099845,6.265091567545931,0.43134054967739754,0.017274022102355957,0.06668642568157576,-0.5,0.0,1,0
1757356782.670949,6.713647261029391,-5.191839854051048,-0.8457,0.0,0.0,2.5977191759357234,-2.5978806599485265,-0.8456882754601476,6.23973272052667,0.6117147812316772,0.015679001808166504,0.06651825883525239,-0.5,0.0,1,0
1757356782.703806,6.70049181826579,-5.177068137474933,-0.8456,0.0,0.0,2.5871601205646657,-2.5909558682876397,-0.8454943773204874,6.229019922495584,0.5976990677399795,0.016547441482543945,0.06652699380581481,-0.5,0.0,1,0
1757356782.736409,6.689812814925085,-5.165061354185499,-0.8453,0.0,0.0,2.5792505723960795,-2.5843755736148126,-0.8452713550672809,6.219871788433867,0.48856209870605444,0.016447782516479492,0.06651961862229644,-0.5,0.0,1,0
1757356782.7743816,6.676060187184031,-5.149610300363161,-0.845,0.0,0.0,2.5713604662738834,-2.5773608456318,-0.845026448697669,6.20667266866406,0.6303595679009829,0.01640903949737549,0.0665098261847466,-0.5,0.0,1,0
1757356782.808214,6.669161989920248,-5.141768197531079,-0.8448,0.0,0.0,2.5176899417915415,-2.570901706134306,-0.8447668893915738,6.233549984191666,0.2727862860610566,0.019147276878356934,0.0668880023092928,-0.5,0.0,1,0
1757356782.8378139,6.660685204198335,-5.132205267581377,-0.8447,0.0,0.0,2.5596413701709797,-2.566017861482461,-0.8445995790824848,6.193667815718572,0.43604712143615887,0.014653801918029785,0.06650611481527845,-0.5,0.0,1,0
1757356782.8742578,6.652728839970231,-5.123231065341166,-0.8446,0.0,0.0,2.535045162728553,-2.5606994669085887,-0.8444251225795468,6.1993389969509485,0.3441546773334734,0.017424941062927246,0.06663881503472008,-0.5,0.0,1,0
1757356782.9051328,6.634154081926887,-5.10235623936086,-0.8442,0.0,0.0,2.551914709337391,-2.5539233584308967,-0.8442070560051145,6.1633436545892035,0.9120918454832884,0.015319347381591797,0.06643720342126072,-0.5,0.0,1,0
1757356782.9408786,6.623247742559718,-5.090108168157878,-0.8439,0.0,0.0,2.5077034259127764,-2.5467351645695158,-0.8439353329206893,6.178410944302813,0.4483040919684866,0.018294334411621094,0.0667142555288015,-0.5,0.0,1,0
1757356782.9752612,6.612661788185841,-5.078227474065947,-0.8437,0.0,0.0,2.5049279516784257,-2.540327200504498,-0.8436997065583385,6.166043507024899,0.47512122601394297,0.016747236251831055,0.06668325968558377,-0.5,0.0,1,0
1757356783.0077865,6.600462610514876,-5.064754933135957,-0.8434,0.0,0.0,2.5015246678375163,-2.5338032849920786,-0.8434459704894095,6.152049358251622,0.5452339994217272,0.016669392585754395,0.06665068391177438,-0.5,0.0,1,0
1757356783.037697,6.59118190343324,-5.054440279385497,-0.8431,0.0,0.0,2.522889611170161,-2.528101669283784,-0.8431934173966122,6.125141993346338,0.4575923115939969,0.015164732933044434,0.06642230849267991,-0.5,0.0,1,0
1757356783.0742247,6.5792284283493245,-5.041169220649721,-0.8427,0.0,0.0,2.5160024813921478,-2.5218439718122636,-0.8428876438353391,6.113781253340407,0.5546180048160549,0.01610589027404785,0.06640106768796816,-0.5,0.0,1,0
1757356783.125251,6.566549849137352,-5.026499700266712,-0.8424,0.0,0.0,2.414565944245864,-2.5140076121529287,-0.842526441267587,6.168617282959898,0.45069846423683885,0.021512746810913086,0.06715321978348503,-0.5,0.0,1,0
1757356783.1439464,6.556507352002016,-5.0151242996366845,-0.842,0.0,0.0,2.4593669635897357,-2.508303295759054,-0.8422157726910737,6.122011578786236,0.4956878694654596,0.015311360359191895,0.06676138706262219,-0.5,0.0,1,0
1757356783.1705675,6.5467621378164,-5.00408753877073,-0.8418,0.0,0.0,2.518118239137385,-2.503089292903503,-0.8419566438265282,6.068799348773324,0.5513961104755434,0.013352274894714355,0.06624728417812176,-0.5,0.0,1,0
1757356783.2048066,6.534862285908114,-4.99107007485178,-0.8415,0.0,0.0,2.4896585656814176,-2.4966412875307444,-0.8416485886066762,6.071887749852887,0.5252473590263982,0.016791582107543945,0.06637330388765111,-0.5,0.0,1,0
1757356783.2390108,6.526031081417365,-4.981260782137027,-0.8412,0.0,0.0,2.483956228306076,-2.490937794161064,-0.8413502269695864,6.063891402663675,0.41331515959929643,0.01597130298614502,0.06635046114990045,-0.5,0.0,1,0
1757356783.2952363,6.5174596942777,-4.971749025911655,-0.8408,0.0,0.0,2.431647858504876,-2.485020957931396,-0.8409928645657118,6.088882502807152,0.34465303954796617,0.018584251403808594,0.06669546364553555,-0.5,0.0,1,0
1757356783.3618093,6.504676573754944,-4.9571511960758725,-0.8404,0.0,0.0,2.059280438750889,-2.474396032359925,-0.8404078567865956,6.407565712528875,0.2514283440561504,0.03859519958496094,0.07027572210516822,-0.5,0.0,1,0
1757356783.3661575,6.495993189543817,-4.947362942619242,-0.8401,0.0,0.0,2.377035099388307,-2.4726155727812973,-0.8402406666825772,6.100658518696523,0.9167499488834006,0.007138371467590332,0.06731377317722814,-0.5,0.0,1,0
1757356783.3801196,6.484814362577211,-4.934764423268547,-0.8397,0.0,0.0,2.654690872908402,-2.4702356445140135,-0.8400628305406301,5.909355494928489,3.9162523186720746,0.002151012420654297,0.06520278648546912,-0.5,0.0,1,0
1757356783.4070737,6.468412905147979,-4.916642125618457,-0.8394,0.0,0.0,2.530050759708397,-2.461855825766601,-0.8396683444865627,5.957894116708999,0.6594633725968267,0.01853334903717041,0.06581922648666419,-0.5,0.0,1,0
1757356783.4388494,6.457323882162968,-4.9043075911430405,-0.8391,0.0,0.0,2.4997377144931203,-2.4548763985095388,-0.839330124915836,5.962180235125545,0.5285556441993141,0.015692830085754395,0.06592616653580992,-0.5,0.0,1,0
1757356783.470711,6.4465618626284265,-4.8923459772172535,-0.8387,0.0,0.0,2.4714535913890927,-2.4481749557724055,-0.838968406061349,5.966197976885802,0.502347091961373,0.01602017879486084,0.06604671515343724,-0.5,0.0,1,0
1757356783.503505,6.4346322326878,-4.879369336079088,-0.8383,0.0,0.0,2.445078592854089,-2.4414725431746707,-0.8385898762291298,5.968034842058122,0.5403661592998826,0.016314387321472168,0.06617140882204381,-0.5,0.0,1,0
1757356783.5372696,6.425328731995148,-4.8691502410325755,-0.8381,0.0,0.0,2.4199494524005294,-2.4352760401422353,-0.8382568665109065,5.972879134708187,0.41513464714806136,0.016646623611450195,0.06630334823127469,-0.5,0.0,1,0
1757356783.5697026,6.416296457518025,-4.859239359983658,-0.8377,0.0,0.0,2.403019951857181,-2.4295505589978648,-0.8379035863707581,5.972674620901619,0.40445241435748436,0.016584396362304688,0.06638640184027636,-0.5,0.0,1,0
1757356783.603042,6.400616802252582,-4.8413383991697065,-0.8373,0.0,0.0,2.3878845257683965,-2.4226116937285953,-0.8375341526299198,5.962207759115184,0.7151616858658355,0.0166398286819458,0.06645114051797699,-0.5,0.0,1,0
1757356783.637241,6.390665683694161,-4.830172337896904,-0.8369,0.0,0.0,2.376963687294297,-2.4161748882833236,-0.837154305731977,5.956572714710548,0.451071481056762,0.016585111618041992,0.06648792017344365,-0.5,0.0,1,0
1757356783.673752,6.377852104611602,-4.815799222606953,-0.8364,0.0,0.0,2.366797135594874,-2.4094456431340268,-0.8367367901459164,5.946589910502906,0.5800133603295355,0.01660478115081787,0.06651577521252681,-0.5,0.0,1,0
1757356783.709786,6.365752893463801,-4.802498842492407,-0.8361,0.0,0.0,2.3008265455213075,-2.40203613169559,-0.8363119019895641,5.980311543362438,0.4549229864788862,0.01976466178894043,0.06698164230554757,-0.5,0.0,1,0
1757356783.738443,6.355694555568265,-4.791329146472447,-0.8359,0.0,0.0,2.3617113374693837,-2.3965556033721587,-0.8360202734096884,5.920383162969398,0.5337053312832338,0.014083027839660645,0.06648629634417197,-0.5,0.0,1,0
1757356783.829607,6.345932751233701,-4.780493273799182,-0.8356,0.0,0.0,2.324656507580917,-2.39022426161531,-0.8356771243882234,5.934642852076635,0.40484180492842703,0.018016457557678223,0.06670739000584344,-0.5,0.0,1,0
1757356783.8514683,6.332659774627245,-4.766099390455596,-0.8352,0.0,0.0,2.034219318338705,-2.380289828810509,-0.8351325862000686,6.178047640544489,0.29530719192278454,0.033157944679260254,0.0692855339621086,-0.5,0.0,1,0
1757356783.8584192,6.323104072804683,-4.75564317190379,-0.8349,0.0,0.0,2.318912901071982,-2.3777691791466964,-0.8349749317212036,5.908438250617107,0.9679151987244903,0.007318854331970215,0.06683680643154813,-0.5,0.0,1,0
1757356783.8707385,6.3141294450097085,-4.745832151954735,-0.8346,0.0,0.0,2.486290263125407,-2.3743261911724494,-0.8347743352813095,5.78317699318068,0.8845096104016046,0.007518291473388672,0.06555717879432738,-0.5,0.0,1,0
1757356783.9032586,6.301972133461313,-4.732095652035443,-0.8343,0.0,0.0,2.4207363854891106,-2.367629926774582,-0.8344327463180409,5.807980254893478,0.555827969849441,0.016503453254699707,0.06584157513328172,-0.5,0.0,1,0
1757356783.9380593,6.293358612376305,-4.7225044394447595,-0.8341,0.0,0.0,2.3771320255371675,-2.361626960098578,-0.8341310641318178,5.825714275750415,0.3907811253709274,0.01649618148803711,0.06605031457174665,-0.5,0.0,1,0
1757356783.9826982,6.285000023732674,-4.71319856480838,-0.8338,0.0,0.0,2.34430733842392,-2.356085120187571,-0.833827403892419,5.837547769081391,0.37526723486770225,0.016671061515808105,0.06622221333624216,-0.5,0.0,1,0
1757356784.0223086,6.27005298447312,-4.69680190753188,-0.8335,0.0,0.0,2.2841815986546754,-2.349120674586672,-0.8334997942013161,5.862140114679467,0.5945257802372564,0.018661141395568848,0.06661390810155265,-0.5,0.0,1,0
1757356784.0427415,6.255349859234436,-4.6806173183725495,-0.833,0.0,0.0,2.27896649541151,-2.342139840431466,-0.8331448876089316,5.846175752136331,0.6513263287770965,0.016790151596069336,0.06662094215610509,-0.5,0.0,1,0
1757356784.0704982,6.244700884288661,-4.668903047123791,-0.8328,0.0,0.0,2.3162331822713056,-2.336085019082379,-0.8328635164152817,5.803750383380882,0.5479983262948747,0.014445662498474121,0.06630600411902329,-0.5,0.0,1,0
1757356784.1041903,6.236456590944668,-4.65986203502832,-0.8325,0.0,0.0,2.2962369786721264,-2.3301082552798924,-0.8325489431575492,5.807320685034007,0.36824867003925815,0.01661813259124756,0.06639241914270085,-0.5,0.0,1,0
1757356784.1527581,6.228685461896141,-4.651323479748961,-0.8323,0.0,0.0,2.1951075627602528,-2.3237248035555593,-0.8322081847599351,5.87693751270458,0.27018406273197665,0.021369099617004395,0.06712632370823661,-0.5,0.0,1,0
1757356784.1693792,6.22114311431962,-4.6430401957966785,-0.832,0.0,0.0,2.309883465376395,-2.320314099925628,-0.8320005326884659,5.776591496574022,0.47752527951724394,0.01173412799835205,0.06625712962852649,-0.5,0.0,1,0
1757356784.2046165,6.201617614730883,-4.6215931786410644,-0.8317,0.0,0.0,2.2824174476764605,-2.3130886269748037,-0.8317033285151366,5.770568671097903,0.8666401327970039,0.01673436164855957,0.06637391800951749,-0.5,0.0,1,0
1757356784.2374444,6.190738446344774,-4.609667724979139,-0.8315,0.0,0.0,2.266030244096052,-2.306352802755289,-0.8314366629801738,5.768137005113408,0.48740483507110044,0.016560673713684082,0.06643192888504967,-0.5,0.0,1,0
1757356784.2734249,6.180179775258977,-4.59809912658354,-0.8313,0.0,0.0,2.251684527601975,-2.2999390234925827,-0.8311889189941488,5.764730979815207,0.47031799224821885,0.016652464866638184,0.06648467075351673,-0.5,0.0,1,0
1757356784.3074813,6.169414212189989,-4.586495646446959,-0.831,0.0,0.0,2.2067480411536486,-2.293341570792303,-0.8309044278183703,5.7855305359200875,0.4284075308698863,0.01847684383392334,0.06677522413851793,-0.5,0.0,1,0
1757356784.3439515,6.15590555576841,-4.571829824959744,-0.8306,0.0,0.0,2.2249621197095633,-2.2870441272580795,-0.8306189207238146,5.7526084721038115,0.6276560892666396,0.015887022018432617,0.06660462486203983,-0.5,0.0,1,0
1757356784.3693876,6.14612000698458,-4.561216451739034,-0.8304,0.0,0.0,2.241484123611613,-2.2812031797857455,-0.8303635050211855,5.726464942222126,0.466821528534711,0.015463590621948242,0.06643513936395865,-0.5,0.0,1,0
1757356784.4040287,6.1346498139073375,-4.548321976432517,-0.83,0.0,0.0,2.226495537904896,-2.2748673678949256,-0.8300514345910629,5.722282375879802,0.5183454046578388,0.016651511192321777,0.06648601316823845,-0.5,0.0,1,0
1757356784.4364655,6.12595494674695,-4.53872491811719,-0.8296,0.0,0.0,2.215562458715759,-2.2691046413629645,-0.8297134308207945,5.718893526242021,0.3895318769000769,0.01663053035736084,0.06651814725941553,-0.5,0.0,1,0
1757356784.469707,6.117516272364517,-4.52941427393425,-0.8293,0.0,0.0,2.205757414542041,-2.2637457669690133,-0.8293848103150296,5.715035303279197,0.3765915334758973,0.01668834686279297,0.06654798194462311,-0.5,0.0,1,0
1757356784.5030234,6.102182358369968,-4.512753293351378,-0.8291,0.0,0.0,2.1989021041430767,-2.2573157407074578,-0.8290946982114887,5.699622762715947,0.6837016717057341,0.016559958457946777,0.06655026959479135,-0.5,0.0,1,0
1757356784.5362701,6.087495864220085,-4.496727137686293,-0.8287,0.0,0.0,2.189842908076955,-2.2502673672176554,-0.8287713145058191,5.686791710514076,0.6528606009527895,0.016650915145874023,0.06656439231898037,-0.5,0.0,1,0
1757356784.5750701,6.076859825279823,-4.485129287035948,-0.8284,0.0,0.0,2.166061340382004,-2.243478748561409,-0.8284434397486455,5.691352177270642,0.4496195849739704,0.017502903938293457,0.06669241017862908,-0.5,0.0,1,0
1757356784.6105754,6.071552820032543,-4.4793715487788175,-0.828,0.0,0.0,2.1499493749039726,-2.2381375566917696,-0.8280934598065436,5.697238568159342,0.22352176194854742,0.017538905143737793,0.0667824524052605,-0.5,0.0,1,0
1757356784.6373274,6.061119103113517,-4.4680119106476255,-0.8276,0.0,0.0,2.178268381526816,-2.233161896899837,-0.827755141516534,5.659934910621556,0.5012101068164094,0.015392065048217773,0.06654007326542882,-0.5,0.0,1,0
1757356784.673389,6.053562446372807,-4.459789832982259,-0.8274,0.0,0.0,2.182564311404117,-2.228386630252008,-0.8274487379735718,5.646175859097036,0.3496414105337647,0.015972018241882324,0.06646164517032739,-0.5,0.0,1,0
1757356784.7029834,6.033386855024432,-4.437808723333631,-0.827,0.0,0.0,2.1681167057621638,-2.221157174334725,-0.8271059474174677,5.630231444051455,0.8962054015299272,0.0166475772857666,0.066502874361465,-0.5,0.0,1,0
1757356784.7368472,6.022508198834133,-4.425985726644296,-0.8269,0.0,0.0,2.1541208461333365,-2.214369193573369,-0.826831473916546,5.62656371051572,0.4784896400707564,0.016788959503173828,0.0665506436258867,-0.5,0.0,1,0
1757356784.7695594,6.011952462267741,-4.414517907832109,-0.8266,0.0,0.0,2.1494755008620903,-2.208037805752541,-0.8265543511509819,5.615855549229912,0.47362638485081754,0.016457319259643555,0.06653698009414102,-0.5,0.0,1,0
1757356784.8029075,5.996608078218924,-4.397875900151652,-0.8261,0.0,0.0,2.140679149636808,-2.2009263712453784,-0.8262105704888446,5.602034953935767,0.6820046079345046,0.016599535942077637,0.06654764141657443,-0.5,0.0,1,0
1757356784.8369384,5.985884955557181,-4.386251818466185,-0.826,0.0,0.0,2.1326257683370673,-2.1942807293646784,-0.8259370131803572,5.593878929074156,0.4759623730437041,0.01661372184753418,0.06655683767543018,-0.5,0.0,1,0
1757356784.8756998,5.975818880219954,-4.375344140972867,-0.8258,0.0,0.0,2.124768388069489,-2.188062402668756,-0.8256850832331667,5.586485553986527,0.4457274548661601,0.016651391983032227,0.06656820835893587,-0.5,0.0,1,0
1757356784.906844,5.96569056688688,-4.36464584701636,-0.8255,0.0,0.0,2.0836975847512758,-2.181756665818807,-0.8253972543388031,5.607042747192504,0.39885078453519257,0.01847207546234131,0.06683142814075746,-0.5,0.0,1,0
1757356784.937914,5.956038511350425,-4.354328369627308,-0.8254,0.0,0.0,2.116043827261068,-2.176588718791096,-0.8252047060363267,5.566701395297761,0.46040377927212756,0.015343904495239258,0.0665650493684433,-0.5,0.0,1,0
1757356784.9707494,5.943604905648462,-4.341051669625187,-0.825,0.0,0.0,2.1123866392785953,-2.170632818060883,-0.8249393805765882,5.552753159823569,0.5536445089336497,0.016431212425231934,0.06654074502313007,-0.5,0.0,1,0
1757356785.006149,5.931534102264569,-4.327530701775177,-0.8246,0.0,0.0,2.080777215905985,-2.1640563751707593,-0.8246173840392224,5.562334356034985,0.5077041194624239,0.01785445213317871,0.06672282495992772,-0.5,0.0,1,0
1757356785.0365627,5.918065000160126,-4.312788477410214,-0.8243,0.0,0.0,2.113052476178851,-2.157828123524065,-0.8243374827725074,5.517086199105388,0.6662558095183512,0.014987468719482422,0.06644583579940477,-0.5,0.0,1,0
1757356785.0862591,5.908313137952246,-4.302115188054369,-0.824,0.0,0.0,2.0918558623413697,-2.151464681336508,-0.824026068908188,5.520994521892147,0.42499581690606186,0.017012596130371094,0.06654116277597626,-0.5,0.0,1,0
1757356785.1030262,5.892735867696046,-4.285365032991962,-0.8236,0.0,0.0,2.0912784646605385,-2.144534798115589,-0.8236988301242825,5.500209223847696,0.7065809154717138,0.016188859939575195,0.06649246076862429,-0.5,0.0,1,0
1757356785.1363835,5.882459374285962,-4.274246721594267,-0.8233,0.0,0.0,2.0799746285511245,-2.1379998865026497,-0.823373057417066,5.495419778038044,0.45508083249199466,0.016637802124023438,0.0665221912180724,-0.5,0.0,1,0
1757356785.1734262,5.872483280010638,-4.263458951370831,-0.823,0.0,0.0,2.0706414583438018,-2.131881845851966,-0.8230540411491808,5.489468564067438,0.44137979968787955,0.016648411750793457,0.06654393994441896,-0.5,0.0,1,0
1757356785.209316,5.862600092895747,-4.252892348630719,-0.8226,0.0,0.0,2.0286914969265277,-2.125665625826544,-0.8226877835044101,5.511724959934553,0.3920429482397512,0.018459439277648926,0.06681236790798252,-0.5,0.0,1,0
1757356785.2374425,5.850011901620443,-4.239368624820606,-0.8221,0.0,0.0,2.0594825546451445,-2.1199520960592704,-0.8223207454520738,5.46805385188302,0.6010895815314032,0.015374183654785156,0.0665566079286384,-0.5,0.0,1,0
1757356785.2697206,5.840893085847285,-4.229580214972344,-0.8219,0.0,0.0,2.063097015167534,-2.114389782763111,-0.8219922187534873,5.452500948772388,0.41677027469948785,0.016051173210144043,0.0664828507610234,-0.5,0.0,1,0
1757356785.3031032,5.829404522828121,-4.217144303702008,-0.8215,0.0,0.0,2.055314781558888,-2.108500398302578,-0.8216370703383693,5.443209399871383,0.5151961657063293,0.016435623168945312,0.06648739450225447,-0.5,0.0,1,0
1757356785.335975,5.81965899868926,-4.206654873266941,-0.8211,0.0,0.0,2.0461793252091742,-2.1028280867624867,-0.8212661589612081,5.4374706229073535,0.4328142990478863,0.016546964645385742,0.06650652101906557,-0.5,0.0,1,0
1757356785.4196434,5.8071083182009025,-4.193156793551111,-0.8207,0.0,0.0,1.6561696114030047,-2.092164400421947,-0.82061610911605,5.82631302922297,0.24640781889040234,0.037409067153930664,0.06989162817288554,-0.5,0.0,1,0
1757356785.43176,5.793192465442705,-4.17859681568883,-0.8203,0.0,0.0,2.0047041001098793,-2.089771072401825,-0.8204459786596461,5.437356326056393,1.692828832512412,0.005949974060058594,0.0669505940557461,-0.5,0.0,1,0
1757356785.4385595,5.783758349790211,-4.1686220582077205,-0.8199,0.0,0.0,2.182985165859796,-2.0860521138199917,-0.820188870626952,5.284923342011062,0.9020308168805005,0.007613539695739746,0.06562966850601203,-0.5,0.0,1,0
1757356785.47344,5.774598768447957,-4.158949115346366,-0.8196,0.0,0.0,2.1351659488156276,-2.080094039671992,-0.8198109616082164,5.3068277186628485,0.42404897135558867,0.015711545944213867,0.06579149392906666,-0.5,0.0,1,0
1757356785.5067313,5.762546723441114,-4.145558259880087,-0.8192,0.0,0.0,2.0513363244700096,-2.0732609270759412,-0.8193890047930432,5.355348901936928,0.49043937669878795,0.01837146282196045,0.06625490362474652,-0.5,0.0,1,0
1757356785.5406702,5.749296715506852,-4.131213181209852,-0.8186,0.0,0.0,2.0305573303149864,-2.0666940706930452,-0.8189368898211017,5.3543404827132655,0.5883271725797022,0.016604065895080566,0.06634799444202641,-0.5,0.0,1,0
1757356785.5704598,5.739700784827137,-4.12082866282848,-0.8183,0.0,0.0,2.045721082975531,-2.0609911034858452,-0.8185482050667809,5.328709664528109,0.4712857915380339,0.015004158020019531,0.06619982052689947,-0.5,0.0,1,0
1757356785.6030834,5.726372005099788,-4.106660732285476,-0.8179,0.0,0.0,2.024227787844178,-2.054450368760299,-0.8181346512901599,5.3282288348061355,0.5920394286471342,0.016431570053100586,0.06629244131566711,-0.5,0.0,1,0
1757356785.6407113,5.7121295554769596,-4.091414872882799,-0.8174,0.0,0.0,1.9923885733615638,-2.047315701674151,-0.8176824336292393,5.335574855915842,0.6053149787577758,0.017238497734069824,0.06646656029819817,-0.5,0.0,1,0
1757356785.6710742,5.70181207481224,-4.080378257408567,-0.8171,0.0,0.0,1.9945089407084118,-2.041053406899951,-0.8172896105936754,5.319562406407596,0.4725468375305935,0.015989065170288086,0.06641474837520324,-0.5,0.0,1,0
1757356785.7028184,5.689975151582718,-4.067912875287323,-0.8165,0.0,0.0,1.983341884786794,-2.0346821291960966,-0.8168275344853149,5.3129088329302485,0.5213980557831818,0.01649463176727295,0.06644997608260761,-0.5,0.0,1,0
1757356785.7445438,5.680873094983508,-4.058259656092033,-0.8161,0.0,0.0,1.9602674025116487,-2.0287149628717165,-0.8163699790174879,5.32039021184443,0.38507459695202223,0.017235279083251953,0.06657630613552935,-0.5,0.0,1,0
1757356785.769405,5.672037745103201,-4.048896926023813,-0.8158,0.0,0.0,1.9686663087336687,-2.0235190473763143,-0.815974403626134,5.300888864952877,0.40328516814356685,0.015964984893798828,0.06648586343015568,-0.5,0.0,1,0
1757356785.8069787,5.658590581935175,-4.034461452837831,-0.8155,0.0,0.0,1.9213569916852746,-2.0169934644331997,-0.8155676568048249,5.324321410950464,0.5314436229799008,0.018563270568847656,0.06678741033628717,-0.5,0.0,1,0
1757356785.8427382,5.645491411023505,-4.02050636599679,-0.8152,0.0,0.0,1.9217588236298722,-2.01066897603623,-0.8152151481201086,5.305812911498955,0.565237894340921,0.01693284511566162,0.06675822116382141,-0.5,0.0,1,0
1757356785.8693125,5.636004278247073,-4.010403603459975,-0.8149,0.0,0.0,1.9725931500970493,-2.0054366290882486,-0.8149176836435409,5.24809803989342,0.4886369213286603,0.01418459415435791,0.06635946801278342,-0.5,0.0,1,0
1757356785.906968,5.622991130244327,-3.9968602313828296,-0.8145,0.0,0.0,1.945906273551951,-1.9989906288860537,-0.8145490104764059,5.253309575780344,0.551866086930799,0.017020702362060547,0.06648398474209113,-0.5,0.0,1,0
1757356785.935979,5.6091814861197,-3.982346613001468,-0.8141,0.0,0.0,1.9400251862275213,-1.992395505481078,-0.8141808130764545,5.2395130914628645,0.6136465018018588,0.01632678508758545,0.06647419134616907,-0.5,0.0,1,0
1757356785.9699266,5.599177107236947,-3.9718428142893694,-0.8139,0.0,0.0,1.9270312400263134,-1.986208339002252,-0.8138557201551,5.237146726279134,0.4344163495277312,0.016697287559509277,0.06651915394571133,-0.5,0.0,1,0
1757356786.0059853,5.586945369398938,-3.9587390234497835,-0.8136,0.0,0.0,1.8985082918877942,-1.9796693675856232,-0.8135246926749413,5.245738688012072,0.5080273262898675,0.017644762992858887,0.06668129529077627,-0.5,0.0,1,0
1757356786.0365024,5.576478043166377,-3.947657995838246,-0.8133,0.0,0.0,1.917709873188333,-1.9739552299631171,-0.8132324246914965,5.214052437695726,0.4874517905241207,0.01563858985900879,0.06650998462175088,-0.5,0.0,1,0
1757356786.0736263,5.5630061557937776,-3.933405802469565,-0.8129,0.0,0.0,1.9111744911171236,-1.9675351250809487,-0.8128977201332557,5.201286161738127,0.5968524835468607,0.016432642936706543,0.0665064020849964,-0.5,0.0,1,0
1757356786.1089005,5.554994036978931,-3.924816045263119,-0.8126,0.0,0.0,1.8454613941816027,-1.9611933034224078,-0.8125280019006643,5.2504792449295055,0.30010442806193677,0.01957690715789795,0.06694744481466505,-0.5,0.0,1,0
1757356786.1382582,5.543441678978656,-3.9125338639151295,-0.8122,0.0,0.0,1.9041742208117642,-1.9561179455136926,-0.8122253470870088,5.180473938789014,0.5878706406046308,0.014345169067382812,0.06650092358222763,-0.5,0.0,1,0
1757356786.1696541,5.535075171906555,-3.90364154368189,-0.812,0.0,0.0,1.9073352373372403,-1.9509224553289584,-0.8119297329891542,5.1660881634747495,0.38343122445120303,0.015923500061035156,0.06642872451039568,-0.5,0.0,1,0
1757356786.2065578,5.518897470347431,-3.8866466355600062,-0.8117,0.0,0.0,1.8823492072935204,-1.9442302263574274,-0.8116159620188254,5.166119438728644,0.684459882326343,0.01714169979095459,0.06654842671471778,-0.5,0.0,1,0
1757356786.2626579,5.503842687528542,-3.8707938084883278,-0.8114,0.0,0.0,1.8853921998320773,-1.9373214760787145,-0.8113228112069851,5.142658889493044,0.6817703876585641,0.016034960746765137,0.06647709954705326,-0.5,0.0,1,0
1757356786.2854855,5.492939934872091,-3.859320230499773,-0.8111,0.0,0.0,1.7446104283972934,-1.9291659060903597,-0.8109240461283228,5.2631820440199615,0.33795338336311975,0.023421049118041992,0.06749869541409617,-0.5,0.0,1,0
1757356786.3097506,5.484182758659171,-3.8501715525354387,-0.8109,0.0,0.0,1.9087045792384174,-1.9253059952213354,-0.8107699176274533,5.095340584715991,0.6119742227145929,0.01034843921661377,0.0662897303859386,-0.5,0.0,1,0
1757356786.354744,5.474684857543073,-3.8402098602789567,-0.8107,0.0,0.0,1.8949754013978906,-1.9197249616545604,-0.8105216666889575,5.094159342339186,0.42739026252101847,0.01610398292541504,0.06630878195175759,-0.5,0.0,1,0
1757356786.396897,5.4624533554717045,-3.827389654717852,-0.8103,0.0,0.0,1.6581638282072724,-1.9111671246057509,-0.8100656790568317,5.3126681859868,0.31573003988283366,0.028067708015441895,0.06809494290146587,-0.5,0.0,1,0
1757356786.4068427,5.451109254318929,-3.8153186363345895,-0.81,0.0,0.0,1.9123911152424853,-1.908261675356948,-0.8099472621004393,5.047202182034495,1.1612228626063659,0.0071337223052978516,0.06619239838919175,-0.5,0.0,1,0
1757356786.4386258,5.438317066890326,-3.801829765228672,-0.8097,0.0,0.0,1.9067888742680714,-1.9020893471496136,-0.8096625348987762,5.034442925945059,0.6071271320040468,0.015311837196350098,0.0661328018399916,-0.5,0.0,1,0
1757356786.4708416,5.429050780533612,-3.79206270943157,-0.8094,0.0,0.0,1.8784113983012882,-1.8961289036608036,-0.8093577757188396,5.046065853919334,0.40912243246668706,0.01645791530609131,0.06624791550422474,-0.5,0.0,1,0
1757356786.5030675,5.415667588226971,-3.778243791955555,-0.8091,0.0,0.0,1.863296178535516,-1.8898801363865643,-0.8090587198130461,5.041066966015679,0.5948235952562034,0.01617252826690674,0.06629157180460589,-0.5,0.0,1,0
1757356786.5362089,5.401660239671497,-3.763667448716994,-0.8088,0.0,0.0,1.8446040469041722,-1.8831670146536332,-0.8087553324849511,5.0385013078081,0.6129487832246096,0.016492366790771484,0.06636614941068808,-0.5,0.0,1,0
1757356786.5697882,5.391513251441058,-3.7531174824384874,-0.8085,0.0,0.0,1.829195511924008,-1.8769603285250327,-0.8084521864482971,5.038427476774208,0.4416315602916275,0.01657581329345703,0.06642928851353495,-0.5,0.0,1,0
1757356786.6052423,5.383727759351853,-3.7447118212940462,-0.8082,0.0,0.0,1.8105488194438362,-1.871410844826443,-0.8081450801704917,5.044639584872348,0.33782206854826147,0.01696336269378662,0.06652577564274102,-0.5,0.0,1,0
1757356786.6360888,5.375016246367282,-3.735530681010992,-0.8079,0.0,0.0,1.811249836787225,-1.8663895357881763,-0.8078503847352412,5.031885211340335,0.38963882696643604,0.016245722770690918,0.06649205309981507,-0.5,0.0,1,0
1757356786.670094,5.366562663154711,-3.726622994966453,-0.8078,0.0,0.0,1.8031052793136655,-1.861514322059068,-0.8076083300696554,5.027673211674146,0.3700651012592489,0.016592860221862793,0.06651768121884107,-0.5,0.0,1,0
1757356786.708587,5.3473949815117985,-3.706607993803417,-0.8075,0.0,0.0,1.7385045126572163,-1.8540850618342815,-0.8073118727489144,5.063094464377977,0.7100184134713093,0.019516706466674805,0.06694799561668197,-0.5,0.0,1,0
1757356786.741924,5.332455603215604,-3.690993890757333,-0.8073,0.0,0.0,1.7943000744417767,-1.847642883056933,-0.8071132625597146,4.98882679863978,0.7470586923187598,0.01446390151977539,0.06651821060590384,-0.5,0.0,1,0
1757356786.7701335,5.321636410692642,-3.679689789398024,-0.8072,0.0,0.0,1.7983764602881225,-1.841163341207603,-0.8069258578223496,4.9700480786289285,0.4928423089090984,0.015874862670898438,0.0664342243558858,-0.5,0.0,1,0
1757356786.8029785,5.315331869054451,-3.6731630131277835,-0.8071,0.0,0.0,1.7845750655623678,-1.8357010895968982,-0.8067563528726437,4.9739975556773794,0.27282858981943514,0.016631364822387695,0.06648283795792774,-0.5,0.0,1,0
1757356786.836002,5.307159707403188,-3.664642051155541,-0.807,0.0,0.0,1.7756223146339112,-1.830709165336669,-0.8066110780450523,4.970993907349337,0.35631261370082656,0.01656806468963623,0.06650767251912448,-0.5,0.0,1,0
1757356786.8698514,5.299228953922562,-3.6563754788031835,-0.8068,0.0,0.0,1.764736501161173,-1.8260078844942076,-0.806450787900798,4.97020607098259,0.34171705852854295,0.016764521598815918,0.06655178385497024,-0.5,0.0,1,0
1757356786.90312,5.278573693229558,-3.6348050564813437,-0.8066,0.0,0.0,1.7589579701955649,-1.8191120358780455,-0.8062851071725493,4.947113079155078,0.9040757737990668,0.016517281532287598,0.06654718950303357,-0.5,0.0,1,0
1757356786.937955,5.267256241805788,-3.6230173092115883,-0.8065,0.0,0.0,1.7510336695529702,-1.812551588287008,-0.8061400882241219,4.938865818675053,0.4914345256002575,0.016626358032226562,0.0665592398896782,-0.5,0.0,1,0
1757356786.9734848,5.252686309704879,-3.6078463846353253,-0.8064,0.0,0.0,1.74252947664012,-1.8055907150890893,-0.8060109478422824,4.926723035502663,0.6309270703125347,0.016669511795043945,0.06657323779940397,-0.5,0.0,1,0
1757356787.0068195,5.24386851442,-3.598894462509491,-0.8064,0.0,0.0,1.7056886536734654,-1.7991916538290555,-0.8059050578533694,4.950211709601358,0.34461466248848005,0.01823115348815918,0.06680154840295527,-0.5,0.0,1,0
1757356787.0358975,5.234267846688591,-3.5889873482172385,-0.8062,0.0,0.0,1.7453354905766858,-1.794075716847907,-0.805814447223213,4.898551966239023,0.46185367925969895,0.01493680477142334,0.06649107138928825,-0.5,0.0,1,0
1757356787.0704126,5.224948289876966,-3.5793781386438672,-0.8059,0.0,0.0,1.7335017441110172,-1.7886861535319802,-0.8056453437535737,4.896814741034133,0.40126036573414453,0.016684412956237793,0.06652798154743121,-0.5,0.0,1,0
1757356787.1023972,5.210975933257637,-3.5644615436348728,-0.8058,0.0,0.0,1.725603763414095,-1.7825587004601047,-0.8054999802541628,4.884821738735464,0.6165092942542982,0.016576170921325684,0.06653838205021932,-0.5,0.0,1,0
1757356787.141488,5.201509916263749,-3.5545085266754244,-0.8056,0.0,0.0,1.7176541146429234,-1.7768442533658928,-0.8053405847456088,4.879194994751668,0.4128162522057276,0.01663827896118164,0.0665541536852248,-0.5,0.0,1,0
1757356787.2098534,5.192324887410588,-3.544851166783817,-0.8054,0.0,0.0,1.6582629093293988,-1.7708504122898179,-0.8051415056370966,4.925163005556686,0.3436222553379836,0.01939523220062256,0.06695460284087829,-0.5,0.0,1,0
1757356787.214414,5.17623629369007,-3.5280779047515267,-0.8053,0.0,0.0,1.6281086164670318,-1.764062070369143,-0.8049792189996969,4.933801167241522,0.6112029700478067,0.019013404846191406,0.06716970263841704,-0.5,0.0,1,0
1757356787.2363374,5.165896974550759,-3.517276487852245,-0.805,0.0,0.0,1.7547451830617111,-1.759498997460692,-0.8048612220672594,4.795379512041068,0.6570154175253516,0.011381268501281738,0.06623511874502758,-0.5,0.0,1,0
1757356787.27316,5.152584508814135,-3.503375854757279,-0.8046,0.0,0.0,1.726067468615387,-1.752856828952653,-0.8046046040412095,4.8033580423690845,0.5773388380328737,0.016672372817993164,0.06634844049584385,-0.5,0.0,1,0
1757356787.3032932,5.1452675573369255,-3.4961397181524987,-0.8044,0.0,0.0,1.7077577089575695,-1.7473443706289749,-0.8043651096402277,4.810517101930534,0.309755813078608,0.016614198684692383,0.06642042299580236,-0.5,0.0,1,0
1757356787.339818,5.132175202879198,-3.4827463452948435,-0.8042,0.0,0.0,1.663306070919373,-1.7410423287138586,-0.8041204508971885,4.835607059032295,0.5144757293325005,0.0182034969329834,0.06669005831812441,-0.5,0.0,1,0
1757356787.3698978,5.122690952897935,-3.47305534198229,-0.8039,0.0,0.0,1.6967561005561846,-1.7360071895614575,-0.8038949000745964,4.789811609311233,0.45263835546109277,0.014982223510742188,0.06642454304370891,-0.5,0.0,1,0
1757356787.4062128,5.10797074591704,-3.457314382300955,-0.8034,0.0,0.0,1.6701475609440553,-1.7294146033370092,-0.8035647376924702,4.794902678711348,0.6250770485248036,0.017243623733520508,0.06655924628206403,-0.5,0.0,1,0
1757356787.440375,5.098102982140003,-3.4469614778085993,-0.8032,0.0,0.0,1.6540868021834316,-1.7233681082394143,-0.8032722624094595,4.796870420103168,0.4172682995264531,0.017139673233032227,0.06663603851806672,-0.5,0.0,1,0
1757356787.4699411,5.088527906956081,-3.436916619113868,-0.8029,0.0,0.0,1.671181838908835,-1.7180379440430515,-0.8029931899078523,4.766659367834706,0.4434250009962599,0.015651583671569824,0.0664811049688349,-0.5,0.0,1,0
1757356787.5032022,5.071001222996655,-3.41878796838451,-0.8026,0.0,0.0,1.6614945460633403,-1.7111313025548591,-0.8026979681446407,4.751748504602021,0.7642277719642702,0.016498684883117676,0.06649530266536105,-0.5,0.0,1,0
1757356787.5433302,5.059974784776943,-3.4073395980217533,-0.8023,0.0,0.0,1.6491197152318433,-1.7046041386600825,-0.802398139515644,4.748438670484906,0.4756698380322883,0.016710877418518066,0.06653466940751496,-0.5,0.0,1,0
1757356787.5737364,5.045780931785037,-3.3926093552134478,-0.8019,0.0,0.0,1.6404981529311333,-1.6977781040570128,-0.8020691099122789,4.737124438424293,0.6155307584621289,0.01661968231201172,0.06654872188392563,-0.5,0.0,1,0
1757356787.6068606,5.034950580624956,-3.3817779173202975,-0.8015,0.0,0.0,1.5982018580724282,-1.6910578074495761,-0.8016972433406733,4.7647623996926844,0.4155930087522944,0.01843440532684326,0.06681251755950221,-0.5,0.0,1,0
1757356787.6405635,5.024750065068585,-3.3713721706469406,-0.8012,0.0,0.0,1.6301099170355156,-1.685593880706354,-0.8013791985063888,4.7181900611006835,0.47416626876359735,0.01536870002746582,0.06655628399881094,-0.5,0.0,1,0
1757356787.6702526,5.0148472958954615,-3.3612804784105594,-0.8009,0.0,0.0,1.6293736160050125,-1.6800794306346685,-0.8010545703765724,4.705097644631756,0.4339929351456584,0.016292929649353027,0.06651604218180614,-0.5,0.0,1,0
1757356787.7030475,5.002027860970499,-3.3476290078587763,-0.8005,0.0,0.0,1.6232998793898292,-1.6740482606960354,-0.8007048570154633,4.693072952010708,0.5695773379785746,0.01644313335418701,0.06651060652136166,-0.5,0.0,1,0
1757356787.7368495,4.992765206589913,-3.3379692324901553,-0.8002,0.0,0.0,1.6139521615224863,-1.6684221173347529,-0.8003657302776848,4.689352024782119,0.40247299193224667,0.01663029193878174,0.06653330250645871,-0.5,0.0,1,0
1757356787.7697718,4.983774606207241,-3.3285951000059444,-0.7998,0.0,0.0,1.607361726043945,-1.6631634683210141,-0.8000079045313567,4.683304283125745,0.3918967104553951,0.016579389572143555,0.06654178946044999,-0.5,0.0,1,0
1757356787.817582,4.9636887099514775,-3.3080286840938267,-0.7993,0.0,0.0,1.4763201825428736,-1.654593290672653,-0.7995293872539839,4.795643808564179,0.6240511049994097,0.023036479949951172,0.06748727296845058,-0.5,0.0,1,0
1757356787.8548403,4.9523536824748655,-3.2963759677962767,-0.799,0.0,0.0,1.5786965119906147,-1.6491700278542671,-0.7992137054115207,4.6686265817844514,0.6001817243964442,0.01354515552520752,0.06671784487189221,-0.5,0.0,1,0
1757356787.8740864,4.941352647907147,-3.2850723527987298,-0.7988,0.0,0.0,1.6461503818408176,-1.6437530977417278,-0.7989359620887252,4.586867869647706,0.6006736243089336,0.013130664825439453,0.06618988932622073,-0.5,0.0,1,0
1757356787.9073505,4.935974124946521,-3.2795776693476655,-0.7986,0.0,0.0,1.5826654196333196,-1.638129504773796,-0.7986160263304585,4.641371339333624,0.20868169989056629,0.018428921699523926,0.06655502656611532,-0.5,0.0,1,0
1757356787.9381924,4.925225255823991,-3.268545418881155,-0.7981,0.0,0.0,1.5986065136830365,-1.633217945052895,-0.7982786665711524,4.610388622592754,0.49716487462628145,0.015498876571655273,0.06640443650769223,-0.5,0.0,1,0
1757356787.9705572,4.917438114665846,-3.2605593581390617,-0.7978,0.0,0.0,1.5899776039856812,-1.6284695212982534,-0.7979405572642715,4.608059839346907,0.34144210884695253,0.016339898109436035,0.06641988091780304,-0.5,0.0,1,0
1757356788.0032265,4.89657094701017,-3.2391237451040373,-0.7974,0.0,0.0,1.5806416857790673,-1.6215173365409623,-0.7975833161465461,4.58838990237209,0.916176347401207,0.016327619552612305,0.0664299493284122,-0.5,0.0,1,0
1757356788.0366018,4.8853602850944755,-3.2276425159972977,-0.7972,0.0,0.0,1.5676111910020794,-1.6149460037463526,-0.7972673712100047,4.585793607757782,0.4840920404928947,0.016575336456298828,0.06647156174553742,-0.5,0.0,1,0
1757356788.0705938,4.874480173581154,-3.216504538547068,-0.7969,0.0,0.0,1.5574310657787551,-1.6087408387882145,-0.7969555444006221,4.580868326492072,0.46989558343208043,0.0165708065032959,0.0664995899944164,-0.5,0.0,1,0
1757356788.1064334,4.861292447842139,-3.2034252579836586,-0.7965,0.0,0.0,1.5189048871991893,-1.6020625928021368,-0.7965982391399015,4.602493870383688,0.5129245642565433,0.018109917640686035,0.0667329846660411,-0.5,0.0,1,0
1757356788.1367025,4.851435934379381,-3.1935037694876987,-0.796,0.0,0.0,1.5514647605377392,-1.5966901438082177,-0.7962353829585774,4.554891792170222,0.4623209292151645,0.015134692192077637,0.06647375939113226,-0.5,0.0,1,0
1757356788.1735947,4.841865391570199,-3.183883555752999,-0.7957,0.0,0.0,1.5395740595351897,-1.591189429724472,-0.7958699886310416,4.5536501299629455,0.4076184813854399,0.016649484634399414,0.06651141498914943,-0.5,0.0,1,0
1757356788.2065945,4.832679210390449,-3.1740394765450337,-0.7954,0.0,0.0,1.4971748480100802,-1.5855285714980516,-0.7955002170765461,4.58503130567367,0.36644162585745627,0.018376469612121582,0.06677850936472617,-0.5,0.0,1,0
1757356788.2384439,4.8207769002731835,-3.16172892858794,-0.7951,0.0,0.0,1.518988600475931,-1.5802651408623745,-0.7951823595772676,4.545168454714952,0.5411131230770974,0.01582491397857666,0.06659752688212901,-0.5,0.0,1,0
1757356788.2700994,4.812159243430115,-3.152816009198485,-0.7947,0.0,0.0,1.5361638480334552,-1.5753744773352871,-0.794843749977226,4.5152817679636845,0.39954367795053364,0.015522956848144531,0.06643808611801512,-0.5,0.0,1,0
1757356788.303257,4.792883167417242,-3.1332556432601857,-0.7944,0.0,0.0,1.518190545684666,-1.5683935491446963,-0.7944991467044608,4.506872009394601,0.8185020498052424,0.0167769193649292,0.06650467103838462,-0.5,0.0,1,0
1757356788.3358498,4.781549650503676,-3.1217084653837985,-0.7941,0.0,0.0,1.5156371939742237,-1.5619729448026405,-0.7941738763750746,4.493577162575028,0.4988106643789801,0.016221165657043457,0.06647396011785371,-0.5,0.0,1,0
1757356788.369911,4.770550224332037,-3.1105066153728482,-0.7939,0.0,0.0,1.501156559531374,-1.5557285697919163,-0.7938776166785623,4.493143454790941,0.4683019366423735,0.01676332950592041,0.06652850383974268,-0.5,0.0,1,0
1757356788.405736,4.7551447284335975,-3.095060353985328,-0.7935,0.0,0.0,1.462903554786345,-1.5486220063337255,-0.7935334631193284,4.51225142298761,0.6015581408509681,0.018135547637939453,0.06675717827232977,-0.5,0.0,1,0
1757356788.436859,4.744392482589673,-3.0842221997561134,-0.7932,0.0,0.0,1.4936432839996083,-1.5427807963624187,-0.7932390467583842,4.464404289160836,0.5003056409875412,0.015260457992553711,0.06650697080475645,-0.5,0.0,1,0
1757356788.4736161,4.733954812967214,-3.073711064098431,-0.7928,0.0,0.0,1.4867322666922194,-1.5368860102967996,-0.7928979955054544,4.456959159938327,0.4502795142619432,0.01645481586456299,0.066507096044719,-0.5,0.0,1,0
1757356788.507351,4.725628051264854,-3.0650185167948623,-0.7926,0.0,0.0,1.4346123041116101,-1.5310365602004632,-0.7925664011210112,4.501175854283907,0.3193693283730378,0.018847942352294922,0.06684283786204018,-0.5,0.0,1,0
1757356788.537912,4.713678256389948,-3.0528035110260388,-0.7922,0.0,0.0,1.4776739307443696,-1.525984238610497,-0.7922661814963301,4.437884006385778,0.5735576979808213,0.014900684356689453,0.06651136192088833,-0.5,0.0,1,0
1757356788.5696316,4.705024685145213,-3.0439610539568194,-0.7919,0.0,0.0,1.477741734463024,-1.5208953645545467,-0.791949482230808,4.425580345536307,0.3834894257265012,0.01613593101501465,0.06646510970612657,-0.5,0.0,1,0
1757356788.6067898,4.685532234754518,-3.024261518292187,-0.7914,0.0,0.0,1.4322457017723909,-1.5135623374995544,-0.7915504584606812,4.4469416797801,0.7578284496867184,0.01828765869140625,0.0667332225276623,-0.5,0.0,1,0
1757356788.6361203,4.674220382535946,-3.01281425389425,-0.7911,0.0,0.0,1.4676576811133892,-1.5075674997787751,-0.7912231349228437,4.393047649398123,0.5388833447197554,0.014934778213500977,0.06644614691683874,-0.5,0.0,1,0
1757356788.6716404,4.6632416071712655,-3.0017097332631786,-0.7909,0.0,0.0,1.43411574218861,-1.501124684478321,-0.7908964388361378,4.413289075423962,0.4426407269869404,0.01764047145843506,0.06662911497402793,-0.5,0.0,1,0
1757356788.7060893,4.654323262138711,-2.9927383628875543,-0.7905,0.0,0.0,1.4526388932496297,-1.4958771629694652,-0.7905758622174325,4.380862509854448,0.4069582018773924,0.015549898147583008,0.06646306680128296,-0.5,0.0,1,0
1757356788.735906,4.646120629344895,-2.984459420020183,-0.7902,0.0,0.0,1.4421154279192483,-1.4908198344118786,-0.790247218006565,4.38045518616251,0.3518103193998988,0.016568899154663086,0.06649331612977717,-0.5,0.0,1,0
1757356788.7707884,4.638159442694582,-2.976428825467472,-0.79,0.0,0.0,1.422739769333536,-1.4860352637361878,-0.7899481145249285,4.390065643910264,0.32969343946893936,0.017151951789855957,0.06659470049818393,-0.5,0.0,1,0
1757356788.8281758,4.621162007674579,-2.9592389369187657,-0.7897,0.0,0.0,1.391288779259166,-1.479658247181391,-0.7896379034897834,4.4007619545596945,0.6709202672219634,0.018017292022705078,0.0667844417447478,-0.5,0.0,1,0
1757356788.8394666,4.605051942078635,-2.943007342584939,-0.7894,0.0,0.0,1.4260178286616423,-1.4732803156793444,-0.7893695679619172,4.340040589634395,0.7573641276889566,0.015099167823791504,0.0665012646260918,-0.5,0.0,1,0
1757356788.8725438,4.5939524472521365,-2.9318302580843087,-0.7892,0.0,0.0,1.3978306546368855,-1.4666473186106697,-0.7890898663794144,4.354926625977649,0.4497802515380714,0.017512202262878418,0.06664816120961524,-0.5,0.0,1,0
1757356788.9028223,4.584447863147596,-2.922538067150762,-0.789,0.0,0.0,1.4222073662610741,-1.4612459457048337,-0.7888635317063798,4.315135993880058,0.43498202377535744,0.015280723571777344,0.06643826627737981,-0.5,0.0,1,0
1757356788.952919,4.57128002990751,-2.909448593446876,-0.7885,0.0,0.0,1.3760099584211583,-1.4547526510902147,-0.7885192164419585,4.347074646770355,0.5080081297007284,0.018280744552612305,0.06671342466789605,-0.5,0.0,1,0
1757356788.9735677,4.561739826504411,-2.8999780891760616,-0.7882,0.0,0.0,1.3976291601527862,-1.4495024271438703,-0.7882221052016345,4.309743312799835,0.4298730892101325,0.015639543533325195,0.06652952001127828,-0.5,0.0,1,0
1757356789.0028315,4.549059909872009,-2.886759369227193,-0.788,0.0,0.0,1.403651142418675,-1.4437011722713227,-0.7879502819462806,4.285197023771754,0.5773710126954076,0.015863418579101562,0.06644007395013242,-0.5,0.0,1,0
1757356789.0382044,4.538658436379332,-2.876186109016745,-0.7878,0.0,0.0,1.3825261031954552,-1.4378335511107125,-0.7876849086760301,4.29341460006074,0.4358047017215544,0.01701819896697998,0.06653948397549378,-0.5,0.0,1,0
1757356789.0750964,4.525267369890441,-2.8625738687728024,-0.7875,0.0,0.0,1.3848160420762312,-1.43182236423875,-0.7874222365889002,4.271971965809607,0.5929258507940681,0.01610422134399414,0.06648097882030575,-0.5,0.0,1,0
1757356789.1067755,4.511981255060155,-2.8492976955150753,-0.7871,0.0,0.0,1.3322388639006635,-1.4249850460746938,-0.787085886542427,4.31199081731722,0.5008635465466095,0.018754243850708008,0.06681165259842856,-0.5,0.0,1,0
1757356789.1417727,4.497557585496589,-2.8347808021920278,-0.7867,0.0,0.0,1.3277318033257082,-1.4183241400932047,-0.7867504423993579,4.296649793232762,0.5936243772028515,0.017239928245544434,0.06681796455696751,-0.5,0.0,1,0
1757356789.1703603,4.48711122422297,-2.8242726859349925,-0.7864,0.0,0.0,1.3780538449607262,-1.4128142744110408,-0.786461734466852,4.225627180227247,0.5145033118892113,0.014402389526367188,0.06642612477671811,-0.5,0.0,1,0
1757356789.2028434,4.475051964504943,-2.8124805459876048,-0.7861,0.0,0.0,1.3707044674395081,-1.4067554548348626,-0.7861459220057659,4.216681227714535,0.5205683049284588,0.016202688217163086,0.06641661198374903,-0.5,0.0,1,0
1757356789.235915,4.460973384125024,-2.7985226805597545,-0.7857,0.0,0.0,1.3565402421299557,-1.400275406269683,-0.7858006994166833,4.212374055381112,0.5993627112674225,0.016541719436645508,0.06645801420665734,-0.5,0.0,1,0
1757356789.2696707,4.450773060462253,-2.7884204113723805,-0.7855,0.0,0.0,1.344192983005236,-1.3943031765835217,-0.7854960499925654,4.211590827365802,0.4319847158230905,0.01661825180053711,0.06649729811957135,-0.5,0.0,1,0
1757356789.304142,4.443332574861638,-2.7806965556459953,-0.7852,0.0,0.0,1.3325871260295918,-1.3890888460038877,-0.7851911178629613,4.2138481906027865,0.32032007801689394,0.016747117042541504,0.06654186467098955,-0.5,0.0,1,0
1757356789.3360248,4.431980483738303,-2.769257014508156,-0.7848,0.0,0.0,1.3281437657855193,-1.3837530867363257,-0.7848616769216052,4.202730668545664,0.48856366818986185,0.016498565673828125,0.06653751600519343,-0.5,0.0,1,0
1757356789.3724995,4.423759156180513,-2.7609749722664145,-0.7845,0.0,0.0,1.296566238219463,-1.3785606936140922,-0.7845218903374711,4.226998080285242,0.3259584170491552,0.017906546592712402,0.06673088542910915,-0.5,0.0,1,0
1757356789.4030683,4.407171397484021,-2.744473044910931,-0.7842,0.0,0.0,1.323958860111037,-1.3728078689973495,-0.7842268421683237,4.172377770681814,0.7616224394156432,0.015361905097961426,0.0665040801961143,-0.5,0.0,1,0
1757356789.4374785,4.391705792655043,-2.729061078932373,-0.7838,0.0,0.0,1.299623973119674,-1.3658932519912974,-0.7838753827288711,4.178000488082101,0.6309959408965091,0.017303943634033203,0.06662258880665245,-0.5,0.0,1,0
1757356789.469737,4.384200298624228,-2.7215870536976556,-0.7835,0.0,0.0,1.3087358964218985,-1.360442100732864,-0.7835554576324333,4.156907534036217,0.3311316011065392,0.01600027084350586,0.0665211684984303,-0.5,0.0,1,0
1757356789.5028481,4.3707810360348525,-2.708495164292528,-0.783,0.0,0.0,1.2989308509428907,-1.3544439290782353,-0.7831738448446015,4.149088536299124,0.5633349887018347,0.01664578914642334,0.0665430910894943,-0.5,0.0,1,0
1757356789.536011,4.3574605314210455,-2.69540879495973,-0.7827,0.0,0.0,1.2931351075466009,-1.3482749277014223,-0.7828165312910337,4.1368430640839415,0.5659403759251084,0.016499638557434082,0.06653788804545029,-0.5,0.0,1,0
1757356789.572223,4.347810745741355,-2.6859394413465343,-0.7824,0.0,0.0,1.2856482417907025,-1.342614654292192,-0.7824736321046784,4.131674066185631,0.40732215527989507,0.01660013198852539,0.06654850572519042,-0.5,0.0,1,0
1757356789.6033878,4.335279134972483,-2.6730379213604083,-0.7821,0.0,0.0,1.2785862017325935,-1.3366637472476288,-0.7821426240392794,4.121826519111682,0.5417704580049547,0.01660144329071045,0.06655590701222629,-0.5,0.0,1,0
1757356789.636984,4.321352731331058,-2.6590397353232644,-0.7816,0.0,0.0,1.2695563830901784,-1.3302992470032653,-0.7817603474456122,4.112390673202358,0.591200798261348,0.016705036163330078,0.06657520549144208,-0.5,0.0,1,0
1757356789.674118,4.311266644382234,-2.648905516565877,-0.7812,0.0,0.0,1.2623819560619673,-1.3244166762558902,-0.7813716462473919,4.106252630071044,0.42851842518469924,0.016689538955688477,0.06658581466609778,-0.5,0.0,1,0
1757356789.7067885,4.298062625047011,-2.635870893796249,-0.7809,0.0,0.0,1.220269979590256,-1.3178940733238145,-0.7809824876773497,4.137185747787623,0.5010680764843752,0.01851677894592285,0.06684985247527242,-0.5,0.0,1,0
1757356789.740691,4.28346611336225,-2.6213615758064868,-0.7805,0.0,0.0,1.2469282176184118,-1.3117224913211194,-0.7806275682202541,4.084759330193147,0.6551382862049997,0.01571035385131836,0.06662740069892903,-0.5,0.0,1,0
1757356789.770026,4.2728940865472955,-2.610859245707486,-0.7801,0.0,0.0,1.2649251963026615,-1.3059350110759702,-0.7802614751170911,4.04889679613832,0.48094781532598546,0.015497803688049316,0.06645348990519412,-0.5,0.0,1,0
1757356789.8029332,4.263144817195724,-2.6013313240129543,-0.7798,0.0,0.0,1.2521877847678957,-1.3002819017749516,-0.7798982813390525,4.049648820999229,0.41083514991464687,0.016594529151916504,0.06648927632184942,-0.5,0.0,1,0
1757356789.8364558,4.2495917505963146,-2.587976308550332,-0.7793,0.0,0.0,1.2411521468493945,-1.294246158229466,-0.7794938261985455,4.043195701822941,0.5726169898586481,0.016620159149169922,0.06651769600209836,-0.5,0.0,1,0
1757356789.8704078,4.240251401155104,-2.57878105539355,-0.779,0.0,0.0,1.2282737446593641,-1.288697317743121,-0.7791151664236277,4.04489867565844,0.38932172903874107,0.016837596893310547,0.06656710632523291,-0.5,0.0,1,0
1757356789.9029787,4.2279500432088755,-2.566501388735669,-0.7788,0.0,0.0,1.2261200887572468,-1.2830272983588291,-0.7787935846684233,4.0298769208962995,0.5292106853857643,0.01642310619354248,0.06654286278392729,-0.5,0.0,1,0
1757356789.9362972,4.217812793151277,-2.5564663308668094,-0.7786,0.0,0.0,1.2138220737167418,-1.2775015838079924,-0.7785012598699431,4.029872741721002,0.4224706716737834,0.016883492469787598,0.06659040431840535,-0.5,0.0,1,0
1757356789.9743557,4.204760135315682,-2.5435505282969357,-0.7782,0.0,0.0,1.2124960024767166,-1.27173340435839,-0.7781844203365682,4.012843576436117,0.5585680037155091,0.0164412260055542,0.06656073378286008,-0.5,0.0,1,0
1757356790.0077891,4.191038916024446,-2.530235309813487,-0.778,0.0,0.0,1.1686265505198712,-1.2651729540011096,-0.7778731281299043,4.046145754930635,0.5158531488845457,0.01853322982788086,0.06683422343390807,-0.5,0.0,1,0
1757356790.0408323,4.176565313951385,-2.5160830049737837,-0.7777,0.0,0.0,1.177250033132356,-1.2588451632931017,-0.7775929167218631,4.014938992944915,0.6094188234393563,0.016610145568847656,0.066742640578693,-0.5,0.0,1,0
1757356790.0702798,4.166080700995326,-2.505839542489837,-0.7775,0.0,0.0,1.2188463407953471,-1.2534009244788678,-0.7773641334376794,3.950627000535883,0.5010319608323602,0.014629125595092773,0.0664087753287189,-0.5,0.0,1,0
1757356790.102919,4.158137232029238,-2.4977680881646473,-0.7773,0.0,0.0,1.2031300231060538,-1.2480352284494554,-0.7771174619574345,3.957487434873788,0.3406081101461426,0.016626715660095215,0.06646251092067477,-0.5,0.0,1,0
1757356790.139925,4.1462182597400306,-2.485958597738234,-0.777,0.0,0.0,1.1928308316912806,-1.2424967763556511,-0.7768580444127974,3.952632494536444,0.5074061437797129,0.016536474227905273,0.0664875912519928,-0.5,0.0,1,0
1757356790.174852,4.1375886579172025,-2.477410347236831,-0.7768,0.0,0.0,1.140423171339627,-1.2369306087041336,-0.7765866817780578,4.003817685774257,0.32249717497590624,0.018834829330444336,0.06682629830859917,-0.5,0.0,1,0
1757356790.220205,4.120422327252457,-2.460585508479686,-0.7765,0.0,0.0,1.0325884500024176,-1.2294660448669192,-0.7762582965355102,4.120094556956672,0.5284172678172866,0.022745728492736816,0.06764586782203273,-0.5,0.0,1,0
1757356790.2356153,4.108834197752681,-2.449201846555438,-0.7763,0.0,0.0,1.2468441251017568,-1.2258660614321402,-0.7761615810992513,3.838371056237748,0.9934547283656127,0.008176207542419434,0.06608705437128953,-0.5,0.0,1,0
1757356790.2692478,4.093912807668339,-2.4345505752236494,-0.7761,0.0,0.0,1.2077122752666174,-1.2190032993111641,-0.77592293587304,3.861291965394174,0.6266915611603279,0.016685128211975098,0.06624542629547128,-0.5,0.0,1,0
1757356790.3134756,4.086169867321789,-2.4270582793990387,-0.7758,0.0,0.0,1.1131647569171106,-1.21250213823503,-0.775621956943998,3.963881986799393,0.2661866550927197,0.020246267318725586,0.06685132121251706,-0.5,0.0,1,0
1757356790.3376226,4.073829421242507,-2.415002580766581,-0.7755,0.0,0.0,1.180138153191424,-1.207620369725829,-0.7754074923589261,3.8648192785377447,0.6283794514240914,0.013729333877563477,0.06635414584358303,-0.5,0.0,1,0
1757356790.369212,4.064892498732666,-2.406278556753869,-0.7753,0.0,0.0,1.1771108763557367,-1.202464213431092,-0.7751703150598936,3.8556023705341964,0.39399953781074,0.015851140022277832,0.06631922205266405,-0.5,0.0,1,0
1757356790.4052138,4.049079799832957,-2.390676111227728,-0.7751,0.0,0.0,1.156373000598673,-1.1961575415810877,-0.7749349496628941,3.8576553844858847,0.6675566099400522,0.016639232635498047,0.06640413220097398,-0.5,0.0,1,0
1757356790.4359717,4.033933684277252,-2.3758310265138447,-0.7748,0.0,0.0,1.1418563393669914,-1.1894442711150388,-0.7746830393116177,3.85348570307774,0.6399078234313117,0.01657283306121826,0.0664538677746194,-0.5,0.0,1,0
1757356790.470378,4.022964566050385,-2.3650851960218686,-0.7746,0.0,0.0,1.1185857873052525,-1.1830798217599776,-0.7744394747116946,3.8660833032386135,0.44645267982704756,0.017198801040649414,0.0665741498824812,-0.5,0.0,1,0
1757356790.5028524,4.013070766781009,-2.355352076734712,-0.7743,0.0,0.0,1.1245444003216167,-1.1775194186338023,-0.7741951116110091,3.844557658923979,0.43197495197253705,0.016068100929260254,0.06649872105631544,-0.5,0.0,1,0
1757356790.5360324,4.003070521305474,-2.3455418689902854,-0.7741,0.0,0.0,1.1156764156753975,-1.1720878136151858,-0.7739579299634864,3.8410419953531507,0.42199601667475967,0.01659989356994629,0.06652203013737083,-0.5,0.0,1,0
1757356790.5696425,3.9901925820297,-2.332912919686175,-0.7738,0.0,0.0,1.1075447435356698,-1.1663316646444752,-0.7737035015825048,3.8325999412416962,0.5430288763223657,0.016610026359558105,0.0665393887379703,-0.5,0.0,1,0
1757356790.6065395,3.9787589699192027,-2.3220978690135365,-0.7736,0.0,0.0,1.0601606038809037,-1.160249959885071,-0.7734401985988888,3.875941659694056,0.42094762380947265,0.018695354461669922,0.0668439203657395,-0.5,0.0,1,0
1757356790.645158,3.9655274805613825,-2.309376550893844,-0.7732,0.0,0.0,1.0684924066096886,-1.1545114129223484,-0.7731630309167821,3.8463003108070977,0.5498869961112297,0.016693711280822754,0.06676169397543188,-0.5,0.0,1,0
1757356790.6698043,3.955940979441367,-2.300170971497385,-0.773,0.0,0.0,1.112926323834352,-1.1496646915964175,-0.772934989666395,3.7773126767917145,0.4562593890905197,0.014566540718078613,0.06641301123332406,-0.5,0.0,1,0
1757356790.702815,3.9442149630063916,-2.2882057132291456,-0.7728,0.0,0.0,1.097174747139726,-1.1439487371904027,-0.7726903107437365,3.779591563006355,0.5040538310391667,0.016619563102722168,0.06646496819709095,-0.5,0.0,1,0
1757356790.736173,3.930857788345693,-2.2749919096146605,-0.7725,0.0,0.0,1.0863955064702726,-1.1379212401909786,-0.7724314295056394,3.7737112660756873,0.5681206950080113,0.016538023948669434,0.06649000721466637,-0.5,0.0,1,0
1757356790.7699504,3.9243780230647185,-2.2685811979362125,-0.7724,0.0,0.0,1.0781101703627867,-1.132938887483132,-0.7722194688127983,3.7745735663412114,0.2753696130877221,0.016551613807678223,0.0665093329932735,-0.5,0.0,1,0
1757356790.819349,3.905526069252661,-2.2503038805306046,-0.7721,0.0,0.0,1.0196080894812416,-1.1258537033670706,-0.7719523319215015,3.822382306724314,0.6860841087354875,0.019137024879455566,0.06688585182473591,-0.5,0.0,1,0
1757356790.8361712,3.8935616275515113,-2.2386452739136318,-0.7719,0.0,0.0,1.0801897706493488,-1.1203374967812414,-0.7717668122280974,3.7280647952961115,0.5927707906465535,0.014091968536376953,0.06642801997040683,-0.5,0.0,1,0
1757356790.8695333,3.8786615259362867,-2.2241316505368602,-0.7716,0.0,0.0,1.0635763149287822,-1.113603016745346,-0.7715179960413097,3.7273145225846838,0.6242796192358882,0.01666128635406494,0.06648130560222329,-0.5,0.0,1,0
1757356790.9043422,3.871987603475237,-2.2177547751894724,-0.7715,0.0,0.0,1.0521072247629153,-1.108178629038958,-0.7713135596999713,3.732011941517268,0.2771614579639526,0.01665318012237549,0.06651708432186301,-0.5,0.0,1,0
1757356790.9443083,3.863190429275156,-2.2092321803878936,-0.7714,0.0,0.0,0.966014770323571,-1.1023184757048208,-0.771094940989873,3.832215329706284,0.2961243283361869,0.02068197727203369,0.06711566771731486,-0.5,0.0,1,0
1757356790.9695625,3.854652908214116,-2.2009647054866215,-0.7712,0.0,0.0,1.070302772262608,-1.0988896351702166,-0.7709786508667741,3.684598616285488,0.4731920915819238,0.01255953311920166,0.06636117871877503,-0.5,0.0,1,0
1757356791.0027072,3.8357897141063857,-2.1824472846784846,-0.771,0.0,0.0,1.0511820934519294,-1.092428205229218,-0.7707928808885238,3.6813362883581866,0.797216745090415,0.01657891273498535,0.06642326415431585,-0.5,0.0,1,0
1757356791.036149,3.82468329081143,-2.1716126339657014,-0.7709,0.0,0.0,1.0365468319152358,-1.0863398782198253,-0.7706337247440975,3.6837003463765012,0.4671670269462658,0.016606688499450684,0.0664707686103098,-0.5,0.0,1,0
1757356791.0695775,3.8103846834673125,-2.157666610284866,-0.7706,0.0,0.0,1.0252013278489442,-1.0799237983550194,-0.7704360288740862,3.677528097288476,0.6023284516647955,0.016582131385803223,0.0665002319336695,-0.5,0.0,1,0
1757356791.115767,3.7988769063577648,-2.146855673868961,-0.7704,0.0,0.0,0.9820727452136164,-1.07349102636923,-0.7702197061089858,3.7169337417692647,0.43050950093053075,0.01833951473236084,0.06676544963800778,-0.5,0.0,1,0
1757356791.148804,3.788372347786974,-2.136783572740681,-0.7704,0.0,0.0,0.9916068629294429,-1.0679988299796563,-0.7700898926213267,3.6892232152570363,0.4431066886794545,0.01642167568206787,0.06667188549565498,-0.5,0.0,1,0
1757356791.1739023,3.774844950381911,-2.1238229457383038,-0.7701,0.0,0.0,1.0107679580351303,-1.0623224593234488,-0.7699216748693258,3.645020649581025,0.6006465268028776,0.015596985816955566,0.06649579724644601,-0.5,0.0,1,0
1757356791.2067487,3.7649695796361664,-2.1137828160493286,-0.7699,0.0,0.0,0.971483268796453,-1.0563370950631463,-0.7697185174245244,3.6816700462416754,0.38868933804485284,0.018117666244506836,0.06672849872530912,-0.5,0.0,1,0
1757356791.2374306,3.755432332737011,-2.104426428353536,-0.7697,0.0,0.0,0.9987892972639631,-1.0514376835281989,-0.7695470931576122,3.6321994785377965,0.43390791410147783,0.015397191047668457,0.06650475986726734,-0.5,0.0,1,0
1757356791.2702377,3.7461790271845365,-2.095347844810944,-0.7695,0.0,0.0,1.004687734266898,-1.0465825561836235,-0.7693637692196869,3.6112454325768213,0.40936837042565616,0.015835046768188477,0.06641885358413885,-0.5,0.0,1,0
1757356791.304072,3.725695742548397,-2.0756531321784855,-0.7691,0.0,0.0,0.9820166924001,-1.0396320137836412,-0.7691062185829853,3.611106234576242,0.8373763354785796,0.016968727111816406,0.06651745493233677,-0.5,0.0,1,0
1757356791.3361626,3.7137957354698217,-2.0641549064520097,-0.7689,0.0,0.0,0.9801894028077417,-1.033276956618046,-0.7688733255954714,3.5962761361625883,0.5098971899005057,0.01622748374938965,0.06648258853202679,-0.5,0.0,1,0
1757356791.371235,3.698473825315129,-2.0493581493030906,-0.7686,0.0,0.0,0.9566795538059494,-1.0263064500422114,-0.7686104851480089,3.6049258460443925,0.61853341944832,0.017220139503479004,0.06659647943033786,-0.5,0.0,1,0
1757356791.4030344,3.692897518770435,-2.04399990335778,-0.7682,0.0,0.0,0.9637311405012333,-1.0211753547318123,-0.7683196994169582,3.587459019618352,0.24101550163897925,0.016064882278442383,0.06651289841342609,-0.5,0.0,1,0
1757356791.436054,3.684205069713663,-2.0356153147351663,-0.768,0.0,0.0,0.9560032626143548,-1.0162875050159605,-0.7680488987637379,3.5849959120264057,0.36415957510406766,0.01658463478088379,0.06652919991582333,-0.5,0.0,1,0
1757356791.4743667,3.673012337570203,-2.024825132321299,-0.7678,0.0,0.0,0.9499896296843174,-1.0112345876216158,-0.7677989028541258,3.576757692217526,0.4701103736012578,0.016536712646484375,0.06653384139989638,-0.5,0.0,1,0
1757356791.502873,3.6572011110626508,-2.009506449308333,-0.7675,0.0,0.0,0.9414636267911457,-1.0052016923890312,-0.7675332987043102,3.5652371244779593,0.6620439470608823,0.016628026962280273,0.06654976645209582,-0.5,0.0,1,0
1757356791.5365703,3.64623317142914,-1.9989276939802048,-0.7671,0.0,0.0,0.933307307977468,-0.9994341652195713,-0.7672275986017073,3.560168135453554,0.45724801553086347,0.01666879653930664,0.06656612110829081,-0.5,0.0,1,0
1757356791.57365,3.6355875629165153,-1.9886662282119438,-0.7669,0.0,0.0,0.922754143449087,-0.9938658046927629,-0.7669497492548267,3.55882681493988,0.4387855381815203,0.01685035228729248,0.06660211754503836,-0.5,0.0,1,0
1757356791.6029322,3.6195047794540733,-1.9730827553319257,-0.7665,0.0,0.0,0.9229155590567412,-0.9875818092986672,-0.7666410530045553,3.5353732369266657,0.6847164608594594,0.016355514526367188,0.06655724761366469,-0.5,0.0,1,0
1757356791.6380122,3.6085577220454366,-1.9625096914336817,-0.7662,0.0,0.0,0.9007895699598893,-0.9814368582803653,-0.7663223123713387,3.549267635221795,0.4377060014325017,0.01738870143890381,0.06667080044826834,-0.5,0.0,1,0
1757356791.6748846,3.5944651957862543,-1.9489067565551121,-0.7658,0.0,0.0,0.9171777322537958,-0.9754111490199573,-0.765997088113382,3.5067821837707918,0.6231116820749126,0.015720129013061523,0.06651415461573078,-0.5,0.0,1,0
1757356791.7225273,3.581741793989503,-1.9369189780588463,-0.7656,0.0,0.0,0.7603420821509254,-0.9675257685316064,-0.765611805506978,3.7128062178736467,0.35974545975456607,0.02429819107055664,0.0676613382650089,-0.5,0.0,1,0
1757356791.7387478,3.5707718250627303,-1.9264714337728384,-0.7652,0.0,0.0,0.9600564841248058,-0.9639745228314914,-0.7653921941306402,3.4171294192673316,0.8433268697323832,0.008984804153442383,0.0662013398892238,-0.5,0.0,1,0
1757356791.781623,3.556641962162168,-1.9130313005902364,-0.7647,0.0,0.0,0.9278304043314353,-0.9575607565785849,-0.7650035561457716,3.438369953335638,0.5843627340327784,0.016691207885742188,0.06632610418339577,-0.5,0.0,1,0
1757356791.8027215,3.547765154870089,-1.904217049474541,-0.7645,0.0,0.0,0.9077778982589153,-0.9519067285500296,-0.7646683370739152,3.4518253174340874,0.3769713466675522,0.016594290733337402,0.06640145113730554,-0.5,0.0,1,0
1757356791.8405468,3.5382332804214394,-1.8949982319907481,-0.7641,0.0,0.0,0.8776989333063595,-0.9464677311217675,-0.7643032230628033,3.4785049972225033,0.3810883922545589,0.017406225204467773,0.06656517065874507,-0.5,0.0,1,0
1757356791.8693845,3.5292878046658194,-1.8863493102663078,-0.7638,0.0,0.0,0.8890241349917636,-0.941804215540724,-0.7639740484813187,3.450122263222309,0.39408476118953506,0.015791654586791992,0.06645348809873376,-0.5,0.0,1,0
1757356791.903208,3.510611138559714,-1.8686639568957155,-0.7634,0.0,0.0,0.8757282461697976,-0.9354157635038625,-0.7636129369789579,3.441267021590872,0.773472695960165,0.01662921905517578,0.0664944536695799,-0.5,0.0,1,0
1757356791.9366562,3.4994154312339525,-1.8580128279527601,-0.7632,0.0,0.0,0.8659713393556837,-0.929423090516883,-0.763297472704312,3.4383077600432808,0.4656529533548093,0.0165940523147583,0.06651770977208003,-0.5,0.0,1,0
1757356791.969484,3.488548351803977,-1.847682163572712,-0.7629,0.0,0.0,0.8585192333018529,-0.9237442055979294,-0.7629861030302827,3.4327340255326906,0.45287683561958664,0.01655733585357666,0.066528561751872,-0.5,0.0,1,0
1757356792.002917,3.4777677503373927,-1.8372094848618998,-0.7626,0.0,0.0,0.8501742271351519,-0.9182138396002234,-0.7626763032431134,3.4285015056860626,0.4516790764310281,0.01664113998413086,0.06654760021433814,-0.5,0.0,1,0
1757356792.0362668,3.4688941668187017,-1.8286855922567409,-0.7625,0.0,0.0,0.8432479268230862,-0.9131592823156519,-0.7624272096218201,3.4251281277427186,0.3696191577504072,0.016645193099975586,0.06656097178798684,-0.5,0.0,1,0
1757356792.0729213,3.460282067125973,-1.8204138179299163,-0.7623,0.0,0.0,0.8404054777822044,-0.9084911816411484,-0.7621949863701755,3.4165034920525383,0.36216744003411755,0.016487956047058105,0.06654819307446663,-0.5,0.0,1,0
1757356792.1062186,3.4396342964595115,-1.8007114455411424,-0.7619,0.0,0.0,0.7922676717879775,-0.9014308925002071,-0.7618886647939809,3.454718659204202,0.7635575200546123,0.01869046688079834,0.066848806972801,-0.5,0.0,1,0
1757356792.1381855,3.4278923135820487,-1.7895097996150917,-0.7617,0.0,0.0,0.8203723628425719,-0.8955638962258285,-0.7616493599582091,3.3975730725930564,0.5185077038120994,0.015650033950805664,0.06661836243063482,-0.5,0.0,1,0
1757356792.1712968,3.4164975852566895,-1.778642820463733,-0.7616,0.0,0.0,0.8312185221658944,-0.8898115123475997,-0.7614489040358121,3.36583318731926,0.49690856401444455,0.015844106674194336,0.06649480223479423,-0.5,0.0,1,0
1757356792.2033627,3.4030479174559667,-1.7661767439511997,-0.7613,0.0,0.0,0.823461347349051,-0.883749720819674,-0.7612137204424394,3.3571535189395,0.5580532556252932,0.016432881355285645,0.06649447368667122,-0.5,0.0,1,0
1757356792.2373598,3.3928854390250733,-1.7566326621800181,-0.761,0.0,0.0,0.8165960431068151,-0.8781639701214725,-0.7609603530511981,3.3519215348567344,0.4243581296779964,0.016430377960205078,0.06649476668673936,-0.5,0.0,1,0
1757356792.2691252,3.3830202256338273,-1.7473778605238433,-0.7608,0.0,0.0,0.8082984451015568,-0.8729145029930221,-0.7607217422402446,3.34917881549658,0.40909905933286533,0.01653420925140381,0.06650985791105614,-0.5,0.0,1,0
1757356792.3026726,3.3684827931139623,-1.7329886408604191,-0.7604,0.0,0.0,0.7970576028130988,-0.8669113376672077,-0.7604346233534008,3.343767145473112,0.6123644673835805,0.016704440116882324,0.06654380556509673,-0.5,0.0,1,0
1757356792.3355482,3.3585925311144145,-1.7234366541209967,-0.7602,0.0,0.0,0.7906739436432485,-0.8613897566606248,-0.7601741460368687,3.3383125741610065,0.4147041523270469,0.016579627990722656,0.06654941348777987,-0.5,0.0,1,0
1757356792.3736687,3.3458621889631455,-1.711139715977198,-0.7599,0.0,0.0,0.7793544212485622,-0.8555831230630696,-0.7598993708296461,3.3358432067696047,0.5257441699179782,0.016835331916809082,0.06658854295590175,-0.5,0.0,1,0
1757356792.4030266,3.328847436457252,-1.6951716448652734,-0.7596,0.0,0.0,0.7773667396952134,-0.8490569939326948,-0.7596220360779167,3.3140242363119543,0.7106856903730486,0.016417980194091797,0.06655667347163399,-0.5,0.0,1,0
1757356792.4374852,3.3170035719083657,-1.6839249723143577,-0.7593,0.0,0.0,0.7561779838276902,-0.8426586655760332,-0.7593273341754438,3.327162267415449,0.47138567280363597,0.017327308654785156,0.0666616096300338,-0.5,0.0,1,0
1757356792.469199,3.305508689473148,-1.6730147595755533,-0.7591,0.0,0.0,0.7709889377123591,-0.836940048643943,-0.7590778703959025,3.289060484339609,0.5017314589696354,0.015794754028320312,0.06651824836469578,-0.5,0.0,1,0
1757356792.5030024,3.2972010565112493,-1.6651675784221154,-0.7587,0.0,0.0,0.7608707545013016,-0.8316946356011439,-0.7587742720441857,3.291348352263234,0.3427530718105905,0.01668083667755127,0.0665456527771448,-0.5,0.0,1,0
1757356792.5357645,3.2888620003889733,-1.657262542285735,-0.7585,0.0,0.0,0.7564959528948251,-0.8269774179171804,-0.7585024188729744,3.285421728643102,0.34819666027856394,0.01650238037109375,0.06653966305276868,-0.5,0.0,1,0
1757356792.5691907,3.280768671129638,-1.6495941180116045,-0.7583,0.0,0.0,0.7496627310507852,-0.8225751963896846,-0.7582500739509687,3.283431881397612,0.33522102307727847,0.016632437705993652,0.06655381110993576,-0.5,0.0,1,0
1757356792.6036782,3.262319218210153,-1.6320853418477528,-0.7578,0.0,0.0,0.7355848720050252,-0.8165000856340885,-0.7579217538980338,3.277099965318486,0.749791022230743,0.01696467399597168,0.06660931581177681,-0.5,0.0,1,0
1757356792.636172,3.2516354286543963,-1.6219777053752422,-0.7575,0.0,0.0,0.7334615525095117,-0.8108960668056002,-0.7576056981874616,3.264551402427665,0.44493907921302234,0.016530871391296387,0.06658576146532677,-0.5,0.0,1,0
1757356792.6736581,3.2378782174600484,-1.608971451305127,-0.7571,0.0,0.0,0.7323702988348482,-0.8049913652832869,-0.7572659091133422,3.246083000985954,0.5779781691667911,0.016381502151489258,0.06654930326218433,-0.5,0.0,1,0
1757356792.7029896,3.2221124589366634,-1.594088796268193,-0.7567,0.0,0.0,0.7231087051764382,-0.7984515972646511,-0.7569037229485442,3.236629756129621,0.6507276608676759,0.016661643981933594,0.06656384726298967,-0.5,0.0,1,0
1757356792.740143,3.210022521487922,-1.5826930805879644,-0.7565,0.0,0.0,0.6741507322860015,-0.7917563523223383,-0.7565617970499849,3.291931192353832,0.44220482309601683,0.018786907196044922,0.066872692906224,-0.5,0.0,1,0
1757356792.7758174,3.198288276489648,-1.5716394545204386,-0.7562,0.0,0.0,0.7250489892172381,-0.7864105114185066,-0.7562823602322116,3.1990643777601746,0.5543889997694809,0.0145416259765625,0.06648050377762314,-0.5,0.0,1,0
1757356792.8895793,3.187230813126548,-1.5612526893572423,-0.7558,0.0,0.0,0.578614387874394,-0.7791616505784522,-0.7558574293272858,3.4089151677129017,0.32085243705574507,0.02364957332611084,0.06753192708094437,-0.5,0.0,1,0
1757356792.918369,3.1783515951784373,-1.5529000655218372,-0.7554,0.0,0.0,0.2385531524176746,-0.7701814198991709,-0.7552715014461785,4.022539746514227,0.16051913719972147,0.03799235820770264,0.07084837244059111,-0.5,0.0,1,0
1757356792.9219587,3.1697333810184083,-1.544798383152158,-0.7552,0.0,0.0,0.4794295989462089,-0.7680609757754097,-0.7550822082575137,3.553715165603792,0.41323999564155867,0.014313817024230957,0.0687349499369597,-0.5,0.0,1,0
1757356792.9295697,3.152750997478605,-1.5287502903359238,-0.7549,0.0,0.0,0.8502493424912811,-0.7663356525662169,-0.7550084943778411,2.9643620134384236,6.635280791582432,0.0017608404159545898,0.06583973536983859,-0.5,0.0,1,0
1757356792.943124,3.1368143232766146,-1.5137597504279328,-0.7546,0.0,0.0,1.0096064307579065,-0.761788613161155,-0.7548298260753081,2.7591386813881105,2.0921447357405056,0.005229353904724121,0.06476063348870587,-0.5,0.0,1,0
1757356792.9724886,3.1252742769420716,-1.5029105492038033,-0.7544,0.0,0.0,0.8755206434734415,-0.7543947320259339,-0.754500964990781,2.8937222801173696,0.4648679719377539,0.017037510871887207,0.06529577284448702,-0.5,0.0,1,0
1757356793.0756564,3.1157990990844278,-1.4941786423266274,-0.7543,0.0,0.0,0.7705867143962397,-0.7478944458534913,-0.7542258023920744,3.0159786261963455,0.35865865185308204,0.017963409423828125,0.06582988476266029,-0.5,0.0,1,0
1757356793.1103756,3.1023935665475135,-1.4816858131576491,-0.7539,0.0,0.0,0.20254024620735045,-0.7358355681091031,-0.7535951688327167,3.9765188370521303,0.20155022777394987,0.04546916484832764,0.07070439030316392,-0.5,0.0,1,0
1757356793.1340723,3.0926828941777074,-1.47264589610442,-0.7535,0.0,0.0,0.553521465929804,-0.7343317204048279,-0.7534710980321714,3.3111646947636233,0.8084537801322897,0.008208990097045898,0.06767680726573645,-0.5,0.0,1,0
1757356793.1395557,3.074863043749389,-1.4555944411680053,-0.7531,0.0,0.0,0.6947356941530025,-0.7294801139249603,-0.75322444236155,3.0652925116778467,1.0493721853874236,0.011753201484680176,0.06654141946583651,-0.5,0.0,1,0
1757356793.14633,3.0637954443539135,-1.4451351771519834,-0.7529,0.0,0.0,0.9479024260499451,-0.7263927964888468,-0.7531000684327773,2.725948247361912,2.815400900893261,0.002704620361328125,0.06487603340440495,-0.5,0.0,1,0
1757356793.185435,3.053060103409889,-1.434991616971054,-0.7527,0.0,0.0,0.8035595737962795,-0.7193052719038641,-0.7527669923007447,2.8830994363297857,0.405214346900625,0.018226027488708496,0.06551553596632416,-0.5,0.0,1,0
1757356793.203085,3.0380788298683,-1.4209834841304227,-0.7524,0.0,0.0,0.8347409634792671,-0.7136133229150161,-0.7525215669557891,2.8223025193047544,0.8770581100468854,0.011693835258483887,0.06524394296423258,-0.5,0.0,1,0
1757356793.2501936,3.02763907142046,-1.4111798763448706,-0.7521,0.0,0.0,0.6249383165267073,-0.7057253032689517,-0.7521184614357946,3.099260637013517,0.306246717018166,0.02338707447052002,0.06649894604364825,-0.5,0.0,1,0
1757356793.2754838,3.0175072350604837,-1.4016707374247164,-0.7518,0.0,0.0,0.7562905069634264,-0.7018635465502836,-0.751909078412662,2.8950645184089394,0.7111509178870828,0.00977182388305664,0.0656302439003723,-0.5,0.0,1,0
1757356793.3077335,3.0095766036887266,-1.3943678350444677,-0.7514,0.0,0.0,0.6546844001343655,-0.6961293421699387,-0.7515319600974859,3.027718146686672,0.28376993667871964,0.019008874893188477,0.06622436157907725,-0.5,0.0,1,0
1757356793.4009566,2.998000241228181,-1.3835907279706259,-0.7509,0.0,0.0,0.6396055146843371,-0.6910711781683927,-0.7511486867656442,3.0334175073577017,0.4809766334958022,0.016450166702270508,0.06630847585027208,-0.5,0.0,1,0
1757356793.4118183,2.9896133770926907,-1.3757906497512948,-0.7506,0.0,0.0,0.34217398793475784,-0.6833249351825289,-0.7506001765097647,3.5234002671837366,0.18037391759532204,0.03175997734069824,0.068700538470728,-0.5,0.0,1,0
1757356793.4228783,2.967061641433823,-1.3546434914890684,-0.7503,0.0,0.0,0.6595700365260444,-0.6799835476136943,-0.7504465308231207,2.9595742247600865,2.8597036995276355,0.0054056644439697266,0.06627563426831211,-0.5,0.0,1,0
1757356793.439242,2.9549750872456575,-1.3433701881066904,-0.7499,0.0,0.0,0.7523504209441534,-0.6747470075688469,-0.750159737843571,2.8118432722394866,0.7893119463603211,0.010472893714904785,0.06558073877251554,-0.5,0.0,1,0
1757356793.480028,2.9432439069347303,-1.3324355488152402,-0.7496,0.0,0.0,0.6778390802247503,-0.668035298433333,-0.7497855787792634,2.89807433595356,0.4711074291035082,0.017023563385009766,0.06592973368242964,-0.5,0.0,1,0
1757356793.5875692,2.9307185027725207,-1.3210434008023688,-0.7493,0.0,0.0,0.6442909158440288,-0.6618558324894721,-0.7494413762418911,2.9287680747790144,0.5222607983134865,0.016212105751037598,0.06607882075045671,-0.5,0.0,1,0
1757356793.6090877,2.920698162259291,-1.3118130053720019,-0.749,0.0,0.0,0.10930881623061894,-0.6505846503487801,-0.748766420940356,3.8808469829185213,0.15474537781881503,0.04403066635131836,0.07073377142376047,-0.5,0.0,1,0
1757356793.6253178,2.9109691926870314,-1.302859515391562,-0.7487,0.0,0.0,0.41551417251297557,-0.6487392592516442,-0.748616159282293,3.272781152140996,0.6210276777032974,0.010647892951965332,0.0680828572116606,-0.5,0.0,1,0
1757356793.6367352,2.8965877373590287,-1.2891024562149682,-0.7483,0.0,0.0,0.6428874681737307,-0.6455390888929249,-0.7484241914660027,2.8826197925513837,1.2333982403616404,0.008069515228271484,0.06629438147902614,-0.5,0.0,1,0
1757356793.643987,2.881781759293131,-1.2752233537838769,-0.7479,0.0,0.0,0.8241676435755643,-0.6414762847450174,-0.7482040671401409,2.618796955680092,1.796112690458254,0.005650520324707031,0.0650500465663677,-0.5,0.0,1,0
1757356793.6696548,2.8710600274112945,-1.2651760789633826,-0.7476,0.0,0.0,0.7559540734184377,-0.6351549333445633,-0.7478445629277712,2.688834562573039,0.4971527516867988,0.014780879020690918,0.06526695856445705,-0.5,0.0,1,0
1757356793.7110999,2.857999448677627,-1.2531488041734393,-0.7472,0.0,0.0,0.675730706702096,-0.6285742746472278,-0.7474495915644402,2.778895363263789,0.5387573959957287,0.016481757164001465,0.06563363656694139,-0.5,0.0,1,0
1757356793.7367196,2.848281330216374,-1.2441252878254774,-0.747,0.0,0.0,0.6183741444448623,-0.622694710931973,-0.7471055832836336,2.8478256972328526,0.3968186601848994,0.01671159267425537,0.0659332024414582,-0.5,0.0,1,0
1757356793.7710845,2.838849353817089,-1.2353721334258265,-0.7466,0.0,0.0,0.5767566679618938,-0.6173286997068033,-0.7467418267805914,2.896964100135539,0.38085662966482303,0.016901373863220215,0.06617225400156816,-0.5,0.0,1,0
1757356793.8033733,2.8227047787159867,-1.220420739059438,-0.7462,0.0,0.0,0.5561646360030573,-0.6112745736321326,-0.7463718184996602,2.9054093640181944,0.6683526428632086,0.01646435260772705,0.06628123402992682,-0.5,0.0,1,0
1757356793.8367946,2.8094067760753862,-1.2081306018839693,-0.7458,0.0,0.0,0.5386754481229765,-0.605159325275826,-0.7459902243540143,2.9134225211257245,0.546813874368814,0.016561388969421387,0.06636983433663154,-0.5,0.0,1,0
1757356793.8739686,2.7938614482615525,-1.193775531509574,-0.7454,0.0,0.0,0.5245052144575166,-0.5986399783556012,-0.7456013915551805,2.913186339817979,0.6385764065156291,0.016570687294006348,0.06643211988540858,-0.5,0.0,1,0
1757356793.903186,2.788180992152944,-1.188566494547802,-0.7451,0.0,0.0,0.5168885382117238,-0.5935899721222115,-0.745238381288307,2.9168395998167016,0.23452450953403498,0.016444087028503418,0.06645755987645749,-0.5,0.0,1,0
1757356793.9384956,2.7769114374656554,-1.1781753712420586,-0.7445,0.0,0.0,0.48392655339901935,-0.588213672655899,-0.744786647572858,2.9537073028004985,0.4311830881229308,0.017789125442504883,0.06666125477508894,-0.5,0.0,1,0
1757356793.9702008,2.768747790038459,-1.1706548530993788,-0.7442,0.0,0.0,0.5030992607215944,-0.5838816571674357,-0.7444049199947644,2.910486305795703,0.3537627779645405,0.0156937837600708,0.06650607174440912,-0.5,0.0,1,0
1757356794.0139172,2.7510560463174074,-1.1542905450894634,-0.7439,0.0,0.0,0.3918256301888645,-0.5768440071469263,-0.7439610292308195,3.071606996325165,0.5498043430041639,0.021918177604675293,0.06729351407417491,-0.5,0.0,1,0
1757356794.0363529,2.7391736965051,-1.1433493223443463,-0.7436,0.0,0.0,0.5344774695651255,-0.5726576873639729,-0.7437071857017191,2.817709499731772,0.7365039198555586,0.010967493057250977,0.0662555088937008,-0.5,0.0,1,0
1757356794.0706768,2.723873942990418,-1.1292692576023853,-0.7433,0.0,0.0,0.4957382184590936,-0.5661109600621088,-0.7433541476809794,2.8568452829276363,0.6038368869000861,0.017218828201293945,0.06643880189954637,-0.5,0.0,1,0
1757356794.1030116,2.7131343538761334,-1.1197698806256018,-0.7431,0.0,0.0,0.49118755712559103,-0.5604508003317944,-0.7430603800859614,2.848431518443069,0.4449181453616469,0.01611459255218506,0.06641518041434233,-0.5,0.0,1,0
1757356794.1365967,2.7025215497829738,-1.1101764134383427,-0.7428,0.0,0.0,0.47585765905189226,-0.5550002270999947,-0.742758081430702,2.8577078845169193,0.4301286942441412,0.01663374900817871,0.06647124715203082,-0.5,0.0,1,0
1757356794.170431,2.688850441859108,-1.0978357617736405,-0.7423,0.0,0.0,0.46603881357971055,-0.5493090685663437,-0.7423999687559025,2.853779812602821,0.557869510503126,0.016512751579284668,0.0664930495181075,-0.5,0.0,1,0
1757356794.2029858,2.6804880025681865,-1.0896942399017306,-0.7422,0.0,0.0,0.4543851015087097,-0.5441776084908332,-0.7421138150990153,2.8604911208670996,0.3492222366177052,0.016710758209228516,0.06653524442387407,-0.5,0.0,1,0
1757356794.3122118,2.663078263963582,-1.0735235826910168,-0.7419,0.0,0.0,0.4252007090829887,-0.5377511829596285,-0.7418112869813477,2.8836928223586042,0.6719102872437929,0.01768314838409424,0.06669895501066886,-0.5,0.0,1,0
1757356794.3176572,2.6530466433880053,-1.0642043986563252,-0.7417,0.0,0.0,0.021545498210789882,-0.5277582041716686,-0.7412699314393658,3.6445713968398556,0.17764947098230216,0.03854167461395264,0.07027442787779611,-0.5,0.0,1,0
1757356794.3230608,2.63762653153283,-1.0501561226009677,-0.7414,0.0,0.0,0.45326156060123735,-0.5262141556046995,-0.7412729448076073,2.800917469605604,3.899708399938449,0.0026748180389404297,0.06668114516829005,-0.5,0.0,1,0
1757356794.3384702,2.625844395788677,-1.0393430539117534,-0.7411,0.0,0.0,0.6203687514867964,-0.5222590256958693,-0.7411237448449534,2.5275600558765956,1.0638893146761632,0.007517099380493164,0.06546968210814672,-0.5,0.0,1,0
1757356794.374586,2.610673562293615,-1.025427815284166,-0.7407,0.0,0.0,0.5367285595198548,-0.5152438357475057,-0.7407781910055846,2.6285779337204964,0.6099135900022735,0.01687943935394287,0.06582174618797504,-0.5,0.0,1,0
1757356794.4030652,2.6049993883422786,-1.0203069179177868,-0.7405,0.0,0.0,0.49050880344791226,-0.509939406384272,-0.7404794164357263,2.6920272953592495,0.2320176206333014,0.016476988792419434,0.06603152816914042,-0.5,0.0,1,0
1757356794.4448557,2.5964892292775175,-1.0125289639838388,-0.7403,0.0,0.0,0.44872541589662907,-0.5050461905729475,-0.7402021510249776,2.7468870307791056,0.3383400863551721,0.017040252685546875,0.06625552630319782,-0.5,0.0,1,0
1757356794.476307,2.585533071400478,-1.0025213614152855,-0.7399,0.0,0.0,0.4361827827556325,-0.5002883909137963,-0.7399005664012991,2.751504151140246,0.45707537138197746,0.01623821258544922,0.06630444119762514,-0.5,0.0,1,0
1757356794.563096,2.5672614024746143,-0.985765315502647,-0.7397,0.0,0.0,0.40491899459182124,-0.49398455859693613,-0.7396152906266521,2.7770730608611203,0.7183422963611354,0.017256617546081543,0.06647669645222729,-0.5,0.0,1,0
1757356794.5973048,2.551571751552909,-0.9714391294380649,-0.7394,0.0,0.0,-0.04396360781277453,-0.4826513264590843,-0.7390337148223172,3.628544644730915,0.2624222613060546,0.04048514366149902,0.07043112414476566,-0.5,0.0,1,0
1757356794.6041317,2.5402087458844433,-0.9610680726116423,-0.7392,0.0,0.0,0.3059887592246091,-0.4803402643967869,-0.7389882691474536,2.9117244181060458,1.028363840725146,0.007480621337890625,0.06744165186875668,-0.5,0.0,1,0
1757356794.6101782,2.529484331093441,-0.9516484334645144,-0.739,0.0,0.0,0.5927290036176289,-0.4779989098904656,-0.7389489536142843,2.4309800803955395,2.1384594165981814,0.0033377408981323242,0.06539499661431203,-0.5,0.0,1,0
1757356794.6377482,2.518898340303159,-0.9421423888554455,-0.7387,0.0,0.0,0.5434238136361255,-0.4723892516736293,-0.7386876094406658,2.487398205545167,0.4782131895915721,0.014879226684570312,0.06551940803814565,-0.5,0.0,1,0
1757356794.6721973,2.505260767502807,-0.9299128916441445,-0.7382,0.0,0.0,0.4854914395716423,-0.46634267394316953,-0.7383426231105852,2.5562428415231815,0.5707909880406519,0.0160520076751709,0.06575937483774141,-0.5,0.0,1,0
1757356794.7029963,2.4931149658944682,-0.9183293336278524,-0.738,0.0,0.0,0.43690135372199584,-0.4602832654868099,-0.7380322921336739,2.616064540266927,0.5079676645129737,0.016521811485290527,0.06599449097976409,-0.5,0.0,1,0
1757356794.7433765,2.482653940673798,-0.9086940063656557,-0.7377,0.0,0.0,0.35641313549538406,-0.4541632963885786,-0.7376928982715524,2.735729766664314,0.37418073137886404,0.019008755683898926,0.0664940956317438,-0.5,0.0,1,0
1757356794.832334,2.469185705146141,-0.8962911866287065,-0.7372,0.0,0.0,-0.09806708898751737,-0.44358359317126694,-0.7370290990617329,3.619694024156611,0.22218919301697876,0.04121696949005127,0.07057158882729628,-0.5,0.0,1,0
1757356794.8435662,2.4541104753779415,-0.8827905970515062,-0.7369,0.0,0.0,0.2831781826789398,-0.44154088143843423,-0.7369146393074281,2.825406222059502,1.6657900037951878,0.0060749053955078125,0.06730086215260449,-0.5,0.0,1,0
1757356794.8520613,2.4427886394592426,-0.872533534903451,-0.7367,0.0,0.0,0.5200728841126185,-0.4384695521767699,-0.7367821690793849,2.414523632018909,1.3725101600537846,0.0055658817291259766,0.06557390442431016,-0.5,0.0,1,0
1757356794.8701253,2.4317979069557505,-0.8625825374635168,-0.7364,0.0,0.0,0.5531602546186568,-0.43353389572573037,-0.7365291479379698,2.3498973372071865,0.658493379414214,0.011260032653808594,0.06522825987740832,-0.5,0.0,1,0
1757356794.9033167,2.4140757273391045,-0.8463887179928147,-0.736,0.0,0.0,0.462076786697962,-0.426300791507217,-0.7361630479676414,2.462143376418318,0.7181199421010983,0.016717195510864258,0.06562649212925137,-0.5,0.0,1,0
1757356794.936329,2.4023091561367713,-0.8356895023325028,-0.7357,0.0,0.0,0.4037153461814346,-0.4197563651938483,-0.7358156108068679,2.5390326691796403,0.4783129227505147,0.01662766933441162,0.06591260136461999,-0.5,0.0,1,0
1757356794.9739385,2.387159687422799,-0.821920753459043,-0.7354,0.0,0.0,0.3620081216905838,-0.41305055424143444,-0.7354795393679975,2.586808764156956,0.6119940804979092,0.016727089881896973,0.06613092177285984,-0.5,0.0,1,0
1757356795.0031972,2.3778072003024184,-0.8136274260011626,-0.7351,0.0,0.0,0.3362522863446015,-0.4073023113575705,-0.7351547242173746,2.6171900375978745,0.3763877550455697,0.016609907150268555,0.06626876391798976,-0.5,0.0,1,0
1757356795.0366132,2.3678374767150805,-0.8046564668926232,-0.735,0.0,0.0,0.31916346960520064,-0.4020313709377705,-0.7348956470987914,2.632252265719915,0.40505381697546095,0.01655590534210205,0.06635715379253423,-0.5,0.0,1,0
1757356795.07059,2.3550002324758177,-0.7931120089844581,-0.7348,0.0,0.0,0.30446202468369193,-0.396561638121552,-0.734653788729955,2.639302660619081,0.5190263963551003,0.016632914543151855,0.06642862083258008,-0.5,0.0,1,0
1757356795.107657,2.34157593290646,-0.7808122999295455,-0.7345,0.0,0.0,0.2558342315011765,-0.3904428172962827,-0.7343719524114631,2.706667068455145,0.4906499117034827,0.01855647563934326,0.06674458990959965,-0.5,0.0,1,0
1757356795.1379263,2.3308354464668635,-0.7710751068996717,-0.7342,0.0,0.0,0.28626779916153394,-0.3854481568302845,-0.7341264179954284,2.6362078479058506,0.4718381635429643,0.015365839004516602,0.06651057331733043,-0.5,0.0,1,0
1757356795.1705105,2.32041194530068,-0.76162936592584,-0.734,0.0,0.0,0.288844237214725,-0.3804125378301757,-0.7338859566239968,2.6163187982032787,0.4379695260200382,0.016060590744018555,0.06645284842130983,-0.5,0.0,1,0
1757356795.2031603,2.3034256796949677,-0.7465417883684785,-0.7337,0.0,0.0,0.27927963344124657,-0.37436906663702463,-0.7336241732540476,2.6086357521814083,0.6906855968592355,0.016448378562927246,0.0664684094667154,-0.5,0.0,1,0
1757356795.2364838,2.292233429881452,-0.7365427386989664,-0.7334,0.0,0.0,0.2663685350096496,-0.36865639220012536,-0.733348874287191,2.6152932746866067,0.4497522806919421,0.01668834686279297,0.06651257405462514,-0.5,0.0,1,0
1757356795.2704911,2.281369675085244,-0.7268452530725299,-0.7332,0.0,0.0,0.2597664633187154,-0.36330041755437403,-0.7330983429355632,2.6112350288580606,0.4411437552329696,0.01650679111480713,0.06651765831996466,-0.5,0.0,1,0
1757356795.3038976,2.267778736332199,-0.714392265262692,-0.733,0.0,0.0,0.24472229782253535,-0.3575341621092475,-0.7328582123360837,2.618558004663485,0.544268463935299,0.016935110092163086,0.06658035541771587,-0.5,0.0,1,0
1757356795.3618317,2.2578095215890213,-0.7053697133272991,-0.7326,0.0,0.0,0.17388157602776405,-0.35159023178015425,-0.7325339565042337,2.735305184615866,0.3352071238543231,0.020064949989318848,0.06706882062033803,-0.5,0.0,1,0
1757356795.3764575,2.244972819521695,-0.6937587906713613,-0.7322,0.0,0.0,0.2676567602113776,-0.3471837844563036,-0.7322767896152981,2.544150748581795,0.6714042291716658,0.012893438339233398,0.06637769568963525,-0.5,0.0,1,0
1757356795.4074063,2.228855058146898,-0.6792247541281369,-0.732,0.0,0.0,0.21013950403629128,-0.34053353803678255,-0.7319648717363197,2.625084261030592,0.5831141664660767,0.018610358238220215,0.0667140391101339,-0.5,0.0,1,0
1757356795.440678,2.217110945488635,-0.6686395990741786,-0.7317,0.0,0.0,0.2187501001753019,-0.33486677428279316,-0.7316858582107525,2.592034449991819,0.48621591716011686,0.016261577606201172,0.06661324067822547,-0.5,0.0,1,0
1757356795.4715064,2.205713180369182,-0.6583717725545412,-0.7313,0.0,0.0,0.23867398546137025,-0.3295790833870649,-0.7313826032568286,2.5390341679015753,0.49911569213621554,0.0153731107711792,0.06642546614278745,-0.5,0.0,1,0
1757356795.5028803,2.193454396935064,-0.6475139262032958,-0.7309,0.0,0.0,0.2318971685277295,-0.32406745860391584,-0.7310402263160045,2.533432071461769,0.5057679979905689,0.01619398593902588,0.06641414594078134,-0.5,0.0,1,0
1757356795.5860312,2.183774221355602,-0.638870894141039,-0.7307,0.0,0.0,-0.22859782164458653,-0.3140597601936692,-0.7304386239716907,3.4701894990785807,0.15905844646060743,0.04079866409301758,0.0704341010018753,-0.5,0.0,1,0
1757356795.592977,2.1713091818136974,-0.6277505684985821,-0.7302,0.0,0.0,0.21876252040300487,-0.31354058888957775,-0.7303411315466016,2.526616275085083,3.7602567498825277,0.0022221803665161133,0.06669295762295113,-0.5,0.0,1,0
1757356795.603786,2.156489465907034,-0.6142997504267192,-0.73,0.0,0.0,0.40107997203068413,-0.3098184845603362,-0.7301590294437603,2.19254464188165,1.4822332895593695,0.006751537322998047,0.06538811318486791,-0.5,0.0,1,0
1757356795.6374953,2.1454895614817624,-0.6044166687347605,-0.7298,0.0,0.0,0.30779627635533463,-0.30350486175611824,-0.7298406482826499,2.33060567216514,0.4311158157559786,0.017151951789855957,0.0657925124001922,-0.5,0.0,1,0
1757356795.675717,2.131325961681633,-0.5916982984790712,-0.7292,0.0,0.0,0.25122065909652586,-0.2972160354046638,-0.7294433678742283,2.4089564614045624,0.5635446705034671,0.01689779758453369,0.06606200152619118,-0.5,0.0,1,0
1757356795.7090514,2.1180427677567613,-0.5801237296902101,-0.729,0.0,0.0,0.18267963838842954,-0.2907757990528412,-0.7290809031861775,2.514481451272107,0.4764698833243295,0.018489837646484375,0.066467574840131,-0.5,0.0,1,0
1757356795.87546,2.1069282203006967,-0.5702958454034658,-0.7288,0.0,0.0,0.06751568145363007,-0.28412507601866477,-0.7287175836996339,2.719752197616695,0.3327768753017048,0.022293925285339355,0.06730416247495163,-0.5,0.0,1,0
1757356795.891934,2.096144281865849,-0.5607684150029103,-0.7285,0.0,0.0,-0.6775827690814986,-0.27061375074755206,-0.727908439109472,4.481041946511546,0.11460581105667796,0.06279301643371582,0.07592662061182322,-0.5,0.0,1,0
1757356795.8959212,2.083054748779019,-0.5487628124884477,-0.728,0.0,0.0,-0.15445717862844532,-0.27052394840086025,-0.7278425632927054,3.161834807818423,1.092108588716022,0.008134961128234863,0.07020744124804622,-0.5,0.0,1,0
1757356795.901085,2.0731132505971357,-0.5398170832137931,-0.7277,0.0,0.0,0.25373250029357236,-0.269926124314123,-0.7277778076184919,2.3242862699946287,3.47762737701182,0.0019233226776123047,0.0665520921984602,-0.5,0.0,1,0
1757356795.9012105,2.06378108796037,-0.5314229906724728,-0.7273,0.0,0.0,0.4909140598578261,-0.26789892144798283,-0.7276114557740826,1.9291985282699697,2.476989701809333,0.0025349855422973633,0.0648652820612938,-0.5,0.0,0,0
1757356795.9012692,2.0455894311410106,-0.515301439875794,-0.7269,0.0,0.0,0.6826679834870728,-0.26419997175620474,-0.7274138506888904,1.6708654531500433,952.9500851348538,1.2755393981933594e-05,0.06383597192519536,-0.5,0.0,0,0
1757356795.9500027,2.0344763497026475,-0.5054196964933033,-0.7266,0.0,0.0,0.38263608898340645,-0.25567048697151434,-0.7269098505453612,2.050657514270358,0.33596804911547706,0.022136211395263672,0.06498281384162366,-0.5,0.0,1,0
1757356795.9666758,2.02017013510441,-0.4927067921796739,-0.7262,0.0,0.0,0.41020783288986246,-0.25022086100332935,-0.7265792888338092,1.987674990255941,0.9180160795699993,0.010426163673400879,0.06475618966630946,-0.5,0.0,0,0
1757356796.0041876,2.00567178164851,-0.4798913037697572,-0.7259,0.0,0.0,0.3028704349133764,-0.24316681081503827,-0.7261761865617655,2.1404468547463984,0.5810652112692458,0.016652822494506836,0.06525594727438075,-0.5,0.0,1,0
1757356796.0565822,1.993907090365383,-0.46948631607721864,-0.7255,0.0,0.0,0.08041997944496926,-0.23516736678391975,-0.7256674992843237,2.5299926184028405,0.3175521730705897,0.02473747730255127,0.06668226922024525,-0.5,0.0,1,0
1757356796.0707815,1.9824880298275067,-0.45939468130314637,-0.7253,0.0,0.0,0.2479688545097914,-0.23145307654969982,-0.725452457229989,2.202204844149575,0.887078029107,0.008590340614318848,0.06558731283996655,-0.5,0.0,1,0
1757356796.1035843,1.9708267149349579,-0.44900878009692546,-0.725,0.0,0.0,0.19608378728939863,-0.22562558239235211,-0.7251114113870335,2.278114216714145,0.47467898889528526,0.01645183563232422,0.0658538236853431,-0.5,0.0,1,0
1757356796.1364331,1.961414349389267,-0.4406582884900188,-0.7248,0.0,0.0,0.15894267709727744,-0.22037886206224797,-0.7248087006155892,2.3327632380530807,0.3798043345105352,0.016566753387451172,0.06606135981826676,-0.5,0.0,1,0
1757356796.170024,1.9522779216319546,-0.4325561718556317,-0.7245,0.0,0.0,0.1299286913070145,-0.21553818275892772,-0.724504244813327,2.3739402622267725,0.36445646600494186,0.016757965087890625,0.0662336262437674,-0.5,0.0,1,0
1757356796.2036014,1.9314442096401634,-0.414110878539309,-0.7241,0.0,0.0,0.11179356463301499,-0.20912107266090618,-0.72417464539057,2.378679476591706,0.8410314987691763,0.016544342041015625,0.06632543237219277,-0.5,0.0,1,0
1757356796.2366593,1.9192721177564271,-0.40335786364982523,-0.7238,0.0,0.0,0.09688554617209294,-0.20306545560137534,-0.723852354461394,2.389648762861979,0.4894438125349723,0.016594648361206055,0.0663961289985823,-0.5,0.0,1,0
1757356796.2700262,1.9035997805353753,-0.38952070515580856,-0.7236,0.0,0.0,0.08503959542355594,-0.19668682219203176,-0.7235657601385362,2.389996740468128,0.6312661455084743,0.016560077667236328,0.06644044115681502,-0.5,0.0,1,0
1757356796.3072646,1.8916159591340116,-0.37905601819633555,-0.7234,0.0,0.0,0.03679160148738281,-0.19031635673794253,-0.723279197751941,2.4671372176412993,0.4282960052000014,0.018574833869934082,0.06675014600355157,-0.5,0.0,1,0
1757356796.3401945,1.8803487025289727,-0.3691635049386893,-0.7232,0.0,0.0,0.050631237840598864,-0.18493860566920367,-0.7230490021728562,2.42361570049335,0.4618547123393453,0.01623356342315674,0.06662966878472805,-0.5,0.0,1,0
1757356796.3716493,1.8694104215554312,-0.3595668039129215,-0.7229,0.0,0.0,0.0675252790962158,-0.1798883423527133,-0.7228067409286817,2.3748179811229138,0.46455224185070604,0.015665054321289062,0.06647245951218607,-0.5,0.0,1,0
1757356796.4074543,1.8572546999771988,-0.3486250990823935,-0.7226,0.0,0.0,0.055439372301899936,-0.1744788063711621,-0.7225355557939543,2.3809145146346755,0.49033694358745855,0.016680002212524414,0.06650775804448912,-0.5,0.0,1,0
1757356796.4373424,1.847809357555425,-0.34023216634793607,-0.7224,0.0,0.0,0.06100708131123905,-0.1696766675239599,-0.722295606012549,2.356407272792978,0.3975381303046185,0.015894174575805664,0.06642536115783668,-0.5,0.0,1,0
1757356796.4698162,1.8386439922470224,-0.33208915207689277,-0.7221,0.0,0.0,0.0463482615318454,-0.16498641143438422,-0.7220287378453802,2.371860235369059,0.3669062041388643,0.016712546348571777,0.06648279780381325,-0.5,0.0,1,0
1757356796.5055687,1.81896496437993,-0.314923538882395,-0.7218,0.0,0.0,0.03580402179924963,-0.15888393342714704,-0.7217543476284611,2.3647155042727146,0.7870816351807054,0.016589999198913574,0.06650541294790954,-0.5,0.0,1,0
1757356796.5535073,1.8073663241627984,-0.30476513119982224,-0.7216,0.0,0.0,0.028020426437260382,-0.15316373670220115,-0.7215028810995721,2.3634388467584,0.4664058603607979,0.016530156135559082,0.06651280859087617,-0.5,0.0,1,0
1757356796.5768604,1.7961090001596782,-0.2949122639962169,-0.7214,0.0,0.0,0.018538078891108034,-0.14770922484289825,-0.7212658516292054,2.366097149729015,0.4492694538449632,0.016650915145874023,0.06653468545941173,-0.5,0.0,1,0
1757356796.6075728,1.784716101538709,-0.284766349812045,-0.721,0.0,0.0,-0.027350835052747047,-0.14200022498315373,-0.7209579602499042,2.4419357388094265,0.4096249103258122,0.01862800121307373,0.06682598404541298,-0.5,0.0,1,0
1757356796.6403255,1.775400248487126,-0.27654767115045875,-0.7208,0.0,0.0,-0.004172846699589061,-0.13743349757999795,-0.7207155726876145,2.381873522646829,0.39043654633846614,0.015911221504211426,0.06663652859492664,-0.5,0.0,1,0
1757356796.6712637,1.7663596524588927,-0.2685748860007329,-0.7205,0.0,0.0,0.015338145137373638,-0.13316619717481984,-0.7204617399147899,2.3300053939321166,0.3884299625648683,0.015521049499511719,0.06645926778442121,-0.5,0.0,1,0
1757356796.742775,1.7445507398156557,-0.24944751887119135,-0.72,0.0,0.0,0.004921462429958612,-0.12675988880693628,-0.7201250342151095,2.3200013773990973,0.8827498173436548,0.016433119773864746,0.06646735878851132,-0.5,0.0,1,0
1757356796.757276,1.732305904800972,-0.2387186812062716,-0.7197,0.0,0.0,-0.16924940427413426,-0.11898552159388742,-0.7196904532988364,2.6641308622124455,0.32363890142170915,0.025156021118164062,0.06775194468446759,-0.5,0.0,1,0
1757356796.7701156,1.7204212201871067,-0.2283119939484587,-0.7195,0.0,0.0,0.052620723122774604,-0.11559519667864918,-0.7195359516675663,2.192380686460154,0.9850697231896042,0.008018851280212402,0.06612437789592579,-0.5,0.0,1,0
1757356796.807001,1.706610125809238,-0.21650198980030083,-0.719,0.0,0.0,0.016405463437817513,-0.1095343490090633,-0.7191737043112391,2.2436029348942976,0.5455354046943834,0.016661524772644043,0.06626512025138072,-0.5,0.0,1,0
1757356796.8367393,1.6958769260444626,-0.20722333635355422,-0.7186,0.0,0.0,-0.008598089854339408,-0.10399054443758025,-0.7187987656340015,2.2779644573830895,0.42578360682276833,0.016667485237121582,0.06636625172698946,-0.5,0.0,1,0
1757356796.871368,1.685798483080634,-0.19852091053936693,-0.7183,0.0,0.0,-0.026673324799478815,-0.0988833356348573,-0.7184436210226756,2.2999034458199543,0.39901550590468654,0.01668989658355713,0.06643976539825999,-0.5,0.0,1,0
1757356796.908119,1.6719040908297573,-0.18595762466406748,-0.7181,0.0,0.0,-0.08323797093417662,-0.09289803590010948,-0.7181044414445457,2.3958049878708745,0.4951535858708004,0.01891648769378662,0.06679997494784616,-0.5,0.0,1,0
1757356796.9378905,1.6570706434509355,-0.17286258497233772,-0.7177,0.0,0.0,-0.039784610456475966,-0.08753912962700681,-0.7177999013009101,2.286104098367167,0.6704153794752423,0.014760017395019531,0.06646087606561478,-0.5,0.0,1,0
1757356796.9699438,1.6463299438520456,-0.16338268128117678,-0.7174,0.0,0.0,-0.04445679995025098,-0.08210966412371934,-0.7174773784289551,2.2803217620125147,0.441605662556735,0.016223788261413574,0.06643940358959388,-0.5,0.0,1,0
1757356797.0056179,1.6311807058755958,-0.15019809782826857,-0.7171,0.0,0.0,-0.05670083815771487,-0.07618334994349296,-0.717156771045223,2.2839544039497928,0.6072442307955114,0.016538143157958984,0.06646909871079906,-0.5,0.0,1,0
1757356797.037903,1.6206676882532511,-0.14099561312624162,-0.7169,0.0,0.0,-0.06720563874061958,-0.07073449185996966,-0.7168704619507074,2.29052857583159,0.42149554079553053,0.01657569408416748,0.06649502103409005,-0.5,0.0,1,0
1757356797.0698829,1.6104657207069146,-0.1320676740801265,-0.7166,0.0,0.0,-0.07664973560024502,-0.06564163228367109,-0.7165798321253704,2.295494725529305,0.40792006947800535,0.016621112823486328,0.06651914331600145,-0.5,0.0,1,0
1757356797.1051447,1.593100017020188,-0.11719386473454127,-0.7164,0.0,0.0,-0.10255442912251511,-0.05950633923645881,-0.7163049466578054,2.324806456255467,0.6536410280062934,0.01749098300933838,0.06665592044452447,-0.5,0.0,1,0
1757356797.145068,1.5818972186177618,-0.10753518582923072,-0.7164,0.0,0.0,-0.08819170568862167,-0.05418519391731441,-0.7161323332463481,2.2793937900188554,0.46718065773602474,0.01583075523376465,0.06651667514735145,-0.5,0.0,1,0
1757356797.1700256,1.5710243830468702,-0.09816677836043296,-0.7161,0.0,0.0,-0.09457040302805964,-0.04896629077612907,-0.7159164814299963,2.2772837141980817,0.4354002839519297,0.016485214233398438,0.06651472530031141,-0.5,0.0,1,0
1757356797.2083464,1.5614494321411967,-0.0895631155806225,-0.7158,0.0,0.0,-0.14552773303178423,-0.04361915847989649,-0.7156488212635324,2.3701784807343795,0.3418495375028503,0.018832921981811523,0.0668420324862023,-0.5,0.0,1,0
1757356797.238001,1.548460338479376,-0.07815962052054916,-0.7156,0.0,0.0,-0.10612086678892574,-0.03890015610176887,-0.7154482924362812,2.2698138564310892,0.5725149937211221,0.015096306800842285,0.06653481130308915,-0.5,0.0,1,0
1757356797.2700193,1.5390575053241493,-0.06990445002191342,-0.7154,0.0,0.0,-0.10158274676248458,-0.034225485752813464,-0.7152382280695389,2.24723084644211,0.3916113828765141,0.01597762107849121,0.06645576800377243,-0.5,0.0,1,0
1757356797.3065548,1.5179743101134562,-0.051633330747977824,-0.7152,0.0,0.0,-0.11418207106151834,-0.027787213559870454,-0.7150255964306603,2.244325726176283,0.8431999416854973,0.01654374599456787,0.06648147173563523,-0.5,0.0,1,0
1757356797.3373787,1.5056797280824978,-0.040954682425759434,-0.7151,0.0,0.0,-0.13151891710214436,-0.021668761375228558,-0.7148431346449581,2.2633047985304473,0.48152696598190353,0.01690971851348877,0.06654971213389185,-0.5,0.0,1,0
1757356797.3718178,1.4937486743325907,-0.030594920715166805,-0.7149,0.0,0.0,-0.14944747544190584,-0.015836626638503746,-0.7146548285620548,2.2843314076166283,0.4600248357385529,0.01717555522918701,0.06663246686005539,-0.5,0.0,1,0
1757356797.4032784,1.4822323910396529,-0.02070459444565057,-0.7144,0.0,0.0,-0.13465560629814033,-0.010621312062278905,-0.7143943344182074,2.2373764093673483,0.4825631423502635,0.015737414360046387,0.06648863002950851,-0.5,0.0,1,0
1757356797.4365292,1.4757745989567705,-0.015126694307083752,-0.7142,0.0,0.0,-0.14419392124724129,-0.006130488992722148,-0.7141413184668187,2.2482172169566543,0.2569847199486463,0.016607165336608887,0.06651300767943952,-0.5,0.0,1,0
1757356797.4725144,1.4632366637517202,-0.004304174691455421,-0.7139,0.0,0.0,-0.1524043663155683,-0.0013109173999812042,-0.7138751418888466,2.2482301918081053,0.4989255026070116,0.016601204872131348,0.0665290249765082,-0.5,0.0,1,0
1757356797.5079362,1.4482089205076718,0.008875901141134856,-0.7135,0.0,0.0,-0.20010670570855904,0.004574348042394434,-0.7135455562856763,2.3288889483769513,0.5353998797900205,0.01867079734802246,0.06682956400176299,-0.5,0.0,1,0
1757356797.537807,1.433021457134481,0.022073349989487036,-0.7131,0.0,0.0,-0.16620479603491745,0.010046132816466324,-0.7132346860372215,2.2361095475956785,0.6576024276675041,0.015301346778869629,0.06655551734575055,-0.5,0.0,1,0
1757356797.5733304,1.422022901417988,0.031625582988606106,-0.7129,0.0,0.0,-0.16851363244555384,0.015476146949831491,-0.7129427667841743,2.2258066066394466,0.4455188373119456,0.016350507736206055,0.06652068023145395,-0.5,0.0,1,0
1757356797.6053767,1.4053462413455304,0.04573591079090141,-0.7124,0.0,0.0,-0.17331747525926056,0.0215104624125906,-0.7125896396392315,2.2132522662327796,0.6683100449330501,0.016347885131835938,0.066497839039328,-0.5,0.0,1,0
1757356797.638199,1.394142285592423,0.055308757935085016,-0.7121,0.0,0.0,-0.19063592053185952,0.027215037317935845,-0.7122429357368145,2.2345621844278414,0.434389014475816,0.01696598529815674,0.06656807836858118,-0.5,0.0,1,0
1757356797.6713247,1.3832647315344533,0.06459378745489709,-0.7119,0.0,0.0,-0.18691468264621502,0.032356063461389556,-0.7119481547875471,2.211774843509474,0.4436690582882808,0.016118884086608887,0.06649862743424909,-0.5,0.0,1,0
1757356797.703738,1.3700447379911302,0.07635776003326998,-0.7114,0.0,0.0,-0.19620031292631057,0.03786141231780794,-0.7115874728159777,2.213544651550217,0.5342541435399463,0.016568303108215332,0.06651451244019654,-0.5,0.0,1,0
1757356797.7367325,1.360192308097916,0.08493791689474621,-0.711,0.0,0.0,-0.20425662761465513,0.042919744085962414,-0.7112134166972233,2.2172410156289053,0.39405643069359425,0.016585111618041992,0.06652787084333882,-0.5,0.0,1,0
1757356797.7867923,1.3537862225998303,0.09051528247594035,-0.7108,0.0,0.0,-0.3423839264569397,0.048501834777889836,-0.7108033211218477,2.510687913533019,0.18074512500562814,0.02350318431854248,0.06754495604064817,-0.5,0.0,1,0
1757356797.807527,1.333412299570983,0.10800895374998466,-0.7105,0.0,0.0,-0.201049262079114,0.05288434475152018,-0.7105704584498912,2.1748173231680212,1.1464040259234614,0.011712908744812012,0.06649764040961745,-0.5,0.0,1,0
1757356797.837976,1.3162088714105458,0.12280737777698016,-0.7101,0.0,0.0,-0.19030946318982145,0.059120858590153855,-0.7102433732195541,2.128838061717359,0.7385978937063351,0.015364289283752441,0.0663434582152666,-0.5,0.0,1,0
1757356797.8702793,1.304353988731003,0.1329968141929641,-0.7098,0.0,0.0,-0.20183005193361336,0.06510357918612261,-0.7099134992131259,2.1371447788723414,0.4845418486004478,0.016133785247802734,0.06634707578064665,-0.5,0.0,1,0
1757356797.9034743,1.2986675324428896,0.1378488649143164,-0.7094,0.0,0.0,-0.21636967515101613,0.06983645436465129,-0.7095584544146403,2.1601616500796452,0.22778580484474387,0.016431808471679688,0.06639189144269719,-0.5,0.0,1,0
1757356797.9383736,1.289851714470017,0.14541569333963203,-0.7091,0.0,0.0,-0.23098103316883845,0.07424666888404775,-0.7092156957852512,2.179513851641521,0.3496036475753665,0.01662135124206543,0.06644926032553194,-0.5,0.0,1,0
1757356797.9935093,1.2784986024231568,0.15515216862424147,-0.7086,0.0,0.0,-0.24217530385757735,0.07881295545659991,-0.7088259601363311,2.1883944475071115,0.45026816147019816,0.016617536544799805,0.0664881626064167,-0.5,0.0,1,0
1757356798.0400336,1.259476656125485,0.17151034322726857,-0.7083,0.0,0.0,-0.3791514332000102,0.08603133185334222,-0.7083755298178362,2.4652487191832897,0.5397472818269613,0.023242473602294922,0.06747514498912649,-0.5,0.0,1,0
1757356798.0486925,1.2432181699619134,0.1854333338601233,-0.7079,0.0,0.0,-0.2723536387908121,0.09117489259820674,-0.7080657634134353,2.2074125524514616,0.8028909312872367,0.013332486152648926,0.06667880553755223,-0.5,0.0,1,0
1757356798.0766737,1.2314416077656714,0.19551028844841906,-0.7076,0.0,0.0,-0.2685844054852031,0.09688869282054176,-0.7077191192068509,2.183428929735878,0.47437411486668346,0.016339778900146484,0.06659307028734615,-0.5,0.0,1,0
1757356798.1108978,1.2183131215093017,0.2067082384197376,-0.7071,0.0,0.0,-0.28465921539637185,0.1027281256620027,-0.7073158883084908,2.2009049694167553,0.5032008223574694,0.017152905464172363,0.06664909658326178,-0.5,0.0,1,0
1757356798.1381693,1.2026382298139437,0.2200761362870367,-0.7066,0.0,0.0,-0.23053933193181847,0.10818268148102686,-0.7069286871868956,2.0635519157396196,0.7533883447041649,0.013676285743713379,0.06621678601466013,-0.5,0.0,1,0
1757356798.1707048,1.1912846483490669,0.22974981007687298,-0.7063,0.0,0.0,-0.25232997729858564,0.11395188874689131,-0.7065294993566683,2.0950745142886555,0.4571113512499959,0.016318678855895996,0.06628605063198072,-0.5,0.0,1,0
1757356798.2070663,1.1806751075870061,0.23855531400626095,-0.7061,0.0,0.0,-0.29845927486978396,0.11953505429952144,-0.7061654313556422,2.1808871478171676,0.38557372788664873,0.017881274223327637,0.06654742262261906,-0.5,0.0,1,0
1757356798.2372062,1.170165390993391,0.24739443173249356,-0.7059,0.0,0.0,-0.2749845707163241,0.12412745574185366,-0.7058856083351893,2.1160559124081972,0.45407079480616214,0.015123248100280762,0.06634855892621383,-0.5,0.0,1,0
1757356798.272571,1.1566293361267066,0.2587660180384835,-0.7055,0.0,0.0,-0.3131039002452124,0.1296313863841203,-0.7055368817844863,2.181301811881453,0.5007188301668761,0.017657876014709473,0.06656169590696669,-0.5,0.0,1,0
1757356798.3029308,1.1445486669900304,0.2695122991729337,-0.7052,0.0,0.0,-0.29328800234586827,0.13461498604221162,-0.7052332820177102,2.1223449072159726,0.5275150919398157,0.015327930450439453,0.0663868318287053,-0.5,0.0,1,0
1757356798.337048,1.1305677886393604,0.28159524466441077,-0.7048,0.0,0.0,-0.30895602705411884,0.14024371269261196,-0.704884392941989,2.1382910147134906,0.5572336638155847,0.01658463478088379,0.06644238630804994,-0.5,0.0,1,0
1757356798.3738174,1.12044433769469,0.29034483372344094,-0.7046,0.0,0.0,-0.3232029124918432,0.14543607319038382,-0.7045765281420521,2.1562018740952174,0.4002969235094279,0.016715168952941895,0.06649859608797443,-0.5,0.0,1,0
1757356798.4041674,1.1037718152655454,0.30438738434208806,-0.7043,0.0,0.0,-0.336146310716681,0.1513153468376395,-0.7042704580839875,2.1631520032617644,0.6500180473435143,0.016769051551818848,0.06654413159394189,-0.5,0.0,1,0
1757356798.4414923,1.0871002594778452,0.31855093766985515,-0.704,0.0,0.0,-0.36106726103232234,0.15779276614454488,-0.7039568275296438,2.196698758233096,0.6254952994948999,0.01748836040496826,0.06667457600218836,-0.5,0.0,1,0
1757356798.4711058,1.075025970664972,0.328801941013546,-0.7037,0.0,0.0,-0.3430356605015823,0.16341060344890046,-0.7036718534411408,2.141320018549694,0.5054056736941985,0.01567232608795166,0.06650871293589686,-0.5,0.0,1,0
1757356798.503292,1.0690242314433993,0.3338597297950493,-0.7033,0.0,0.0,-0.3496792086222924,0.16805432791280558,-0.7033424283621655,2.147951994134292,0.23819460314210197,0.016496777534484863,0.06651269046910382,-0.5,0.0,1,0
1757356798.5403452,1.0572348199867148,0.34385434340602267,-0.703,0.0,0.0,-0.38708785671685664,0.1731417346958028,-0.7029997341024288,2.2156789849124285,0.4269773067689706,0.018102526664733887,0.06673906677037388,-0.5,0.0,1,0
1757356798.5693576,1.0486983051052527,0.35108696780934673,-0.7027,0.0,0.0,-0.34983269913480375,0.17703980423313237,-0.7027117754131234,2.122305598332527,0.3743434404965325,0.014949560165405273,0.06645118878834494,-0.5,0.0,1,0
1757356798.6038952,1.029801264305522,0.3671074577343635,-0.7025,0.0,0.0,-0.37193304321543064,0.1828715398015256,-0.7024214857462672,2.1471788126789395,0.7270276979114114,0.017038464546203613,0.06654816903261332,-0.5,0.0,1,0
1757356798.6442103,1.013101079429262,0.3812166950261146,-0.7021,0.0,0.0,-0.38636262007371314,0.1891402383149149,-0.7021012328422591,2.158035031237509,0.6457896676446672,0.0169297456741333,0.06659869752899295,-0.5,0.0,1,0
1757356798.6739645,1.0010048625112429,0.39142904042970145,-0.7018,0.0,0.0,-0.3779791719880572,0.1947845758410708,-0.7018003033723462,2.124086063340384,0.49708912801026434,0.015926241874694824,0.06649380322635556,-0.5,0.0,1,0
1757356798.7088077,0.9909396009661283,0.39967028546409444,-0.7016,0.0,0.0,-0.43688654840633856,0.2005118737375105,-0.7014864794408068,2.242569694280978,0.3401342954343903,0.01912522315979004,0.06687083475283051,-0.5,0.0,1,0
1757356798.744531,0.9767561326656365,0.41148865956162617,-0.7012,0.0,0.0,-0.3980258181668329,0.20550736888952129,-0.7012007861835442,2.1379930195726335,0.6082404048448853,0.015180110931396484,0.06656559740574791,-0.5,0.0,1,0
1757356798.7716827,0.9664827927308043,0.42003813449582217,-0.7009,0.0,0.0,-0.38677985214177224,0.21033814429988965,-0.7009041493718668,2.100063151008193,0.4260854565473684,0.015687942504882812,0.0664373532064066,-0.5,0.0,1,0
1757356798.8064942,0.9527088319430317,0.4321011461842987,-0.7006,0.0,0.0,-0.42004879938000816,0.2159950312716034,-0.7005811022766646,2.156754221668267,0.5202845707680755,0.0,0.06661475712336169,0.0,0.0,1,0
1757356798.8438282,0.9403451955882007,0.4426451722367414,-0.7002,0.0,0.0,-0.4065427032134781,0.2212167307736843,-0.7002549664417961,2.112116864959856,0.503297494048869,0.0,0.06653326629414255,0.0,0.0,1,0
1757356798.8985445,0.9258967914716204,0.45496428017686585,-0.6998,0.0,0.0,-0.38970766231643195,0.22674376803024557,-0.6999095931460071,2.0582067232652284,0.5957778518381113,0.0,0.06645119490159321,0.0,0.0,1,0
1757356798.9180446,0.9110889901381859,0.46739217174982,-0.6995,0.0,0.0,-0.4631712407334794,0.2335237672225621,-0.6995104283811107,2.2065952301232206,0.4630647359512513,0.0,0.06709357308340341,0.0,0.0,1,0
1757356798.95232,0.8992312086173648,0.4774111944949346,-0.6994,0.0,0.0,-0.4203311938290848,0.23874812526990608,-0.6992588687655733,2.097415615845263,0.4728942605976142,0.0,0.06687881783234575,0.0,0.0,1,0
1757356798.967056,0.8839652700772528,0.4903128109762629,-0.6997,0.0,0.0,-0.3282225361841911,0.2436998067072572,-0.6992165773351852,1.8768326829483681,0.7800958240808471,0.0,0.06624730711964746,0.0,0.0,0,0
1757356798.999919,0.8774613611603296,0.4956451432014756,-0.7001,0.0,0.0,-0.3280096561265064,0.248529639980806,-0.6992601925103128,1.8699078595721799,0.2573497456532367,0.0,0.06631331682770607,0.0,0.0,0,0
1757356799.0348551,0.8684916530893175,0.503178759909658,-0.7003,0.0,0.0,-0.33950190901276156,0.2531683501865333,-0.6993446513430537,1.886002238517755,0.3366863702687454,0.0,0.06650148335828954,0.0,0.0,0,0
1757356799.0665476,0.8569450744217686,0.5128757136747121,-0.7,0.0,0.0,-0.31478385051853597,0.2575433248789573,-0.6993448867049593,1.8198136114650552,0.47871426017653534,0.0,0.06640485450896912,0.0,0.0,0,0
1757356799.1005738,0.8578020199510463,0.5121504086549798,-0.7005,0.0,0.0,-0.31202977845053387,0.2603942855252828,-0.6994828764014267,1.8163815576289553,0.03621651435404279,0.0,0.06650679899538336,0.0,0.0,0,0
1757356799.1330235,0.8531837684370801,0.5160453394407424,-0.701,0.0,0.0,-0.2922365198589914,0.2627240328624909,-0.6997443024916741,1.7694762031693398,0.18724494518715604,0.0,0.06646901905109848,0.0,0.0,0,0
1757356799.1664093,0.8487043378317539,0.5198266387115328,-0.7013,0.0,0.0,-0.28144029724405106,0.2649490461567809,-0.7000230874151536,1.7424419418354409,0.17616587977138282,0.0,0.06650901255638353,0.0,0.0,0,0
1757356799.199773,0.8508880574018225,0.517950156096277,-0.7007,0.0,0.0,-0.2675713552501029,0.2659596179280557,-0.7000562608618913,1.716626741990603,0.08832720043937733,0.0,0.06653468365700299,0.0,0.0,0,0
1757356799.233609,0.8499312592094005,0.518758367666664,-0.701,0.0,0.0,-0.2559798300832537,0.2667345928417052,-0.7001713175301082,1.6921998788658732,0.03814410322109378,0.0,0.06658415372998477,0.0,0.0,0,0
1757356799.2673407,0.8487000309981636,0.5197994033024466,-0.7019,0.0,0.0,-0.24183714004472312,0.267348321007454,-0.7005245790220685,1.6620109837289254,0.05485066511619234,0.0,0.0666100599651912,0.0,0.0,0,0
1757356799.2996936,0.8503907496496356,0.5183577217690923,-0.702,0.0,0.0,-0.2170560124843508,0.2672841406673892,-0.7008212091877994,1.6125134926504003,0.06896594674531098,0.0,0.06652916636569865,0.0,0.0,0,0
1757356799.3390067,0.8506399575124812,0.5181467328532163,-0.702,0.0,0.0,-0.24105587005258383,0.26775301641748545,-0.7010172363867295,1.6664778143603627,0.008318815818678271,0.0,0.0669682275655051,0.0,0.0,0,0
1757356799.3666816,0.8508817487536987,0.5179419919577242,-0.7021,0.0,0.0,-0.17431776404031785,0.26692966481387576,-0.7012341837172829,1.52576613696465,0.012046106051361482,0.0,0.06643693142482147,0.0,0.0,0,0
1757356799.4008772,0.850731909302534,0.5180709858227441,-0.7023,0.0,0.0,-0.16972000346150973,0.26694731661877974,-0.7014309359573978,1.5174521366444544,0.008241776631233868,0.0,0.06653975249967303,0.0,0.0,0,0
1757356799.43289,0.850760735174498,0.5180465911013955,-0.7022,0.0,0.0,-0.14799849261890774,0.26671253201884926,-0.7015551228836626,1.4735093409002091,0.0033464464675231754,0.0,0.06646014763275568,0.0,0.0,0,0
1757356799.46707,0.8507978399098794,0.5180151844291221,-0.7024,0.0,0.0,-0.1421284408347876,0.26667654398414414,-0.7017009987429189,1.4627940414124516,0.006039742606206472,0.0,0.06655413391463348,0.0,0.0,0,0
1757356799.4997637,0.8507629607605076,0.5180449731822122,-0.7026,0.0,0.0,-0.12460635868215358,0.2664828295675056,-0.7018729499264723,1.4278529841509242,0.006292695246527154,0.0,0.06651614930322819,0.0,0.0,0,0
1757356799.5329416,0.8507631281249601,0.5180448293418212,-0.7027,0.0,0.0,-0.11168075543427142,0.26634597415203803,-0.7020288473997717,1.4026170709371086,0.0030199907933253227,0.0,0.06652583543122045,0.0,0.0,0,0
1757356799.566322,0.8507633420644509,0.5180446423764902,-0.7027,0.0,0.0,-0.09981510606592492,0.2662196419205518,-0.7021446086383988,1.3796662362791878,8.529568734569442e-06,0.0,0.06654619090613434,0.0,0.0,0,0
1757356799.5997484,0.8507631387773433,0.5180448239141382,-0.7029,0.0,0.0,-0.08784766565458901,0.26608878271562936,-0.7022899192964411,1.3566118175647424,0.005995508550893164,0.0,0.06656317973833803,0.0,0.0,0,0
1757356799.6342459,0.8507631387004269,0.5180448218308539,-0.703,0.0,0.0,-0.08114130552224336,0.2660290273208689,-0.702425492965522,1.3443259506827774,0.00290448174679447,0.0,0.0666487533309201,0.0,0.0,0,0
1757356799.6671247,0.8507631371612324,0.5180448174499801,-0.703,0.0,0.0,-0.06389404687671146,0.26582055868204907,-0.7025295897381627,1.310824409927269,1.415179090223815e-07,0.0,0.06659259785309767,0.0,0.0,0,0
1757356799.69984,0.8507631397625419,0.5180448229945427,-0.7029,0.0,0.0,-0.04807442162126768,0.26562901988422905,-0.7025781728683959,1.2804730149841153,0.003063033752174963,0.0,0.06654387348639698,0.0,0.0,0,0
1757356799.733036,0.8507631386955066,0.5180448217235374,-0.703,0.0,0.0,-0.036381275400538426,0.26549293449766614,-0.7026437606771443,1.2585159293628052,0.0030187879664438587,0.0,0.06654466024714886,0.0,0.0,0,0
1757356799.7663555,0.8507631359081834,0.5180448184198633,-0.7032,0.0,0.0,-0.025513461595472464,0.2653669072206639,-0.7027516557214937,1.238317541289506,0.0060145031668945486,0.0,0.06655415969353608,0.0,0.0,0,0
1757356799.802616,0.8507631397497695,0.5180448229314859,-0.7034,0.0,0.0,-0.027447663098773167,0.26542224407670073,-0.7028869192460045,1.2432744111078085,0.005539338473213871,0.0,0.0667595819843125,0.0,0.0,0,0
1757356799.8330038,0.8507631384034047,0.5180448213441793,-0.7035,0.0,0.0,0.0015374583781475049,0.26503670579908695,-0.7030239303383323,1.1881492774763034,0.0032952844871294252,0.0,0.0664939825673697,0.0,0.0,0,0
1757356799.866886,0.8507631363172932,0.5180448188850031,-0.7035,0.0,0.0,0.007783915187774493,0.26497274549532673,-0.7031204465328018,1.1772269994816942,9.539615682853061e-08,0.0,0.06655702665499805,0.0,0.0,0,0
1757356799.90198,0.8507631397963423,0.5180448229516094,-0.7036,0.0,0.0,0.010534763862701912,0.26495889432694986,-0.7032203285201676,1.1730112610201882,0.0028544136803247597,0.0,0.06668511980902171,0.0,0.0,0,0
1757356799.9348025,0.8507631383385118,0.5180448212336868,-0.7038,0.0,0.0,0.02581611623600985,0.26476388520069827,-0.7033553898902729,1.145116424262409,0.006109292180797608,0.0,0.06660963784212585,0.0,0.0,0,0
1757356799.9698954,0.85076313626068,0.5180448187855488,-0.7038,0.0,0.0,0.029845426349328602,0.2647304214232355,-0.7034528881684239,1.138539505947673,9.174059199423915e-08,0.0,0.06671674132053752,0.0,0.0,0,0
1757356800.0004063,0.8507631395548707,0.5180448226338991,-0.7039,0.0,0.0,0.05399487103810033,0.26440297627078924,-0.7035576644618585,1.0948843788152616,0.003286505465657287,0.0,0.06647020625215784,0.0,0.0,0,0
1757356800.0425725,0.850763138321421,0.5180448211810699,-0.704,0.0,0.0,0.02836350932906409,0.26480196402342154,-0.7036566560933818,1.143455352557532,0.002381070893751559,0.0,0.06712202938666965,0.0,0.0,0,0
1757356800.0872223,0.8507631362605509,0.5180448187541438,-0.7041,0.0,0.0,0.00955273254332914,0.2651089810076317,-0.7037600876275109,1.1811586143885449,0.002244239454939459,0.0,0.06777373244072404,0.0,0.0,0,0
1757356800.1002994,0.8507631394334075,0.5180448224592834,-0.704,0.0,0.0,0.11527186977536572,0.2635750777921936,-0.703822272215268,0.9907698025571694,0.007710117656231118,0.0,0.06593982968947204,0.0,0.0,0,0
1757356800.1458228,0.8507631381927486,0.5180448209983626,-0.7041,0.0,0.0,0.06718882512811075,0.264305243511376,-0.7038807285472807,1.0745829351406548,0.0022022430381662596,0.0,0.0669600871817991,0.0,0.0,0,0
1757356800.1697967,0.8507631361406739,0.5180448185822324,-0.7042,0.0,0.0,0.11579571609069342,0.2636038479651126,-0.7039626299872669,0.9909751023881326,0.004190783743766795,0.0,0.06617681285651002,0.0,0.0,0,0
1757356800.2006886,0.8507631396423906,0.518044822675205,-0.7043,0.0,0.0,0.12407131547677552,0.26349693642418376,-0.7040483249480229,0.977898938937069,0.0032463402033144546,0.0,0.0661350638146473,0.0,0.0,0,0
1757356800.2363586,0.8507631381545464,0.5180448209243999,-0.7045,0.0,0.0,0.11612050653011863,0.2636328406044067,-0.7041682711092806,0.991588928948717,0.005619943054669628,0.0,0.06642773719825505,0.0,0.0,0,0
1757356800.2662828,0.8507631361096467,0.5180448185185311,-0.7045,0.0,0.0,0.13259803948238108,0.2634029989386093,-0.7042573519589036,0.9651179595350629,1.0580006715776552e-07,0.0,0.06624284427779142,0.0,0.0,0,0
1757356800.3013716,0.8507631396312573,0.5180448226303521,-0.7046,0.0,0.0,0.12902471494886086,0.26347392735791264,-0.7043509008426334,0.9714742223946222,0.0028562797549429955,0.0,0.06646775500208463,0.0,0.0,0,0
1757356800.333176,0.8507631386571558,0.5180448214846226,-0.7047,0.0,0.0,0.13977505515714914,0.26332875433633207,-0.7044488978642067,0.9546577603806038,0.0031536357419783786,0.0,0.0663965816888971,0.0,0.0,0,0
1757356800.3665528,0.8507631369041834,0.518044819423171,-0.7048,0.0,0.0,0.144190288168753,0.2632786676498705,-0.7045495768246554,0.9481594061566959,0.0030042359963149395,0.0,0.06645720011162731,0.0,0.0,0,0
1757356800.3998985,0.85076313964149,0.518044822614825,-0.7048,0.0,0.0,0.14958347392878538,0.26321342181925234,-0.7046230794864913,0.940171177959219,1.2638338381687123e-07,0.0,0.06649760730318778,0.0,0.0,0,0
1757356800.4469018,0.850763138685927,0.5180448214913368,-0.7048,0.0,0.0,0.11809395420588423,0.26371607488740045,-0.7046783413244182,0.9926397476685708,3.1452828087577193e-08,0.0,0.06751633083494507,0.0,0.0,0,0
1757356800.4664419,0.8507631369664646,0.5180448194698859,-0.7049,0.0,0.0,0.1772461642588442,0.26282518112839387,-0.7047446431289975,0.8991242657549117,0.005136616253109453,0.0,0.06621801975541833,0.0,0.0,0,0
1757356800.4999683,0.8507631397744115,0.5180448227452848,-0.705,0.0,0.0,0.17716314374462683,0.26284045796854305,-0.7048234890345014,0.8996423776321255,0.002989866274060425,0.0,0.06634210696109467,0.0,0.0,0,0
1757356800.534794,0.8507631386238814,0.518044821393296,-0.7051,0.0,0.0,0.1761540961141918,0.2628708803856344,-0.7049105004561325,0.9015689146678756,0.0028791806535420654,0.0,0.0665171543172824,0.0,0.0,0,0
1757356800.567638,0.8507631368871337,0.518044819352875,-0.7052,0.0,0.0,0.182984281895661,0.26277980592095607,-0.705002584501981,0.8919790685677255,0.0030518011900069614,0.0,0.06650137651565655,0.0,0.0,0,0
1757356800.5998425,0.8507631396227462,0.5180448225420718,-0.7053,0.0,0.0,0.19093784625178079,0.2626702824993281,-0.7050984280424412,0.8809413583565028,0.0031127715341585705,0.0,0.06644764594501942,0.0,0.0,0,0
1757356800.6331055,0.8507631386543189,0.5180448214047192,-0.7054,0.0,0.0,0.19535583105210252,0.2626153160040273,-0.7051975851593321,0.8750826005261998,0.0030141671401029808,0.0,0.06648439980805819,0.0,0.0,0,0
1757356800.666375,0.8507631369515238,0.5180448194051605,-0.7054,0.0,0.0,0.20013905715748992,0.26255425563326346,-0.7052695534464015,0.8687803707143379,7.909398469771999e-08,0.0,0.06651166969600018,0.0,0.0,0,0
1757356800.699823,0.8507631396162197,0.5180448225108366,-0.7055,0.0,0.0,0.20483068014036337,0.262494149760147,-0.7053509648488674,0.8626823799053432,0.002998051481770247,0.0,0.06654053690818792,0.0,0.0,0,0
1757356800.7330194,0.8507631386439041,0.5180448213693754,-0.7056,0.0,0.0,0.21028910432813458,0.2624213741716868,-0.705439037225533,0.8556253517061335,0.0030189835245345155,0.0,0.0665439965388113,0.0,0.0,0,0
1757356800.7669394,0.8507631369513954,0.5180448193827587,-0.7057,0.0,0.0,0.2140545158336738,0.26237504520001653,-0.7055324528048167,0.8509323861212063,0.0029537976164482043,0.0,0.06659685929107731,0.0,0.0,0,0
1757356800.8088145,0.8507631397731675,0.518044822672661,-0.7058,0.0,0.0,0.20197407050492697,0.2625832799345794,-0.7056343933333762,0.8679375193218601,0.0023950344062465194,0.0,0.06720010289498729,0.0,0.0,0,0
1757356800.8334517,0.8507631385289365,0.5180448212127895,-0.7059,0.0,0.0,0.23259662515637536,0.26210607230126004,-0.7057265070780065,0.8276935691882192,0.004074711226279838,0.0,0.06637222212051674,0.0,0.0,0,0
1757356800.8671603,0.8507631367926564,0.5180448191759187,-0.7059,0.0,0.0,0.23417184174457062,0.2620924631591839,-0.7057986846413574,0.8260172237325253,7.961888400437006e-08,0.0,0.06645998869170025,0.0,0.0,0,0
1757356800.899717,0.8507631397153357,0.5180448225834452,-0.706,0.0,0.0,0.23913891113218666,0.26202389334319093,-0.7058791248757699,0.8202034748154194,0.0030774170384583136,0.0,0.06644449603700923,0.0,0.0,0,0
1757356800.9330702,0.8507631389105197,0.5180448216395408,-0.7061,0.0,0.0,0.24235304504029498,0.26198328554438466,-0.7059669000063192,0.8165918715400555,0.00300460185128673,0.0,0.06648894377549011,0.0,0.0,0,0
1757356800.967514,0.8507631367598576,0.5180448191176431,-0.7062,0.0,0.0,0.24402690237115493,0.2619676991714401,-0.7060603257244843,0.814858120040624,0.0029094783589816747,0.0,0.06659435728140967,0.0,0.0,0,0
1757356800.9997065,0.8507631396932285,0.5180448225371755,-0.7062,0.0,0.0,0.2508864741981481,0.26186705241605424,-0.7061258892208135,0.8070429664803996,1.4021624105367139e-07,0.0,0.06651012087229743,0.0,0.0,0,0
1757356801.033097,0.8507631384585819,0.518044821089894,-0.7063,0.0,0.0,0.25451618006826393,0.26181852583404097,-0.7062031154938146,0.8031133687808742,0.0030009687695478067,0.0,0.0665363094570251,0.0,0.0,0,0
1757356801.0667732,0.8507631367400804,0.5180448190757553,-0.7064,0.0,0.0,0.25803222303170714,0.26177152609015447,-0.7062880372580413,0.7993698800466541,0.0029848023807443973,0.0,0.06656650110083075,0.0,0.0,0,0
1757356801.1003985,0.8507631396737623,0.5180448224949965,-0.7065,0.0,0.0,0.2617581768239374,0.26172071407321856,-0.7063784001878247,0.7954494986672301,0.0029841440625644946,0.0,0.06658710612780308,0.0,0.0,0,0
1757356801.133816,0.8507631384351865,0.5180448210438654,-0.7066,0.0,0.0,0.2658978143928779,0.26166261243108746,-0.7064725095717873,0.7911442332836243,0.003001140551645263,0.0,0.0665874514246958,0.0,0.0,0,0
1757356801.1662986,0.850763136729096,0.5180448190453535,-0.7067,0.0,0.0,0.2713606178156869,0.26158183948066027,-0.7065685933029858,0.7855237518968614,0.003084886330433705,0.0,0.06652515957150819,0.0,0.0,0,0
1757356801.2001016,0.8507631396557915,0.518044822455604,-0.7067,0.0,0.0,0.27404069796176916,0.2615470168312336,-0.7066389460613939,0.7829225509570062,1.33232145968621e-07,0.0,0.06657449152149177,0.0,0.0,0,0
1757356801.2347882,0.8507631388277835,0.5180448214859551,-0.7068,0.0,0.0,0.27580622667726595,0.261527417086634,-0.7067194386033799,0.7812957646154679,0.002889196263976866,0.0,0.06666880289182625,0.0,0.0,0,0
1757356801.2681017,0.8507631367073926,0.5180448190033321,-0.7069,0.0,0.0,0.28045388086129275,0.2614589954226691,-0.7068050030828653,0.776762055361995,0.0030115268370023277,0.0,0.06663276748567348,0.0,0.0,0,0
1757356801.3015325,0.8507631396435079,0.5180448224237868,-0.707,0.0,0.0,0.2845497954971256,0.26139926326794005,-0.7068956976019305,0.7728824687729411,0.003005635339998431,0.0,0.0666127449017623,0.0,0.0,0,0
1757356801.335766,0.8507631383879569,0.5180448209542664,-0.7071,0.0,0.0,0.28719377930308243,0.261363765946278,-0.7069909597606472,0.7704862116087948,0.002931316830984871,0.0,0.06665765846609283,0.0,0.0,0,0
1757356801.366428,0.8507631366988816,0.5180448189776287,-0.7071,0.0,0.0,0.2949713810392377,0.2612400426920603,-0.7070554316108868,0.7633371241672029,8.502852658129473e-08,0.0,0.06644347958726493,0.0,0.0,0,0
1757356801.4029415,0.8507631397739999,0.5180448225581468,-0.7072,0.0,0.0,0.2930033681130134,0.26128246935382904,-0.707137069516206,0.7653056396397304,0.002745412537834009,0.0,0.06670469619329766,0.0,0.0,0,0
1757356801.4359992,0.8507631388120914,0.5180448214327471,-0.7073,0.0,0.0,0.29767559776474983,0.26121110444015894,-0.7072209449919636,0.7611749935139502,0.003029975366409147,0.0,0.06664073299018916,0.0,0.0,0,0
1757356801.4692442,0.8507631373593251,0.5180448197332942,-0.7073,0.0,0.0,0.30149884065362464,0.26115369292789076,-0.7072810927503643,0.75791408400378,6.741166331627628e-08,0.0,0.0666089613045572,0.0,0.0,0,0
1757356801.4998083,0.850763139773044,0.5180448225412682,-0.7074,0.0,0.0,0.30829142941884835,0.2610440073740235,-0.7073499993427851,0.7522336831425662,0.0032813374767255436,0.0,0.0664041311166177,0.0,0.0,0,0
1757356801.5328379,0.8507631391465094,0.5180448218085623,-0.7075,0.0,0.0,0.3104111709964422,0.26101462196747566,-0.707431192469222,0.7505974956670617,0.0030358968421393398,0.0,0.06643713139338922,0.0,0.0,0,0
1757356801.567589,0.8507631373542885,0.5180448197130357,-0.7076,0.0,0.0,0.3107450004642804,0.2610163978345634,-0.7075205459273766,0.7504392213690881,0.002884824475620435,0.0,0.06657881244855492,0.0,0.0,0,0
1757356801.5996995,0.8507631397682602,0.518044822520692,-0.7077,0.0,0.0,0.31512843827202486,0.2609472183784085,-0.7076105869556516,0.7470205769827046,0.0031235740531838736,0.0,0.0664914089016623,0.0,0.0,0,0
1757356801.632934,0.8507631387905398,0.518044821377883,-0.7078,0.0,0.0,0.3174830839154681,0.2609131339298766,-0.7077056903360065,0.7452804459922008,0.003014903787745673,0.0,0.0665128827051292,0.0,0.0,0,0
1757356801.669006,0.8507631373538374,0.5180448196988501,-0.7078,0.0,0.0,0.31685845168807203,0.26093165368559096,-0.7077772925797816,0.7458760400171823,6.137914917481497e-08,0.0,0.06672465995601562,0.0,0.0,0,0
1757356801.7110033,0.8507631397707609,0.5180448225092839,-0.7079,0.0,0.0,0.3114765540310944,0.26103557902637886,-0.7078648791682184,0.7503665196488143,0.002384970205886956,0.0,0.06730109414874191,0.0,0.0,0,0
1757356801.7374275,0.8507631388079806,0.5180448213844913,-0.708,0.0,0.0,0.325664171955917,0.2607911835336563,-0.7079370198594963,0.7394466082769394,0.0037998079401163737,0.0,0.06655087198880508,0.0,0.0,0,0
1757356801.7670298,0.8507631373959168,0.518044819735091,-0.7081,0.0,0.0,0.3316884248552988,0.26068999564479717,-0.7080216442930747,0.7353067790321054,0.003385233253420685,0.0,0.06630016788212582,0.0,0.0,0,0
1757356801.7998328,0.8507631397623485,0.5180448224859965,-0.7081,0.0,0.0,0.3329438479689778,0.2606734541625365,-0.708086268031248,0.7345309188747192,1.1086581229842413e-07,0.0,0.06635043551767333,0.0,0.0,0,0
1757356801.8331969,0.8507631390674913,0.5180448216746012,-0.7082,0.0,0.0,0.33403024667742576,0.2606599222367525,-0.7081620411852106,0.733876735737995,0.003005441504362747,0.0,0.06642325440089725,0.0,0.0,0,0
1757356801.8663905,0.8507631372713287,0.5180448195775833,-0.7083,0.0,0.0,0.3357009864889333,0.2606358187114418,-0.7082450257993841,0.732845198889896,0.00302022264901878,0.0,0.06646248247286546,0.0,0.0,0,0
1757356801.900497,0.8507631397152403,0.5180448224182278,-0.7084,0.0,0.0,0.33671246299333124,0.26062359094726767,-0.7083347144859213,0.7322565369462797,0.0029379694897412136,0.0,0.06655310083351433,0.0,0.0,0,0
1757356801.9356706,0.8507631390398523,0.5180448216299546,-0.7085,0.0,0.0,0.3372778078160668,0.26061956840079004,-0.7084294596972963,0.7319629549763758,0.002850766334458544,0.0,0.06668656154938893,0.0,0.0,0,0
1757356801.9663537,0.8507631377959853,0.5180448201783868,-0.7085,0.0,0.0,0.34236994602829446,0.26053267979555367,-0.7084910902369514,0.7288273136918456,6.242554743353295e-08,0.0,0.06646606231315552,0.0,0.0,0,0
1757356801.9999776,0.8507631396909477,0.5180448223778236,-0.7086,0.0,0.0,0.34367194847974364,0.2605144709131258,-0.7085679598423746,0.7280992168647572,0.002980009663915013,0.0,0.0665220065572932,0.0,0.0,0,0
1757356802.0337715,0.850763138650869,0.518044821164496,-0.7087,0.0,0.0,0.34510776479697713,0.260493721954444,-0.7086521258808939,0.7273018547168535,0.00296528310995294,0.0,0.06657156116374748,0.0,0.0,0,0
1757356802.0665445,0.8507631372202829,0.518044819495856,-0.7088,0.0,0.0,0.3476289881419738,0.26045274664190365,-0.7087398531856938,0.7258880751574406,0.0030645555847095014,0.0,0.0665293143410933,0.0,0.0,0,0
1757356802.0998514,0.8507631396767787,0.5180448223498293,-0.7089,0.0,0.0,0.3494062673917386,0.26042522078193386,-0.708832519557067,0.7249320131233397,0.0030096252254710374,0.0,0.06654242682426495,0.0,0.0,0,0
1757356802.1334171,0.8507631389857209,0.5180448215440007,-0.7089,0.0,0.0,0.3510215450113745,0.2604005159532419,-0.7088989821204453,0.7240847691379658,3.172309943408426e-08,0.0,0.0665676990171176,0.0,0.0,0,0
1757356802.167139,0.8507631377479092,0.5180448201007909,-0.709,0.0,0.0,0.3526017948988584,0.2603762705399412,-0.7089754884973309,0.7232725036449965,0.0029751901038174333,0.0,0.06659473788352996,0.0,0.0,0,0
1757356802.2012606,0.8507631396615111,0.5180448223211886,-0.7091,0.0,0.0,0.3539733798300504,0.26035577677843336,-0.70905967252166,0.7225864348043844,0.002940358651347685,0.0,0.06664012898969583,0.0,0.0,0,0
1757356802.2334898,0.8507631389612431,0.5180448215049726,-0.7091,0.0,0.0,0.356845825726135,0.2603068121217207,-0.7091168585509059,0.7211368766119651,3.3495812706974286e-08,0.0,0.06653797873297188,0.0,0.0,0,0
1757356802.2664268,0.8507631371934148,0.5180448194447673,-0.7092,0.0,0.0,0.35870390490185383,0.26027652147704156,-0.7091874491518957,0.720244219171039,0.003046215748207718,0.0,0.0665201964488023,0.0,0.0,0,0
1757356802.3004441,0.850763139653967,0.5180448223020877,-0.7093,0.0,0.0,0.35972487246306256,0.26026188808168044,-0.7092682926813358,0.7197813470206235,0.0029493942035886574,0.0,0.06658298852167883,0.0,0.0,0,0
1757356802.333145,0.8507631386023967,0.5180448210770126,-0.7094,0.0,0.0,0.3618757358638261,0.2602256385430333,-0.709353079664748,0.718783833635234,0.0030730203391845317,0.0,0.06653074844634345,0.0,0.0,0,0
1757356802.3664033,0.8507631372002145,0.5180448194437292,-0.7094,0.0,0.0,0.36336494696246013,0.2602017165978347,-0.7094143395937551,0.7181224675014573,6.491498484637733e-08,0.0,0.06653885455572582,0.0,0.0,0,0
1757356802.400504,0.8507631396423303,0.5180448222788077,-0.7095,0.0,0.0,0.36434195644596334,0.26018744536905375,-0.7094879915560084,0.7177083612609486,0.0029429168850674888,0.0,0.06660106998088236,0.0,0.0,0,0
1757356802.433956,0.8507631385850755,0.5180448210476556,-0.7096,0.0,0.0,0.36594190175568053,0.2601610953884592,-0.7095685049776033,0.7170208847540362,0.0030027089720739866,0.0,0.06659541040046436,0.0,0.0,0,0
1757356802.4668715,0.850763137190506,0.5180448194239472,-0.7097,0.0,0.0,0.36776606991606625,0.2601301762286698,-0.7096542877273327,0.7162531748561656,0.003047720915383768,0.0,0.06655737274105569,0.0,0.0,0,0
1757356802.5006251,0.8507631397576967,0.5180448224029184,-0.7097,0.0,0.0,0.36896564157740647,0.2601111149326735,-0.7097164521995587,0.7157708699244231,1.1712715273001791e-07,0.0,0.06658481599898342,0.0,0.0,0,0
1757356802.534837,0.8507631392283658,0.518044821786777,-0.7098,0.0,0.0,0.36993039642140746,0.26009649314828887,-0.7097903452523312,0.7153954286598083,0.002931071014366317,0.0,0.06664064720226504,0.0,0.0,0,0
1757356802.5671506,0.850763137737667,0.518044820051863,-0.7099,0.0,0.0,0.37208866385029793,0.26005841618454434,-0.7098692395249429,0.714541823457751,0.0031017911294735994,0.0,0.06654713145463537,0.0,0.0,0,0
1757356802.5998564,0.8507631397525317,0.5180448223881879,-0.71,0.0,0.0,0.3736717864790132,0.2600312462909649,-0.7099551236629391,0.7139434088843555,0.0030653394737964095,0.0,0.06651186672687508,0.0,0.0,0,0
1757356802.6345532,0.8507631389265182,0.5180448214271962,-0.7101,0.0,0.0,0.3740893857987434,0.2600268295091051,-0.7100484406217328,0.7138065912106925,0.0028923042976887374,0.0,0.06662342325035193,0.0,0.0,0,0
1757356802.6707797,0.850763137729711,0.5180448200350128,-0.7101,0.0,0.0,0.37408202287609993,0.26003091855639593,-0.7101171358968357,0.7138358097593829,5.0834207813573346e-08,0.0,0.06680672423469687,0.0,0.0,0,0
1757356802.700557,0.850763139740435,0.5180448223658829,-0.7102,0.0,0.0,0.37782160411364596,0.2599606671392592,-0.7101852757143802,0.7124653340294087,0.0033733082420430186,0.0,0.06647529985389711,0.0,0.0,0,0
1757356802.7368147,0.850763139195785,0.5180448217324982,-0.7103,0.0,0.0,0.37731581419927407,0.25997425267037794,-0.7102725893975879,0.7126691949321874,0.0027645394746476236,0.0,0.06670787954384426,0.0,0.0,0,0
1757356802.7664628,0.8507631377147079,0.5180448200104136,-0.7103,0.0,0.0,0.38063046260610056,0.25991164566998687,-0.7103247346651641,0.7115304923279512,7.68381577755134e-08,0.0,0.06640637394072998,0.0,0.0,0,0
1757356802.7998002,0.8507631397362545,0.5180448223531644,-0.7104,0.0,0.0,0.3812943257817597,0.25990153416360723,-0.7103961549669975,0.7113264198560388,0.0030073809589419636,0.0,0.0664599050266037,0.0,0.0,0,0
1757356802.8380175,0.8507631391477899,0.5180448216691438,-0.7105,0.0,0.0,0.37994318870076543,0.25993204851717444,-0.7104832440962003,0.7118034127349175,0.0026236537079224864,0.0,0.06683658330842725,0.0,0.0,0,0
1757356802.8669207,0.85076313765098,0.5180448199296139,-0.7106,0.0,0.0,0.3837079676162929,0.25985953915479465,-0.7105603174989851,0.7105816439359972,0.0034735149200453685,0.0,0.06643610986925187,0.0,0.0,0,0
1757356802.900526,0.8507631396389003,0.5180448222326713,-0.7107,0.0,0.0,0.38428137634486514,0.2598509603116862,-0.710651547216738,0.7104183099943556,0.0029815560703327824,0.0,0.06649920136103553,0.0,0.0,0,0
1757356802.933103,0.8507631390680025,0.5180448215694233,-0.7108,0.0,0.0,0.3854517848243488,0.2598302052724698,-0.7107441861464555,0.7100757974610923,0.0030767623715615543,0.0,0.06647150247640733,0.0,0.0,0,0
1757356802.9676342,0.8507631380305086,0.5180448203642876,-0.7108,0.0,0.0,0.38575475687475846,0.25982701689558085,-0.7108131165501889,0.7099994601937729,4.622044451281314e-08,0.0,0.06658439102858155,0.0,0.0,0,0
